{
	"credit": "Made with Blockbench",
	"texture_size": [20, 10],
	"textures": {
		"0": "end_staff",
		"1": "end_stone",
		"particle": "end_staff"
	},
	"elements": [
		{
			"from": [7.6, -2, 10],
			"to": [9.1, 16.75, 11.5],
			"faces": {
				"north": {"uv": [1.48837, 0, 2.97677, 16], "texture": "#0"},
				"east": {"uv": [0, 0, 1.48837, 16], "texture": "#0"},
				"south": {"uv": [4.46512, 0, 5.95352, 16], "texture": "#0"},
				"west": {"uv": [2.97674, 0, 4.46514, 16], "texture": "#0"},
				"up": {"uv": [5.95349, 0, 7.43721, 1.11163], "rotation": 90, "texture": "#0"},
				"down": {"uv": [5.95349, 1.11628, 7.43721, 2.1907], "rotation": 270, "texture": "#0"}
			}
		},
		{
			"from": [7.6, 16.75, 10],
			"to": [9.1, 17.5, 14.125],
			"rotation": {"angle": 0, "axis": "x", "origin": [0, -3, 0]},
			"faces": {
				"north": {"uv": [9.67442, 7.70233, 11.15814, 8.27674], "texture": "#0"},
				"east": {"uv": [7.44186, 0.55814, 11.5314, 1.09535], "texture": "#0"},
				"south": {"uv": [9.67442, 7.1814, 11.15814, 7.7186], "texture": "#0"},
				"west": {"uv": [7.44186, 0, 11.5314, 0.53721], "texture": "#0"},
				"up": {"uv": [9.67442, 3.31163, 11.12093, 7.1407], "rotation": 180, "texture": "#0"},
				"down": {"uv": [8.18605, 3.31163, 9.67093, 7.13953], "texture": "#0"}
			}
		},
		{
			"from": [7.6, 22.75, 10],
			"to": [9.1, 23.5, 14.125],
			"rotation": {"angle": 0, "axis": "y", "origin": [1.375, 15.75, 0.5]},
			"faces": {
				"north": {"uv": [9.67442, 7.70233, 11.15814, 8.27674], "rotation": 180, "texture": "#0"},
				"east": {"uv": [7.44186, 0, 11.5314, 0.53721], "rotation": 180, "texture": "#0"},
				"south": {"uv": [9.67442, 7.1814, 11.15814, 7.7186], "rotation": 180, "texture": "#0"},
				"west": {"uv": [7.44186, 0.55814, 11.5314, 1.09535], "rotation": 180, "texture": "#0"},
				"up": {"uv": [8.18605, 3.31163, 9.67093, 7.13953], "rotation": 180, "texture": "#0"},
				"down": {"uv": [9.67442, 3.31163, 11.12093, 7.1407], "texture": "#0"}
			}
		},
		{
			"from": [7.6, 17.5, 13.375],
			"to": [9.1, 22.75, 14.125],
			"rotation": {"angle": 0, "axis": "x", "origin": [0, -3, 0]},
			"faces": {
				"north": {"uv": [9.67442, 3.31163, 11.15814, 7.14651], "texture": "#0"},
				"east": {"uv": [11.16279, 7.1814, 11.88605, 11.01628], "texture": "#0"},
				"south": {"uv": [8.18605, 3.31163, 9.66977, 7.14651], "texture": "#0"},
				"west": {"uv": [11.16279, 3.31163, 11.88605, 7.14651], "texture": "#0"},
				"up": {"uv": [0, 0, 0.5, 1], "rotation": 90, "texture": "#missing"},
				"down": {"uv": [0, 0, 0.5, 1], "rotation": 270, "texture": "#missing"}
			}
		},
		{
			"from": [7.6, 23.5, 10],
			"to": [9.1, 24, 11.5],
			"rotation": {"angle": 0, "axis": "y", "origin": [0, -3, 0]},
			"faces": {
				"north": {"uv": [5.94419, 2.22326, 7.42791, 3.29767], "texture": "#0"},
				"east": {"uv": [10.41395, 2.22326, 11.89767, 3.29767], "texture": "#0"},
				"south": {"uv": [8.89302, 2.22326, 10.41395, 3.29767], "texture": "#0"},
				"west": {"uv": [7.42791, 2.22326, 8.94884, 3.29767], "texture": "#0"},
				"up": {"uv": [7.43256, 1.07442, 5.94884, 0], "rotation": 90, "texture": "#0"},
				"down": {"uv": [13.86512, 12.75814, 12.86512, 13.75814], "rotation": 270, "texture": "#0"}
			}
		},
		{
			"from": [5.75, 17.5, 8.2],
			"to": [11, 22.75, 13.45],
			"rotation": {"angle": 0, "axis": "y", "origin": [0, -3, 0]},
			"faces": {
				"north": {"uv": [4, 8, 8, 16], "texture": "#1"},
				"east": {"uv": [0, 8, 4, 16], "texture": "#1"},
				"south": {"uv": [12, 8, 16, 16], "texture": "#1"},
				"west": {"uv": [8, 8, 12, 16], "texture": "#1"},
				"up": {"uv": [8, 8, 4, 0], "texture": "#1"},
				"down": {"uv": [12, 0, 8, 8], "texture": "#1"}
			}
		}
	],
	"display": {}
}