{"texture_size":[64,64],"elements":[{"from":[0.64491,3.56537,5],"to":[5.64491,10.56537,11],"rotation":{"angle":22.5,"axis":"z","origin":[4.14491,6.56537,9]},"faces":{"north":{"uv":[4,6.75,5.25,8.5],"texture":"#0"},"east":{"uv":[4,5,5.5,6.75],"texture":"#0"},"south":{"uv":[5.25,6.75,6.5,8.5],"texture":"#0"},"west":{"uv":[5.5,5,7,6.75],"texture":"#0"},"up":{"uv":[4,8.5,2.75,7],"texture":"#0"},"down":{"uv":[9,1.5,7.75,3],"texture":"#0"}}},{"from":[10.35509,3.56537,5],"to":[15.35509,10.56537,11],"rotation":{"angle":-22.5,"axis":"z","origin":[11.85509,6.56537,9]},"faces":{"north":{"uv":[6.5,6.75,7.75,8.5],"texture":"#0"},"east":{"uv":[6.25,0,7.75,1.75],"texture":"#0"},"south":{"uv":[1.5,7,2.75,8.75],"texture":"#0"},"west":{"uv":[6.25,1.75,7.75,3.5],"texture":"#0"},"up":{"uv":[9,4.5,7.75,3],"texture":"#0"},"down":{"uv":[9,6.5,7.75,8],"texture":"#0"}}},{"from":[4,0,4],"to":[12,10,12],"rotation":{"angle":0,"axis":"y","origin":[8,1,8]},"faces":{"north":{"uv":[2.25,0,4.25,2.5],"texture":"#0"},"east":{"uv":[2.25,2.5,4.25,5],"texture":"#0"},"south":{"uv":[4.25,0,6.25,2.5],"texture":"#0"},"west":{"uv":[4.25,2.5,6.25,5],"texture":"#0"},"up":{"uv":[2,6.5,0,4.5],"texture":"#0"},"down":{"uv":[4,5,2,7],"texture":"#0"}}},{"from":[8.5,10,6.2],"to":[12.5,14,10.2],"rotation":{"angle":22.5,"axis":"y","origin":[10.5,11.25,7.4]},"faces":{"north":{"uv":[6.75,8.5,7.75,9.5],"texture":"#0"},"east":{"uv":[7.75,8.75,8.75,9.75],"texture":"#0"},"south":{"uv":[8.75,8.75,9.75,9.75],"texture":"#0"},"west":{"uv":[9,1.5,10,2.5],"texture":"#0"},"up":{"uv":[10,3.5,9,2.5],"texture":"#0"},"down":{"uv":[10,3.5,9,4.5],"texture":"#0"}}},{"from":[11.2,9.9,7.2],"to":[13.2,11.9,8.2],"rotation":{"angle":22.5,"axis":"x","origin":[10,19.5,5.9]},"faces":{"north":{"uv":[1.5,6.5,2,7],"texture":"#0"},"east":{"uv":[2,4.5,2.25,5],"texture":"#0"},"south":{"uv":[7.25,9.5,7.75,10],"texture":"#0"},"west":{"uv":[2,10,2.25,10.5],"texture":"#0"},"up":{"uv":[7.5,6.75,7,6.5],"texture":"#0"},"down":{"uv":[2.75,10,2.25,10.25],"texture":"#0"}}},{"from":[7.7,6.4,7.7],"to":[16.7,15.4,7.7],"rotation":{"angle":22.5,"axis":"x","origin":[10,19.5,5.9]},"faces":{"north":{"uv":[0,0,2.25,2.25],"texture":"#0"},"east":{"uv":[0,0,0,2.25],"texture":"#0"},"south":{"uv":[0,2.25,2.25,4.5],"texture":"#0"},"west":{"uv":[0,0,0,2.25],"texture":"#0"},"up":{"uv":[2.25,0,0,0],"texture":"#0"},"down":{"uv":[2.25,0,0,0],"texture":"#0"}}},{"from":[7.5,10,5.2],"to":[13.5,11,11.2],"rotation":{"angle":22.5,"axis":"y","origin":[10.5,11.25,7.4]},"faces":{"north":{"uv":[9.75,4.5,11.25,4.75],"texture":"#0"},"east":{"uv":[9.75,4.75,11.25,5],"texture":"#0"},"south":{"uv":[9.75,5,11.25,5.25],"texture":"#0"},"west":{"uv":[9.75,5.25,11.25,5.5],"texture":"#0"},"up":{"uv":[7.75,5,6.25,3.5],"texture":"#0"},"down":{"uv":[1.5,6.5,0,8],"texture":"#0"}}},{"from":[4,-2.07758,3.06445],"to":[12,0.92242,6.06445],"rotation":{"angle":22.5,"axis":"x","origin":[8,0.86502,4.17587]},"faces":{"north":{"uv":[7.75,8,9.75,8.75],"texture":"#0"},"east":{"uv":[0,9.5,0.75,10.25],"texture":"#0"},"south":{"uv":[2.75,8.5,4.75,9.25],"texture":"#0"},"west":{"uv":[0.75,9.5,1.5,10.25],"texture":"#0"},"up":{"uv":[6.75,9.25,4.75,8.5],"texture":"#0"},"down":{"uv":[2,8.75,0,9.5],"texture":"#0"}}},{"from":[2.5,0.84651,2.86892],"to":[13.5,3.84651,5.86892],"rotation":{"angle":0,"axis":"x","origin":[8,0.86502,4.17587]},"faces":{"north":{"uv":[7,5,9.75,5.75],"texture":"#0"},"east":{"uv":[5,9.25,5.75,10],"texture":"#0"},"south":{"uv":[7,5.75,9.75,6.5],"texture":"#0"},"west":{"uv":[5.75,9.25,6.5,10],"texture":"#0"},"up":{"uv":[10.5,0.75,7.75,0],"texture":"#0"},"down":{"uv":[10.5,0.75,7.75,1.5],"texture":"#0"}}},{"from":[6,3,2],"to":[10,6,4],"rotation":{"angle":0,"axis":"y","origin":[8,1,8]},"faces":{"north":{"uv":[0,8,1,8.75],"texture":"#0"},"east":{"uv":[1,8,1.5,8.75],"texture":"#0"},"south":{"uv":[9,6.5,10,7.25],"texture":"#0"},"west":{"uv":[1.5,9.5,2,10.25],"texture":"#0"},"up":{"uv":[8.75,5,7.75,4.5],"texture":"#0"},"down":{"uv":[9.75,4.5,8.75,5],"texture":"#0"}}}],"gui_light":"front","display":{"thirdperson_righthand":{"rotation":[0,42,0],"translation":[0,2,0],"scale":[0.8,0.8,0.8]},"thirdperson_lefthand":{"rotation":[0,42,0],"translation":[0,2,0],"scale":[0.8,0.8,0.8]},"firstperson_righthand":{"rotation":[0,37,0],"translation":[1,1.25,0],"scale":[0.8,0.8,0.8]},"firstperson_lefthand":{"rotation":[0,37,0],"translation":[1,1.25,0],"scale":[0.8,0.8,0.8]},"ground":{"rotation":[34,30,0],"translation":[0,3,0],"scale":[0.7,0.7,0.7]},"gui":{"rotation":[22.5,135,0],"translation":[0,1.75,0],"scale":[0.8,0.8,0.8]},"head":{"translation":[0,6.25,0],"scale":[1.84,1.84,1.84]},"fixed":{"translation":[0,3.25,1.5]}}}