{"texture_size":[64,64],"textures":{"0":"civilization:item/wearable/elite_warrior_helmet/1","particle":"civilization:item/wearable/elite_warrior_helmet/1"},"elements":[{"from":[3,5.61358,1.67152],"to":[13,9.61358,12.67152],"rotation":{"angle":0,"axis":"y","origin":[8,4.22426,8.80709]},"faces":{"north":{"uv":[0,2.75,2.5,3.75],"texture":"#0"},"east":{"uv":[0,3.75,2.75,4.75],"texture":"#0"},"south":{"uv":[2.5,2.75,5,3.75],"texture":"#0"},"west":{"uv":[2.75,3.75,0,4.75],"texture":"#0"},"up":{"uv":[2.5,2.75,0,0],"texture":"#0"},"down":{"uv":[5,0,2.5,2.75],"texture":"#0"}}},{"from":[13.65,5.51635,7.6827],"to":[13.65,9.51635,13.6827],"rotation":{"angle":22.5,"axis":"y","origin":[12.25,5.76635,9.1827]},"faces":{"north":{"uv":[7.25,2.75,7.25,3.75],"texture":"#0"},"east":{"uv":[7.25,2.75,8.5,3.75],"texture":"#0"},"south":{"uv":[7.25,2.75,7.25,3.75],"texture":"#0"},"west":{"uv":[8.5,2.75,7.25,3.75],"texture":"#0"},"up":{"uv":[7.25,4,7.25,2.75],"texture":"#0"},"down":{"uv":[7.25,2.75,7.25,4],"texture":"#0"}}},{"from":[2.35,5.51635,7.6827],"to":[2.35,9.51635,13.6827],"rotation":{"angle":-22.5,"axis":"y","origin":[3.75,5.76635,9.1827]},"faces":{"north":{"uv":[7.25,2.75,7.25,3.75],"texture":"#0"},"east":{"uv":[7.25,2.75,8.5,3.75],"texture":"#0"},"south":{"uv":[7.25,2.75,7.25,3.75],"texture":"#0"},"west":{"uv":[8.5,2.75,7.25,3.75],"texture":"#0"},"up":{"uv":[7.25,4,7.25,2.75],"texture":"#0"},"down":{"uv":[7.25,2.75,7.25,4],"texture":"#0"}}},{"from":[3.25,2.5,8],"to":[12.75,7.5,13],"rotation":{"angle":-22.5,"axis":"x","origin":[8,4.22426,8.80709]},"faces":{"north":{"uv":[2.25,11.75,4.5,13],"texture":"#0"},"east":{"uv":[0,9.25,1.25,11.25],"texture":"#0"},"south":{"uv":[0,12,2.25,13.25],"texture":"#0"},"west":{"uv":[1.25,9.25,0,11.25],"texture":"#0"},"up":{"uv":[3.5,10,1.25,8.75],"texture":"#0"},"down":{"uv":[3.5,10,1.25,11.25],"texture":"#0"}}}],"gui_light":"front","display":{"thirdperson_righthand":{"rotation":[68,10,0],"translation":[0,2.5,0.5],"scale":[0.68,0.68,0.68]},"thirdperson_lefthand":{"rotation":[68,10,0],"translation":[0,2.5,0.5],"scale":[0.68,0.68,0.68]},"firstperson_righthand":{"rotation":[0,10,0],"translation":[0.5,3.5,0],"scale":[0.55,0.55,0.55]},"firstperson_lefthand":{"rotation":[0,10,0],"translation":[0.5,3.5,0],"scale":[0.55,0.55,0.55]},"ground":{"translation":[0,3,0],"scale":[0.6,0.6,0.6]},"gui":{"rotation":[22.5,135,0],"translation":[0,1.5,0],"scale":[0.8,0.8,0.8]},"head":{"rotation":[3.75,0,0],"translation":[0,5.25,1.25],"scale":[1.6,1.6,1.6]},"fixed":{"rotation":[-90,-90,0],"translation":[0,0,-8],"scale":[2,2,2]}}}