{"texture_size":[64,64],"textures":{"0":"civilization:item/wearable/elite_warrior_helmet/2","particle":"civilization:item/wearable/elite_warrior_helmet/2"},"elements":[{"from":[3,5.61358,1.67152],"to":[13,9.61358,12.67152],"rotation":{"angle":0,"axis":"y","origin":[8,4.22426,8.80709]},"faces":{"north":{"uv":[0,2.75,2.5,3.75],"texture":"#0"},"east":{"uv":[0,3.75,2.75,4.75],"texture":"#0"},"south":{"uv":[2.5,2.75,5,3.75],"texture":"#0"},"west":{"uv":[2.75,3.75,0,4.75],"texture":"#0"},"up":{"uv":[2.5,2.75,0,0],"texture":"#0"},"down":{"uv":[5,0,2.5,2.75],"texture":"#0"}}},{"from":[3.25,-0.5,8],"to":[12.75,7.5,13],"rotation":{"angle":-22.5,"axis":"x","origin":[8,4.22426,8.80709]},"faces":{"north":{"uv":[2.25,11.25,4.5,13.25],"texture":"#0"},"east":{"uv":[0,9.25,1.25,11.25],"texture":"#0"},"south":{"uv":[0,11.25,2.25,13.25],"texture":"#0"},"west":{"uv":[1.25,9.25,0,11.25],"texture":"#0"},"up":{"uv":[3.5,10,1.25,8.75],"texture":"#0"},"down":{"uv":[3.5,10,1.25,11.25],"texture":"#0"}}},{"from":[6.5,4.30754,3.13607],"to":[9.5,12.30754,13.13607],"rotation":{"angle":22.5,"axis":"x","origin":[8,7.80754,8.13607]},"faces":{"north":{"uv":[10,0,10.75,2],"texture":"#0"},"east":{"uv":[5.25,0,7.75,2],"texture":"#0"},"south":{"uv":[9.25,0,10,2],"texture":"#0"},"west":{"uv":[7.75,0,5.25,2],"texture":"#0"},"up":{"uv":[8.5,2.5,7.75,0],"texture":"#0"},"down":{"uv":[9.25,0,8.5,2.5],"texture":"#0"}}},{"from":[2.35,4.51635,7.6827],"to":[2.35,10.51635,15.6827],"rotation":{"angle":-22.5,"axis":"y","origin":[3.75,5.76635,9.1827]},"faces":{"north":{"uv":[7.25,2.75,7.25,4.25],"texture":"#0"},"east":{"uv":[7.25,2.75,9.25,4.25],"texture":"#0"},"south":{"uv":[7.25,2.75,7.25,4.25],"texture":"#0"},"west":{"uv":[9.25,2.75,7.25,4.25],"texture":"#0"},"up":{"uv":[7.25,4.75,7.25,2.75],"texture":"#0"},"down":{"uv":[7.25,2.75,7.25,4.75],"texture":"#0"}}},{"from":[13.65,4.51635,7.6827],"to":[13.65,10.51635,15.6827],"rotation":{"angle":22.5,"axis":"y","origin":[12.25,5.76635,9.1827]},"faces":{"north":{"uv":[7.25,2.75,7.25,4.25],"texture":"#0"},"east":{"uv":[7.25,2.75,9.25,4.25],"texture":"#0"},"south":{"uv":[7.25,2.75,7.25,4.25],"texture":"#0"},"west":{"uv":[9.25,2.75,7.25,4.25],"texture":"#0"},"up":{"uv":[7.25,4.75,7.25,2.75],"texture":"#0"},"down":{"uv":[7.25,2.75,7.25,4.75],"texture":"#0"}}}],"gui_light":"front","display":{"thirdperson_righthand":{"rotation":[68,10,0],"translation":[0,2.5,0.5],"scale":[0.68,0.68,0.68]},"thirdperson_lefthand":{"rotation":[68,10,0],"translation":[0,2.5,0.5],"scale":[0.68,0.68,0.68]},"firstperson_righthand":{"rotation":[0,10,0],"translation":[0.5,3.5,0],"scale":[0.55,0.55,0.55]},"firstperson_lefthand":{"rotation":[0,10,0],"translation":[0.5,3.5,0],"scale":[0.55,0.55,0.55]},"ground":{"rotation":[3.75,0,0],"translation":[0,3,0],"scale":[0.6,0.6,0.6]},"gui":{"rotation":[22.5,135,0],"translation":[-1,1.5,0],"scale":[0.75,0.75,0.75]},"head":{"rotation":[3.75,0,0],"translation":[0,5.25,1.25],"scale":[1.6,1.6,1.6]},"fixed":{"rotation":[-90,-90,0],"translation":[0,0,-13],"scale":[2,2,2]}}}