{"texture_size":[128,128],"elements":[{"from":[6,1,1],"to":[10,5,8],"rotation":{"angle":45,"axis":"z","origin":[8,3,1]},"faces":{"north":{"uv":[5,6.25,5.5,6.75],"texture":"#0"},"east":{"uv":[3.25,4.125,4.125,4.625],"texture":"#0"},"south":{"uv":[0,6.375,0.5,6.875],"texture":"#0"},"west":{"uv":[4.25,4.125,5.125,4.625],"texture":"#0"},"up":{"uv":[2.25,5.125,1.75,4.25],"texture":"#0"},"down":{"uv":[0.5,4.625,0,5.5],"texture":"#0"}}},{"from":[2,0,2],"to":[14,3,14],"faces":{"north":{"uv":[3.625,1.125,5.125,1.5],"texture":"#0"},"east":{"uv":[3.625,1.625,5.125,2],"texture":"#0"},"south":{"uv":[3.625,2.125,5.125,2.5],"texture":"#0"},"west":{"uv":[3.625,2.625,5.125,3],"texture":"#0"},"up":{"uv":[1.5,1.5,0,0],"texture":"#0"},"down":{"uv":[1.5,1.625,0,3.125],"texture":"#0"}}},{"from":[14.5,-0.5,1.5],"to":[14.5,1.5,14.5],"faces":{"north":{"uv":[2.5,3.375,2.5,3.625],"texture":"#0"},"east":{"uv":[2.375,4.75,4,5],"texture":"#0"},"south":{"uv":[2.625,3.375,2.625,3.625],"texture":"#0"},"west":{"uv":[4.125,4.75,5.75,5],"texture":"#0"},"up":{"uv":[0.5,8.625,0.5,7],"texture":"#0"},"down":{"uv":[4.75,7,4.75,8.625],"texture":"#0"}}},{"from":[1.5,-0.5,1.5],"to":[1.5,1.5,14.5],"faces":{"north":{"uv":[2.375,4.25,2.375,4.5],"texture":"#0"},"east":{"uv":[2.375,5.125,4,5.375],"texture":"#0"},"south":{"uv":[5.625,6.25,5.625,6.5],"texture":"#0"},"west":{"uv":[4.125,5.125,5.75,5.375],"texture":"#0"},"up":{"uv":[4.875,8.625,4.875,7],"texture":"#0"},"down":{"uv":[2.625,7.375,2.625,9],"texture":"#0"}}},{"from":[1.5,-0.5,1.5],"to":[14.5,1.5,1.5],"faces":{"north":{"uv":[0.625,5.25,2.25,5.5],"texture":"#0"},"east":{"uv":[5.75,6.25,5.75,6.5],"texture":"#0"},"south":{"uv":[5.25,1,6.875,1.25],"texture":"#0"},"west":{"uv":[5.875,6.25,5.875,6.5],"texture":"#0"},"up":{"uv":[8.875,5.25,7.25,5.25],"texture":"#0"},"down":{"uv":[4.375,7.375,2.75,7.375],"texture":"#0"}}},{"from":[1.5,-0.5,14.5],"to":[14.5,1.5,14.5],"faces":{"north":{"uv":[5.25,1.375,6.875,1.625],"texture":"#0"},"east":{"uv":[1.75,6.375,1.75,6.625],"texture":"#0"},"south":{"uv":[5.25,1.75,6.875,2],"texture":"#0"},"west":{"uv":[4.5,7.375,4.5,7.625],"texture":"#0"},"up":{"uv":[6.625,7.375,5,7.375],"texture":"#0"},"down":{"uv":[9,7.25,7.375,7.25],"texture":"#0"}}},{"from":[3,2,3],"to":[3,7,7],"rotation":{"angle":22.5,"axis":"z","origin":[3,3,4]},"faces":{"north":{"uv":[4.625,7.375,4.625,8],"texture":"#0"},"east":{"uv":[4.125,5.5,4.625,6.125],"texture":"#0"},"south":{"uv":[6.75,7.375,6.75,8],"texture":"#0"},"west":{"uv":[4.75,5.5,5.25,6.125],"texture":"#0"},"up":{"uv":[7.375,7.875,7.375,7.375],"texture":"#0"},"down":{"uv":[0,7.5,0,8],"texture":"#0"}}},{"from":[3,2,3],"to":[7,7,3],"rotation":{"angle":22.5,"axis":"z","origin":[3,3,4]},"faces":{"north":{"uv":[5.375,5.5,5.875,6.125],"texture":"#0"},"east":{"uv":[0.125,7.5,0.125,8.125],"texture":"#0"},"south":{"uv":[0,5.625,0.5,6.25],"texture":"#0"},"west":{"uv":[0.25,7.5,0.25,8.125],"texture":"#0"},"up":{"uv":[1.375,3.25,0.875,3.25],"texture":"#0"},"down":{"uv":[4.375,1,3.875,1],"texture":"#0"}}},{"from":[3,1.25,9],"to":[3,6.25,13],"rotation":{"angle":22.5,"axis":"z","origin":[3,3,12]},"faces":{"north":{"uv":[0.375,7.5,0.375,8.125],"texture":"#0"},"east":{"uv":[0.625,5.625,1.125,6.25],"texture":"#0"},"south":{"uv":[0.625,7.5,0.625,8.125],"texture":"#0"},"west":{"uv":[1.25,5.625,1.75,6.25],"texture":"#0"},"up":{"uv":[0.75,8,0.75,7.5],"texture":"#0"},"down":{"uv":[0.875,7.5,0.875,8],"texture":"#0"}}},{"from":[3,1.25,13],"to":[7,6.25,13],"rotation":{"angle":22.5,"axis":"z","origin":[3,3,12]},"faces":{"north":{"uv":[5.875,4.625,6.375,5.25],"texture":"#0"},"east":{"uv":[1,7.5,1,8.125],"texture":"#0"},"south":{"uv":[6,2.125,6.5,2.75],"texture":"#0"},"west":{"uv":[1.125,7.5,1.125,8.125],"texture":"#0"},"up":{"uv":[5,1,4.5,1],"texture":"#0"},"down":{"uv":[5.75,4.625,5.25,4.625],"texture":"#0"}}},{"from":[13,1.25,9],"to":[13,6.25,13],"rotation":{"angle":-22.5,"axis":"z","origin":[13,3,12]},"faces":{"north":{"uv":[1.25,7.5,1.25,8.125],"texture":"#0"},"east":{"uv":[6,2.875,6.5,3.5],"texture":"#0"},"south":{"uv":[1.375,7.5,1.375,8.125],"texture":"#0"},"west":{"uv":[6,5.375,6.5,6],"texture":"#0"},"up":{"uv":[1.5,8,1.5,7.5],"texture":"#0"},"down":{"uv":[2.75,7.5,2.75,8],"texture":"#0"}}},{"from":[9,1.25,13],"to":[13,6.25,13],"rotation":{"angle":-22.5,"axis":"z","origin":[13,3,12]},"faces":{"north":{"uv":[1.875,6.125,2.375,6.75],"texture":"#0"},"east":{"uv":[2.875,7.5,2.875,8.125],"texture":"#0"},"south":{"uv":[2.5,6.125,3,6.75],"texture":"#0"},"west":{"uv":[3,7.5,3,8.125],"texture":"#0"},"up":{"uv":[6,0.875,5.5,0.875],"texture":"#0"},"down":{"uv":[3.625,7.5,3.125,7.5],"texture":"#0"}}},{"from":[13,2,3],"to":[13,7,7],"rotation":{"angle":-22.5,"axis":"z","origin":[13,3,4]},"faces":{"north":{"uv":[7.5,3.625,7.5,4.25],"texture":"#0"},"east":{"uv":[3.125,6.125,3.625,6.75],"texture":"#0"},"south":{"uv":[3.75,7.5,3.75,8.125],"texture":"#0"},"west":{"uv":[6,6.125,6.5,6.75],"texture":"#0"},"up":{"uv":[3.875,8,3.875,7.5],"texture":"#0"},"down":{"uv":[4,7.5,4,8],"texture":"#0"}}},{"from":[9,2,3],"to":[13,7,3],"rotation":{"angle":-22.5,"axis":"z","origin":[13,3,4]},"faces":{"north":{"uv":[3.75,6.25,4.25,6.875],"texture":"#0"},"east":{"uv":[4.125,7.5,4.125,8.125],"texture":"#0"},"south":{"uv":[4.375,6.25,4.875,6.875],"texture":"#0"},"west":{"uv":[4.25,7.5,4.25,8.125],"texture":"#0"},"up":{"uv":[5.5,7.5,5,7.5],"texture":"#0"},"down":{"uv":[6.125,7.5,5.625,7.5],"texture":"#0"}}},{"from":[4,5,4],"to":[12,7,12],"rotation":{"angle":0,"axis":"y","origin":[8,6.5,8]},"faces":{"north":{"uv":[5.5,0.5,6.5,0.75],"texture":"#0"},"east":{"uv":[0.625,6.375,1.625,6.625],"texture":"#0"},"south":{"uv":[6.375,3.625,7.375,3.875],"texture":"#0"},"west":{"uv":[6.375,4,7.375,4.25],"texture":"#0"},"up":{"uv":[2.625,1,1.625,0],"texture":"#0"},"down":{"uv":[2.625,1.125,1.625,2.125],"texture":"#0"}}},{"from":[4,7,4],"to":[12,8,4],"rotation":{"angle":0,"axis":"y","origin":[8,6.5,8]},"faces":{"north":{"uv":[7.25,4.375,8.25,4.5],"texture":"#0"},"east":{"uv":[3.25,3.875,3.25,4],"texture":"#0"},"south":{"uv":[7.25,4.625,8.25,4.75],"texture":"#0"},"west":{"uv":[3.375,3.875,3.375,4],"texture":"#0"},"up":{"uv":[8.5,7.375,7.5,7.375],"texture":"#0"},"down":{"uv":[8.5,7.5,7.5,7.5],"texture":"#0"}}},{"from":[12,7,4],"to":[12,8,7],"rotation":{"angle":0,"axis":"y","origin":[8,6.5,8]},"faces":{"north":{"uv":[3.5,3.875,3.5,4],"texture":"#0"},"east":{"uv":[7.375,0,7.75,0.125],"texture":"#0"},"south":{"uv":[6.375,4.375,6.375,4.5],"texture":"#0"},"west":{"uv":[7.375,0.25,7.75,0.375],"texture":"#0"},"up":{"uv":[4.375,7.875,4.375,7.5],"texture":"#0"},"down":{"uv":[6.25,7.5,6.25,7.875],"texture":"#0"}}},{"from":[4,7,4],"to":[4,8,7],"rotation":{"angle":0,"axis":"y","origin":[8,6.5,8]},"faces":{"north":{"uv":[5.625,6.625,5.625,6.75],"texture":"#0"},"east":{"uv":[7.375,0.5,7.75,0.625],"texture":"#0"},"south":{"uv":[5.75,6.625,5.75,6.75],"texture":"#0"},"west":{"uv":[7.375,0.75,7.75,0.875],"texture":"#0"},"up":{"uv":[6.375,7.875,6.375,7.5],"texture":"#0"},"down":{"uv":[6.5,7.5,6.5,7.875],"texture":"#0"}}},{"from":[6.5,6,6],"to":[9.5,9,9],"rotation":{"angle":0,"axis":"y","origin":[8,7.5,7.5]},"faces":{"north":{"uv":[1.875,5.625,2.25,6],"texture":"#0"},"east":{"uv":[0,7,0.375,7.375],"texture":"#0"},"south":{"uv":[7.125,2.125,7.5,2.5],"texture":"#0"},"west":{"uv":[7.125,2.625,7.5,3],"texture":"#0"},"up":{"uv":[7.5,3.5,7.125,3.125],"texture":"#0"},"down":{"uv":[7.5,5.375,7.125,5.75],"texture":"#0"}}},{"from":[5.5,3,5.5],"to":[10.5,5,10.5],"rotation":{"angle":-45,"axis":"y","origin":[8,4.5,8]},"faces":{"north":{"uv":[6.875,6.875,7.5,7.125],"texture":"#0"},"east":{"uv":[7,1,7.625,1.25],"texture":"#0"},"south":{"uv":[7,1.375,7.625,1.625],"texture":"#0"},"west":{"uv":[7,1.75,7.625,2],"texture":"#0"},"up":{"uv":[5.875,2.75,5.25,2.125],"texture":"#0"},"down":{"uv":[5.875,2.875,5.25,3.5],"texture":"#0"}}},{"from":[4,7,4],"to":[12,10,12],"rotation":{"angle":22.5,"axis":"x","origin":[8,7,12]},"faces":{"north":{"uv":[0.625,4.75,1.625,5.125],"texture":"#0"},"east":{"uv":[5.25,3.625,6.25,4],"texture":"#0"},"south":{"uv":[5.25,4.125,6.25,4.5],"texture":"#0"},"west":{"uv":[5.5,0,6.5,0.375],"texture":"#0"},"up":{"uv":[2.625,3.25,1.625,2.25],"texture":"#0"},"down":{"uv":[3.75,0,2.75,1],"texture":"#0"}}},{"from":[9,8,5],"to":[13,11,8],"rotation":{"angle":22.5,"axis":"x","origin":[8,7,12]},"faces":{"north":{"uv":[2.625,6.875,3.125,7.25],"texture":"#0"},"east":{"uv":[7.125,5.875,7.5,6.25],"texture":"#0"},"south":{"uv":[5,6.875,5.5,7.25],"texture":"#0"},"west":{"uv":[7.125,6.375,7.5,6.75],"texture":"#0"},"up":{"uv":[6.125,7.25,5.625,6.875],"texture":"#0"},"down":{"uv":[6.75,6.875,6.25,7.25],"texture":"#0"}}},{"from":[3,9,10],"to":[8,11,13],"rotation":{"angle":22.5,"axis":"x","origin":[8,7,12]},"faces":{"north":{"uv":[3.25,7,3.875,7.25],"texture":"#0"},"east":{"uv":[7.25,4.875,7.625,5.125],"texture":"#0"},"south":{"uv":[4,7,4.625,7.25],"texture":"#0"},"west":{"uv":[6.875,7.25,7.25,7.5],"texture":"#0"},"up":{"uv":[7.125,4.75,6.5,4.375],"texture":"#0"},"down":{"uv":[7.125,4.875,6.5,5.25],"texture":"#0"}}},{"from":[0,10,11],"to":[6,14,11],"rotation":{"angle":22.5,"axis":"x","origin":[8,7,12]},"faces":{"north":{"uv":[2.375,5.5,3.125,6],"texture":"#0"},"east":{"uv":[6.625,7.5,6.625,8],"texture":"#0"},"south":{"uv":[3.25,5.5,4,6],"texture":"#0"},"west":{"uv":[1.625,7.625,1.625,8.125],"texture":"#0"},"up":{"uv":[2.5,7.625,1.75,7.625],"texture":"#0"},"down":{"uv":[8.375,2.125,7.625,2.125],"texture":"#0"}}},{"from":[2,9,6],"to":[7,12,6],"rotation":{"angle":22.5,"axis":"x","origin":[8,7,12]},"faces":{"north":{"uv":[6.625,0,7.25,0.375],"texture":"#0"},"east":{"uv":[7.625,2.25,7.625,2.625],"texture":"#0"},"south":{"uv":[6.625,0.5,7.25,0.875],"texture":"#0"},"west":{"uv":[7.625,2.75,7.625,3.125],"texture":"#0"},"up":{"uv":[8.25,3.25,7.625,3.25],"texture":"#0"},"down":{"uv":[8.25,3.375,7.625,3.375],"texture":"#0"}}},{"from":[9,9,11],"to":[14,12,11],"rotation":{"angle":22.5,"axis":"x","origin":[8,7,12]},"faces":{"north":{"uv":[7.25,0,6.625,0.375],"texture":"#0"},"east":{"uv":[7.625,2.75,7.625,3.125],"texture":"#0"},"south":{"uv":[7.25,0.5,6.625,0.875],"texture":"#0"},"west":{"uv":[7.625,2.25,7.625,2.625],"texture":"#0"},"up":{"uv":[7.625,3.25,8.25,3.25],"texture":"#0"},"down":{"uv":[7.625,3.375,8.25,3.375],"texture":"#0"}}},{"from":[10,9,7],"to":[15,15,7],"rotation":{"angle":22.5,"axis":"x","origin":[8,7,12]},"faces":{"north":{"uv":[1.75,3.375,2.375,4.125],"texture":"#0"},"east":{"uv":[3.125,7.625,3.125,8.375],"texture":"#0"},"south":{"uv":[2.5,3.875,3.125,4.625],"texture":"#0"},"west":{"uv":[3.25,7.625,3.25,8.375],"texture":"#0"},"up":{"uv":[8.25,3.5,7.625,3.5],"texture":"#0"},"down":{"uv":[8.25,3.625,7.625,3.625],"texture":"#0"}}},{"from":[2,3,2],"to":[2,6,14],"rotation":{"angle":22.5,"axis":"z","origin":[2,3,3]},"faces":{"north":{"uv":[3.375,7.625,3.375,8],"texture":"#0"},"east":{"uv":[3.625,3.125,5.125,3.5],"texture":"#0"},"south":{"uv":[3.5,7.625,3.5,8],"texture":"#0"},"west":{"uv":[3.625,3.625,5.125,4],"texture":"#0"},"up":{"uv":[3.625,9.125,3.625,7.625],"texture":"#0"},"down":{"uv":[5,7.625,5,9.125],"texture":"#0"}}},{"from":[-4,0,8],"to":[2,10,8],"rotation":{"angle":22.5,"axis":"z","origin":[2,3,3]},"faces":{"north":{"uv":[2.75,1.125,3.5,2.375],"texture":"#0"},"east":{"uv":[5.125,7.625,5.125,8.875],"texture":"#0"},"south":{"uv":[2.75,2.5,3.5,3.75],"texture":"#0"},"west":{"uv":[5.25,7.625,5.25,8.875],"texture":"#0"},"up":{"uv":[8.375,3.75,7.625,3.75],"texture":"#0"},"down":{"uv":[8.375,3.875,7.625,3.875],"texture":"#0"}}},{"from":[2,1,2.02],"to":[5,6,2.02],"rotation":{"angle":22.5,"axis":"z","origin":[2,3,3]},"faces":{"north":{"uv":[6.625,2.125,7,2.75],"texture":"#0"},"east":{"uv":[5.375,7.625,5.375,8.25],"texture":"#0"},"south":{"uv":[6.625,2.875,7,3.5],"texture":"#0"},"west":{"uv":[7.625,5.375,7.625,6],"texture":"#0"},"up":{"uv":[6.5,0.875,6.125,0.875],"texture":"#0"},"down":{"uv":[3.625,6.875,3.25,6.875],"texture":"#0"}}},{"from":[2,1,13.98],"to":[5,6,13.98],"rotation":{"angle":22.5,"axis":"z","origin":[2,3,3]},"faces":{"north":{"uv":[6.625,5.375,7,6],"texture":"#0"},"east":{"uv":[5.5,7.625,5.5,8.25],"texture":"#0"},"south":{"uv":[6.625,6.125,7,6.75],"texture":"#0"},"west":{"uv":[5.625,7.625,5.625,8.25],"texture":"#0"},"up":{"uv":[8,4,7.625,4],"texture":"#0"},"down":{"uv":[8,4.125,7.625,4.125],"texture":"#0"}}},{"from":[14,3,2],"to":[14,6,14],"rotation":{"angle":-22.5,"axis":"z","origin":[14,3,8]},"faces":{"north":{"uv":[5.75,7.625,5.75,8],"texture":"#0"},"east":{"uv":[3.875,0,5.375,0.375],"texture":"#0"},"south":{"uv":[5.875,7.625,5.875,8],"texture":"#0"},"west":{"uv":[3.875,0.5,5.375,0.875],"texture":"#0"},"up":{"uv":[6,9.125,6,7.625],"texture":"#0"},"down":{"uv":[6.125,7.625,6.125,9.125],"texture":"#0"}}},{"from":[14,0,8],"to":[20,10,8],"rotation":{"angle":-22.5,"axis":"z","origin":[14,3,8]},"faces":{"north":{"uv":[0,3.25,0.75,4.5],"texture":"#0"},"east":{"uv":[6.875,7.625,6.875,8.875],"texture":"#0"},"south":{"uv":[0.875,3.375,1.625,4.625],"texture":"#0"},"west":{"uv":[7,7.625,7,8.875],"texture":"#0"},"up":{"uv":[8.375,4.25,7.625,4.25],"texture":"#0"},"down":{"uv":[8.375,6.125,7.625,6.125],"texture":"#0"}}},{"from":[11,1,13.98],"to":[14,6,13.98],"rotation":{"angle":-22.5,"axis":"z","origin":[14,3,8]},"faces":{"north":{"uv":[0.625,6.75,1,7.375],"texture":"#0"},"east":{"uv":[7.625,6.25,7.625,6.875],"texture":"#0"},"south":{"uv":[1.125,6.75,1.5,7.375],"texture":"#0"},"west":{"uv":[7.125,7.625,7.125,8.25],"texture":"#0"},"up":{"uv":[8,7,7.625,7],"texture":"#0"},"down":{"uv":[8,7.125,7.625,7.125],"texture":"#0"}}},{"from":[11,1,2.02],"to":[14,6,2.02],"rotation":{"angle":-22.5,"axis":"z","origin":[14,3,8]},"faces":{"north":{"uv":[1.625,6.875,2,7.5],"texture":"#0"},"east":{"uv":[7.25,7.625,7.25,8.25],"texture":"#0"},"south":{"uv":[2.125,6.875,2.5,7.5],"texture":"#0"},"west":{"uv":[7.5,7.625,7.5,8.25],"texture":"#0"},"up":{"uv":[8,7.625,7.625,7.625],"texture":"#0"},"down":{"uv":[8.125,1,7.75,1],"texture":"#0"}}}],"display":{"thirdperson_righthand":{"rotation":[55,20,0],"translation":[0,2,0],"scale":[0.6,0.6,0.6]},"thirdperson_lefthand":{"rotation":[55,20,0],"translation":[0,2,0],"scale":[0.6,0.6,0.6]},"firstperson_righthand":{"translation":[1,4,0],"scale":[0.35,0.35,0.35]},"firstperson_lefthand":{"translation":[1,4,0],"scale":[0.35,0.35,0.35]},"ground":{"translation":[0,3,0],"scale":[0.55,0.55,0.55]},"gui":{"rotation":[22.5,135,0],"translation":[0,0.5,0],"scale":[0.65,0.65,0.65]},"head":{"rotation":[10,0,0],"translation":[0,14.75,2],"scale":[1.45703,1.45703,1.45703]},"fixed":{"rotation":[-90,0,0],"translation":[0,1.75,-11.75],"scale":[1.4,1.4,1.4]}}}