{
    "providers": [
        {
            "type": "bitmap",
            "file": "minecraft:font/1.png",
            "ascent": 8,
            "height": 10,
            "chars": ["煤"]
        },
        {
            "type": "bitmap",
            "file": "minecraft:font/2.png",
            "ascent": 8,
            "height": 10,
            "chars": ["銅"]
        },
		{
            "type": "bitmap",
            "file": "minecraft:font/7.png",
            "ascent": 8,
            "height": 10,
            "chars": ["ɸ"]
        },
        {
            "type": "bitmap",
            "file": "minecraft:font/3.png",
            "ascent": 8,
            "height": 10,
            "chars": ["鐵"]
        },
        {
            "type": "bitmap",
            "file": "minecraft:font/4.png",
            "ascent": 8,
            "height": 10,
            "chars": ["金"]
        },
		{
            "type": "bitmap",
            "file": "minecraft:font/6.png",
            "ascent": 8,
            "height": 10,
            "chars": ["Ͽ"]
        },
		{
            "type": "bitmap",
            "file": "minecraft:font/8.png",
            "ascent": 8,
            "height": 10,
            "chars": ["╦"]
        },
        {
            "type": "bitmap",
            "file": "minecraft:font/5.png",
            "ascent": 40,
            "height": 100,
            "chars": ["Ǭ"]
        }
    ]
}