{
	"texture_size": [64, 64],
	"textures": {
		"0": "./gas_mask",
		"particle": "./gas_mask"
	},
	"elements": [
		{
			"from": [6, -2, 2],
			"to": [10, 2, 4],
			"faces": {
				"north": {"uv": [4, 4.25, 5, 5.25], "texture": "#0"},
				"east": {"uv": [1.75, 6.75, 2.25, 7.75], "texture": "#0"},
				"south": {"uv": [2, 4.75, 3, 5.75], "texture": "#0"},
				"west": {"uv": [6.75, 1.75, 7.25, 2.75], "texture": "#0"},
				"up": {"uv": [3.25, 7.25, 2.25, 6.75], "texture": "#0"},
				"down": {"uv": [7.75, 2.75, 6.75, 3.25], "texture": "#0"}
			}
		},
		{
			"from": [4, 2, 3],
			"to": [12, 5, 4],
			"faces": {
				"north": {"uv": [2, 4, 4, 4.75], "texture": "#0"},
				"east": {"uv": [3.75, 6.75, 4, 7.5], "texture": "#0"},
				"south": {"uv": [4, 2, 6, 2.75], "texture": "#0"},
				"west": {"uv": [6.75, 4.5, 7, 5.25], "texture": "#0"},
				"up": {"uv": [8.75, 3.5, 6.75, 3.25], "texture": "#0"},
				"down": {"uv": [8.75, 3.5, 6.75, 3.75], "texture": "#0"}
			}
		},
		{
			"from": [4, 4.7, 3.5],
			"to": [12, 7.7, 3.5],
			"rotation": {"angle": 22.5, "axis": "x", "origin": [8, 6, 4]},
			"faces": {
				"north": {"uv": [4, 2.75, 6, 3.5], "texture": "#0"},
				"east": {"uv": [0, 0, 0, 0.75], "texture": "#0"},
				"south": {"uv": [4, 3.5, 6, 4.25], "texture": "#0"},
				"west": {"uv": [0, 0, 0, 0.75], "texture": "#0"},
				"up": {"uv": [2, 0, 0, 0], "texture": "#0"},
				"down": {"uv": [2, 0, 0, 0], "texture": "#0"}
			}
		},
		{
			"from": [6.5, 1.5, 3.7],
			"to": [9.5, 4.5, 3.7],
			"rotation": {"angle": 22.5, "axis": "x", "origin": [8, 6, 4]},
			"faces": {
				"north": {"uv": [5, 6.25, 5.5, 7], "texture": "#0"},
				"east": {"uv": [0, 0, 0, 0.75], "texture": "#0"},
				"south": {"uv": [6.75, 1, 7.75, 1.75], "texture": "#0"},
				"west": {"uv": [0, 0, 0, 0.75], "texture": "#0"},
				"up": {"uv": [1, 0, 0, 0], "texture": "#0"},
				"down": {"uv": [1, 0, 0, 0], "texture": "#0"}
			}
		},
		{
			"from": [7, -1, 1],
			"to": [9, 2, 2],
			"faces": {
				"north": {"uv": [3.25, 6.75, 3.75, 7.5], "texture": "#0"},
				"east": {"uv": [1.75, 6, 2, 6.75], "texture": "#0"},
				"south": {"uv": [6.75, 3.75, 7.25, 4.5], "texture": "#0"},
				"west": {"uv": [5.75, 6.25, 6, 7], "texture": "#0"},
				"up": {"uv": [7.25, 5.5, 6.75, 5.25], "texture": "#0"},
				"down": {"uv": [7.25, 5.5, 6.75, 5.75], "texture": "#0"}
			}
		},
		{
			"from": [2.5, -2, 2.25],
			"to": [5.5, 2, 6.25],
			"rotation": {"angle": -22.5, "axis": "y", "origin": [6, 1, 4]},
			"faces": {
				"north": {"uv": [1, 6, 1.75, 7], "texture": "#0"},
				"east": {"uv": [3, 4.75, 4, 5.75], "texture": "#0"},
				"south": {"uv": [6, 1, 6.75, 2], "texture": "#0"},
				"west": {"uv": [5, 4.25, 6, 5.25], "texture": "#0"},
				"up": {"uv": [6.75, 3, 6, 2], "texture": "#0"},
				"down": {"uv": [6.75, 3, 6, 4], "texture": "#0"}
			}
		},
		{
			"from": [10.5, -2, 2.25],
			"to": [13.5, 2, 6.25],
			"rotation": {"angle": 22.5, "axis": "y", "origin": [10, 1, 4]},
			"faces": {
				"north": {"uv": [6, 4, 6.75, 5], "texture": "#0"},
				"east": {"uv": [4, 5.25, 5, 6.25], "texture": "#0"},
				"south": {"uv": [6, 5, 6.75, 6], "texture": "#0"},
				"west": {"uv": [5, 5.25, 6, 6.25], "texture": "#0"},
				"up": {"uv": [6.75, 7, 6, 6], "texture": "#0"},
				"down": {"uv": [4.75, 6.25, 4, 7.25], "texture": "#0"}
			}
		},
		{
			"from": [4, -0.1, 3.9],
			"to": [12, 8.1, 6.1],
			"faces": {
				"north": {"uv": [0, 0, 2, 2], "texture": "#0"},
				"east": {"uv": [1.5, 2, 2, 4], "texture": "#0"},
				"south": {"uv": [2, 0, 4, 2], "texture": "#0"},
				"west": {"uv": [2, 2, 2.5, 4], "texture": "#0"},
				"up": {"uv": [2, 6, 0, 5.5], "texture": "#0"},
				"down": {"uv": [6, 0, 4, 0.5], "texture": "#0"}
			}
		},
		{
			"from": [4.65, 2, 2.5],
			"to": [8.65, 6, 2.5],
			"rotation": {"angle": 22.5, "axis": "y", "origin": [8, 4, 4]},
			"faces": {
				"north": {"uv": [2, 5.75, 3, 6.75], "texture": "#0"},
				"east": {"uv": [0, 0, 0, 1], "texture": "#0"},
				"south": {"uv": [3, 5.75, 4, 6.75], "texture": "#0"},
				"west": {"uv": [0, 0, 0, 1], "texture": "#0"},
				"up": {"uv": [1, 0, 0, 0], "texture": "#0"},
				"down": {"uv": [1, 0, 0, 0], "texture": "#0"}
			}
		},
		{
			"from": [7.35, 2, 2.5],
			"to": [11.35, 6, 2.5],
			"rotation": {"angle": -22.5, "axis": "y", "origin": [8, 4, 4]},
			"faces": {
				"north": {"uv": [0, 6, 1, 7], "texture": "#0"},
				"east": {"uv": [0, 0, 0, 1], "texture": "#0"},
				"south": {"uv": [6, 0, 7, 1], "texture": "#0"},
				"west": {"uv": [0, 0, 0, 1], "texture": "#0"},
				"up": {"uv": [1, 0, 0, 0], "texture": "#0"},
				"down": {"uv": [1, 0, 0, 0], "texture": "#0"}
			}
		},
		{
			"from": [3.9, 2.9, 6.1],
			"to": [12.1, 8.1, 12.3],
			"faces": {
				"north": {"uv": [0, 2.75, 0.25, 3], "texture": "#0"},
				"east": {"uv": [4, 0.5, 5.5, 1.75], "texture": "#0"},
				"south": {"uv": [7.75, 0, 9.75, 1.25], "texture": "#0"},
				"west": {"uv": [5.5, 0.5, 4, 1.75], "texture": "#0"},
				"up": {"uv": [0, 4, 2, 5.5], "texture": "#0"},
				"down": {"uv": [0, 2.75, 0.25, 3], "texture": "#0"}
			}
		}
	],
	"display": {
		"thirdperson_righthand": {
			"rotation": [75, 45, 0],
			"translation": [-1.75, 0.75, 1.75],
			"scale": [0.375, 0.375, 0.375]
		},
		"thirdperson_lefthand": {
			"rotation": [75, 45, 0],
			"translation": [-1.75, 0.75, 1.75],
			"scale": [0.375, 0.375, 0.375]
		},
		"firstperson_righthand": {
			"rotation": [0, 0, 15],
			"translation": [1.13, 3.2, 1.13],
			"scale": [0.68, 0.68, 0.68]
		},
		"firstperson_lefthand": {
			"rotation": [0, 0, 15],
			"translation": [1.13, 3.2, 1.13],
			"scale": [0.68, 0.68, 0.68]
		},
		"ground": {
			"translation": [0, 3, 0],
			"scale": [0.25, 0.25, 0.25]
		},
		"gui": {
			"rotation": [30, 225, 0],
			"translation": [-1, 4.75, 0],
			"scale": [0.9, 0.9, 0.9]
		},
		"head": {
			"translation": [0, 6.5, 0],
			"scale": [1.6, 1.6, 1.6]
		},
		"fixed": {
			"translation": [0, 6.5, 1.25],
			"scale": [1.3, 1.3, 1.3]
		}
	}
}