{
	"credit": "Made by pikachurro",
	"texture_size": [32, 32],
	"textures": {
		"0": "./bow"
	},
	"elements": [
		{
			"from": [9.70324, -0.25, 2.22356],
			"to": [14.70324, 1.25, 4.22356],
			"rotation": {"angle": -22.5, "axis": "y", "origin": [9.01175, 1.25, 6.3313]},
			"faces": {
				"north": {"uv": [1, 1, 3.5, 2], "texture": "#0"},
				"east": {"uv": [4, 7, 5, 8], "texture": "#0"},
				"south": {"uv": [1, 2, 3.5, 3], "texture": "#0"},
				"west": {"uv": [5, 7, 6, 8], "texture": "#0"},
				"up": {"uv": [3.5, 4, 1, 3], "texture": "#0"},
				"down": {"uv": [6, 1, 3.5, 2], "texture": "#0"}
			}
		},
		{
			"from": [7.3378, -0.25, 3.22841],
			"to": [10.3378, 1.25, 4.72841],
			"rotation": {"angle": 0, "axis": "y", "origin": [9.01175, 1.25, 6.3313]},
			"faces": {
				"north": {"uv": [5.5, 5, 7, 6], "texture": "#0"},
				"east": {"uv": [7, 6, 8, 7], "texture": "#0"},
				"south": {"uv": [4, 5, 5.5, 6], "texture": "#0"},
				"west": {"uv": [7, 7, 8, 8], "texture": "#0"},
				"up": {"uv": [7, 2.5, 6, 1], "rotation": 90, "texture": "#0"},
				"down": {"uv": [7, 2.5, 6, 4], "rotation": 270, "texture": "#0"}
			}
		},
		{
			"from": [6.3378, -0.5, 2.72841],
			"to": [7.3378, 1.5, 5.22841],
			"rotation": {"angle": 0, "axis": "y", "origin": [9.01175, 1.25, 6.3313]},
			"faces": {
				"north": {"uv": [8, 5, 8.5, 6], "texture": "#0"},
				"east": {"uv": [1, 6.5, 2.5, 7.5], "texture": "#0"},
				"south": {"uv": [2.5, 6.5, 3, 7.5], "texture": "#0"},
				"west": {"uv": [7, 1, 8.5, 2], "texture": "#0"},
				"up": {"uv": [2.5, 8, 1, 7.5], "rotation": 90, "texture": "#0"},
				"down": {"uv": [2.5, 8, 1, 8.5], "rotation": 270, "texture": "#0"}
			}
		},
		{
			"from": [10.3378, -0.5, 2.72841],
			"to": [11.3378, 1.5, 5.22841],
			"rotation": {"angle": 0, "axis": "y", "origin": [9.01175, 1.25, 6.3313]},
			"faces": {
				"north": {"uv": [6, 8, 6.5, 9], "texture": "#0"},
				"east": {"uv": [7, 2, 8.5, 3], "texture": "#0"},
				"south": {"uv": [5.5, 8, 6, 9], "texture": "#0"},
				"west": {"uv": [7, 3, 8.5, 4], "texture": "#0"},
				"up": {"uv": [4, 8.5, 2.5, 8], "rotation": 90, "texture": "#0"},
				"down": {"uv": [5.5, 8, 4, 8.5], "rotation": 270, "texture": "#0"}
			}
		},
		{
			"from": [3.15693, -0.25, 2.15591],
			"to": [8.15693, 1.25, 4.15591],
			"rotation": {"angle": 22.5, "axis": "y", "origin": [9.01175, 1.25, 6.3313]},
			"faces": {
				"north": {"uv": [3.5, 3, 6, 4], "texture": "#0"},
				"east": {"uv": [7, 5, 8, 6], "texture": "#0"},
				"south": {"uv": [3.5, 2, 6, 3], "texture": "#0"},
				"west": {"uv": [6, 7, 7, 8], "texture": "#0"},
				"up": {"uv": [2, 6.5, 1, 4], "rotation": 90, "texture": "#0"},
				"down": {"uv": [3, 4, 2, 6.5], "rotation": 270, "texture": "#0"}
			}
		},
		{
			"from": [3.33073, 0, 10.02528],
			"to": [4.33073, 1, 16.27528],
			"rotation": {"angle": -45, "axis": "y", "origin": [9.01175, 1.25, 6.3313]},
			"faces": {
				"north": {"uv": [2.5, 7.5, 3, 8], "texture": "#0"},
				"east": {"uv": [3, 4, 6, 4.5], "texture": "#0"},
				"south": {"uv": [8, 6, 8.5, 6.5], "texture": "#0"},
				"west": {"uv": [3, 4.5, 6, 5], "texture": "#0"},
				"up": {"uv": [3.5, 8, 3, 5], "texture": "#0"},
				"down": {"uv": [4, 5, 3.5, 8], "texture": "#0"}
			}
		},
		{
			"from": [12.83073, 0, 0.77528],
			"to": [19.08073, 1, 1.77528],
			"rotation": {"angle": -45, "axis": "y", "origin": [9.01175, 1.25, 6.3313]},
			"faces": {
				"north": {"uv": [4, 6, 7, 6.5], "texture": "#0"},
				"east": {"uv": [7, 8, 7.5, 8.5], "texture": "#0"},
				"south": {"uv": [6, 4, 9, 4.5], "texture": "#0"},
				"west": {"uv": [8, 7, 8.5, 7.5], "texture": "#0"},
				"up": {"uv": [9, 5, 6, 4.5], "texture": "#0"},
				"down": {"uv": [7, 6.5, 4, 7], "texture": "#0"}
			}
		},
		{
			"from": [-1.24498, 0.25, 8.75055],
			"to": [9.00502, 0.75, 9.25055],
			"rotation": {"angle": 0, "axis": "y", "origin": [9.01175, 1.25, 6.3313]},
			"faces": {
				"north": {"uv": [0, 0.5, 10, 1], "texture": "#0"},
				"east": {"uv": [6.5, 8, 7, 8.5], "texture": "#0"},
				"south": {"uv": [0, 0, 10, 0.5], "texture": "#0"},
				"west": {"uv": [8, 6.5, 8.5, 7], "texture": "#0"},
				"up": {"uv": [0.5, 11, 0, 6], "rotation": 90, "texture": "#0"},
				"down": {"uv": [1, 1, 0.5, 11], "rotation": 270, "texture": "#0"}
			}
		},
		{
			"from": [9.00502, 0.25, 8.75055],
			"to": [19.25502, 0.75, 9.25055],
			"rotation": {"angle": 0, "axis": "y", "origin": [9.01175, 1.25, 6.3313]},
			"faces": {
				"north": {"uv": [0, 0.5, 10, 1], "texture": "#0"},
				"east": {"uv": [6.5, 8, 7, 8.5], "texture": "#0"},
				"south": {"uv": [0, 0, 10, 0.5], "texture": "#0"},
				"west": {"uv": [8, 6.5, 8.5, 7], "texture": "#0"},
				"up": {"uv": [0.5, 6, 0, 1], "rotation": 90, "texture": "#0"},
				"down": {"uv": [1, 1, 0.5, 11], "rotation": 270, "texture": "#0"}
			}
		},
		{
			"from": [2.83073, 0.5, 15.77528],
			"to": [3.83073, 0.5, 16.77528],
			"rotation": {"angle": -45, "axis": "y", "origin": [9.01175, 1.25, 6.3313]},
			"faces": {
				"north": {"uv": [0, 0, 0.5, 0], "texture": "#0"},
				"east": {"uv": [0, 0, 0.5, 0], "texture": "#0"},
				"south": {"uv": [0, 0, 0.5, 0], "texture": "#0"},
				"west": {"uv": [0, 0, 0.5, 0], "texture": "#0"},
				"up": {"uv": [8.5, 1, 9, 1.5], "texture": "#0"},
				"down": {"uv": [9, 1, 9.5, 1.5], "texture": "#0"}
			}
		},
		{
			"from": [2.34828, 0.5, 1.36105],
			"to": [3.34828, 0.5, 2.36105],
			"rotation": {"angle": 22.5, "axis": "y", "origin": [9.01175, 1.25, 6.3313]},
			"faces": {
				"north": {"uv": [0, 0, 0.5, 0], "texture": "#0"},
				"east": {"uv": [0, 0, 0.5, 0], "texture": "#0"},
				"south": {"uv": [0, 0, 0.5, 0], "texture": "#0"},
				"west": {"uv": [0, 0, 0.5, 0], "texture": "#0"},
				"up": {"uv": [8.5, 1, 9, 1.5], "rotation": 90, "texture": "#0"},
				"down": {"uv": [9, 1, 9.5, 1.5], "rotation": 270, "texture": "#0"}
			}
		},
		{
			"from": [18.58073, 0.5, 0.27528],
			"to": [19.58073, 0.5, 1.27528],
			"rotation": {"angle": -45, "axis": "y", "origin": [9.01175, 1.25, 6.3313]},
			"faces": {
				"north": {"uv": [0, 0, 0.5, 0], "texture": "#0"},
				"east": {"uv": [0, 0, 0.5, 0], "texture": "#0"},
				"south": {"uv": [0, 0, 0.5, 0], "texture": "#0"},
				"west": {"uv": [0, 0, 0.5, 0], "texture": "#0"},
				"up": {"uv": [8.5, 1, 9, 1.5], "texture": "#0"},
				"down": {"uv": [9, 1, 9.5, 1.5], "texture": "#0"}
			}
		},
		{
			"from": [14.39719, 0.5, 1.50534],
			"to": [15.39719, 0.5, 2.50534],
			"rotation": {"angle": -22.5, "axis": "y", "origin": [9.01175, 1.25, 6.3313]},
			"faces": {
				"north": {"uv": [0, 0, 0.5, 0], "texture": "#0"},
				"east": {"uv": [0, 0, 0.5, 0], "texture": "#0"},
				"south": {"uv": [0, 0, 0.5, 0], "texture": "#0"},
				"west": {"uv": [0, 0, 0.5, 0], "texture": "#0"},
				"up": {"uv": [8.5, 1, 9, 1.5], "texture": "#0"},
				"down": {"uv": [9, 1, 9.5, 1.5], "texture": "#0"}
			}
		}
	],
	"gui_light": "front",
	"overrides": [
		{"model": "item/bow_pulling_0", "predicate": {"pulling": 1}},
		{"model": "item/bow_pulling_1", "predicate": {"pulling": 1, "pull": 0}},
		{"model": "item/bow_pulling_2", "predicate": {"pulling": 1, "pull": 1}}
	],
	"display": {
		"thirdperson_righthand": {
			"rotation": [0, 0, 90],
			"translation": [-7.5, -2.75, 3.25]
		},
		"thirdperson_lefthand": {
			"rotation": [0, 0, 90],
			"translation": [-7.5, -1, 3.25]
		},
		"firstperson_righthand": {
			"rotation": [27, 0, 90],
			"translation": [-5.75, 1.5, 0.5]
		},
		"firstperson_lefthand": {
			"rotation": [27, 0, 90],
			"translation": [-5.75, 1.5, 0.5]
		},
		"ground": {
			"rotation": [-75.63, -41.14, 20.93],
			"translation": [-1.25, 1.75, -3.5],
			"scale": [0.5, 0.5, 0.5]
		},
		"gui": {
			"rotation": [90, 45, 0],
			"translation": [-1.25, 0, 0],
			"scale": [0.9, 0.9, 0.9]
		},
		"head": {
			"translation": [0, 15.75, 0]
		},
		"fixed": {
			"rotation": [90, -45, 0],
			"translation": [-0.75, 1, 7.25],
			"scale": [0.9, 0.9, 0.9]
		}
	}
}