{"display":{"thirdperson_righthand":{"translation":[0,2.25,0]},"thirdperson_lefthand":{"translation":[0,2.25,0]},"firstperson_righthand":{"rotation":[0,19,0],"translation":[2,0,0]},"firstperson_lefthand":{"rotation":[0,19,0],"translation":[2,0,0]},"ground":{"rotation":[29,0,25],"scale":[0.5,0.5,0.5]},"gui":{"rotation":[22.5,135,0],"translation":[-0.25,0,0],"scale":[0.8,0.8,0.8]},"head":{"translation":[0,9,-3.5],"scale":[2,2,2]},"fixed":{"translation":[0,0,-2.75]}},"texture_size":[32,32],"textures":{"2":"civilization:item/tools/grumpy_humpy"},"elements":[{"name":"head","from":[4.5,0,6.75],"to":[11.5,14,13.75],"rotation":{"angle":0,"axis":"y","origin":[8,10.25,17.5]},"faces":{"north":{"uv":[3.5,3.5,7,10.5],"texture":"#2"},"east":{"uv":[0,3.5,3.5,10.5],"texture":"#2"},"south":{"uv":[10.5,3.5,14,10.5],"texture":"#2"},"west":{"uv":[7,3.5,10.5,10.5],"texture":"#2"},"up":{"uv":[7,3.5,3.5,0],"texture":"#2"},"down":{"uv":[10.5,0,7,3.5],"texture":"#2"}}},{"name":"head","from":[5.5,9,0.75],"to":[10.5,14,6.75],"rotation":{"angle":0,"axis":"y","origin":[8,10.25,17.5]},"faces":{"north":{"uv":[3,13.5,5.5,16],"texture":"#2"},"east":{"uv":[0,13.5,3,16],"texture":"#2"},"south":{"uv":[8.5,13.5,11,16],"texture":"#2"},"west":{"uv":[5.5,13.5,8.5,16],"texture":"#2"},"up":{"uv":[5.5,13.5,3,10.5],"texture":"#2"},"down":{"uv":[8,10.5,5.5,13.5],"texture":"#2"}}},{"name":"left_ear","from":[2,12.9,10.25],"to":[5,13.9,12.25],"rotation":{"angle":0,"axis":"x","origin":[3.5,13.5,11.25]},"faces":{"north":{"uv":[11.5,2.5,13,3],"texture":"#2"},"east":{"uv":[10.5,2.5,11.5,3],"texture":"#2"},"south":{"uv":[14,2.5,15.5,3],"texture":"#2"},"west":{"uv":[13,2.5,14,3],"texture":"#2"},"up":{"uv":[13,2.5,11.5,1.5],"texture":"#2"},"down":{"uv":[14.5,1.5,13,2.5],"texture":"#2"}}},{"name":"right_ear","from":[11,12.9,10.25],"to":[14,13.9,12.25],"rotation":{"angle":0,"axis":"z","origin":[8,10.25,17.5]},"faces":{"north":{"uv":[11.5,1,13,1.5],"texture":"#2"},"east":{"uv":[10.5,1,11.5,1.5],"texture":"#2"},"south":{"uv":[14,1,15.5,1.5],"texture":"#2"},"west":{"uv":[13,1,14,1.5],"texture":"#2"},"up":{"uv":[13,1,11.5,0],"texture":"#2"},"down":{"uv":[14.5,0,13,1],"texture":"#2"}}}],"gui_light":"front"}