{
  "parent": "minecraft:block/orientable",
  "textures": {
    "front": "minecraft:block/carved_pumpkin",
    "side": "minecraft:block/pumpkin_side",
    "top": "minecraft:block/pumpkin_top"
  },
  "overrides": [
    { "predicate": {"custom_model_data": 100}, "model": "item/maska_JDH"},
    { "predicate": {"custom_model_data": 101}, "model": "item/apple_with_arrow"},
    { "predicate": {"custom_model_data": 102}, "model": "item/arrow"},
    { "predicate": {"custom_model_data": 103}, "model": "item/balaklava"},
	{ "predicate": {"custom_model_data": 104}, "model": "item/christmas_hat"},
	{ "predicate": {"custom_model_data": 105}, "model": "item/cowboy_hat"},
	{ "predicate": {"custom_model_data": 106}, "model": "item/crown"},
	{ "predicate": {"custom_model_data": 107}, "model": "item/elf_hat"},
	{ "predicate": {"custom_model_data": 108}, "model": "item/gas_mask"},
	{ "predicate": {"custom_model_data": 109}, "model": "item/kabuto"},
	{ "predicate": {"custom_model_data": 110}, "model": "item/maska"},
	{ "predicate": {"custom_model_data": 111}, "model": "item/mlgglasses"},
	{ "predicate": {"custom_model_data": 112}, "model": "item/nimbus"},
	{ "predicate": {"custom_model_data": 113}, "model": "item/propeller_hat"},
	{ "predicate": {"custom_model_data": 114}, "model": "item/reindeer_antlers"},
	{ "predicate": {"custom_model_data": 115}, "model": "item/safety_helmet"},
	{ "predicate": {"custom_model_data": 116}, "model": "item/santa_claus"},
	{ "predicate": {"custom_model_data": 117}, "model": "item/top_hat"},
	{ "predicate": {"custom_model_data": 118}, "model": "item/ushanka"}
  ]
}