{
	"credit": "Made with Blockbench",
	"texture_size": [32, 32],
	"textures": {
		"0": "./katana_dal",
		"particle": "./katana_dal"
	},
	"elements": [
		{
			"from": [7.9, 0, 7.6],
			"to": [9.4, 5.1, 8.7],
			"rotation": {"angle": 0, "axis": "y", "origin": [7.2, 0, 7]},
			"faces": {
				"north": {"uv": [4, 7, 4.75, 9.5], "texture": "#0"},
				"east": {"uv": [5.5, 9.5, 6, 12], "texture": "#0"},
				"south": {"uv": [5, 7, 5.75, 9.5], "texture": "#0"},
				"west": {"uv": [9.5, 8, 10, 10.5], "texture": "#0"},
				"up": {"uv": [8.75, 7, 8, 6.5], "texture": "#0"},
				"down": {"uv": [4.75, 11, 4, 11.5], "texture": "#0"}
			}
		},
		{
			"from": [4.9, 4.9, 7.6],
			"to": [12.6, 6.2, 8.7],
			"rotation": {"angle": 0, "axis": "y", "origin": [7.2, 3, 7]},
			"faces": {
				"north": {"uv": [4, 6, 7.875, 6.625], "texture": "#0"},
				"east": {"uv": [11.5, 6.5, 12, 7.125], "texture": "#0"},
				"south": {"uv": [6.5, 3, 10.375, 3.625], "texture": "#0"},
				"west": {"uv": [8, 11.5, 8.5, 12.125], "texture": "#0"},
				"up": {"uv": [10.375, 4.5, 6.5, 4], "texture": "#0"},
				"down": {"uv": [10.375, 4.5, 6.5, 5], "texture": "#0"}
			}
		},
		{
			"from": [7.1, 5.1, 8.2],
			"to": [10.3, 28.9, 8.2],
			"rotation": {"angle": 0, "axis": "y", "origin": [7.2, 5.1, 6.5]},
			"faces": {
				"north": {"uv": [0, 0, 1.625, 11.875], "texture": "#0"},
				"east": {"uv": [0, 0, 0, 11.875], "texture": "#0"},
				"south": {"uv": [2, 0, 3.625, 11.875], "texture": "#0"},
				"west": {"uv": [0, 0, 0, 11.875], "texture": "#0"},
				"up": {"uv": [1.625, 0, 0, 0], "texture": "#0"},
				"down": {"uv": [1.625, 0, 0, 0], "texture": "#0"}
			}
		},
		{
			"from": [6.5, 5.1, 7],
			"to": [10.7, 5.6, 9.4],
			"rotation": {"angle": 0, "axis": "y", "origin": [7.2, 5.1, 7]},
			"faces": {
				"north": {"uv": [10.5, 7.5, 12.625, 7.75], "texture": "#0"},
				"east": {"uv": [11, 5.5, 12.25, 5.75], "texture": "#0"},
				"south": {"uv": [11, 5, 13.125, 5.25], "texture": "#0"},
				"west": {"uv": [6, 11, 7.25, 11.25], "texture": "#0"},
				"up": {"uv": [6.125, 4.25, 4, 3], "texture": "#0"},
				"down": {"uv": [6.125, 4.5, 4, 5.75], "texture": "#0"}
			}
		},
		{
			"from": [4.4, 5.8, 7],
			"to": [13, 6.3, 9.4],
			"rotation": {"angle": 0, "axis": "y", "origin": [7.2, 5.8, 7]},
			"faces": {
				"north": {"uv": [8.5, 2.5, 12.75, 2.75], "texture": "#0"},
				"east": {"uv": [11.5, 4.5, 12.75, 4.75], "texture": "#0"},
				"south": {"uv": [10, 0, 14.25, 0.25], "texture": "#0"},
				"west": {"uv": [6.5, 11.5, 7.75, 11.75], "texture": "#0"},
				"up": {"uv": [8.25, 1.25, 4, 0], "texture": "#0"},
				"down": {"uv": [8.25, 1.5, 4, 2.75], "texture": "#0"}
			}
		},
		{
			"from": [10, 4.8, 7],
			"to": [12.4, 5.3, 9.4],
			"rotation": {"angle": -45, "axis": "z", "origin": [10.7, 4.8, 7]},
			"faces": {
				"north": {"uv": [11, 9.5, 12.25, 9.75], "texture": "#0"},
				"east": {"uv": [10, 11, 11.25, 11.25], "texture": "#0"},
				"south": {"uv": [11, 10, 12.25, 10.25], "texture": "#0"},
				"west": {"uv": [11, 10.5, 12.25, 10.75], "texture": "#0"},
				"up": {"uv": [7.25, 8.25, 6, 7], "texture": "#0"},
				"down": {"uv": [8.75, 7, 7.5, 8.25], "texture": "#0"}
			}
		},
		{
			"from": [12.3, 3.7, 7],
			"to": [12.8, 6.1, 9.4],
			"rotation": {"angle": -22.5, "axis": "z", "origin": [12.3, 5.4, 7]},
			"faces": {
				"north": {"uv": [11.5, 3, 11.75, 4.25], "texture": "#0"},
				"east": {"uv": [8, 5, 9.25, 6.25], "texture": "#0"},
				"south": {"uv": [4, 11.5, 4.25, 12.75], "texture": "#0"},
				"west": {"uv": [8.5, 0, 9.75, 1.25], "texture": "#0"},
				"up": {"uv": [4.75, 12.75, 4.5, 11.5], "texture": "#0"},
				"down": {"uv": [6.25, 11.5, 6, 12.75], "texture": "#0"}
			}
		},
		{
			"from": [5.8, 2.8, 7],
			"to": [8, 3.3, 9.4],
			"rotation": {"angle": 45, "axis": "z", "origin": [4.5, 2.8, 7]},
			"faces": {
				"north": {"uv": [11.5, 8, 12.625, 8.25], "texture": "#0"},
				"east": {"uv": [11, 6, 12.25, 6.25], "texture": "#0"},
				"south": {"uv": [8.5, 11.5, 9.625, 11.75], "texture": "#0"},
				"west": {"uv": [7.5, 11, 8.75, 11.25], "texture": "#0"},
				"up": {"uv": [9.125, 9.75, 8, 8.5], "texture": "#0"},
				"down": {"uv": [10.125, 6.5, 9, 7.75], "texture": "#0"}
			}
		},
		{
			"from": [3.9, 3.6, 7],
			"to": [4.4, 5.8, 9.4],
			"rotation": {"angle": 22.5, "axis": "z", "origin": [3.9, 7.1, 7]},
			"faces": {
				"north": {"uv": [10, 11.5, 10.25, 12.625], "texture": "#0"},
				"east": {"uv": [4, 9.5, 5.25, 10.625], "texture": "#0"},
				"south": {"uv": [10.5, 11.5, 10.75, 12.625], "texture": "#0"},
				"west": {"uv": [9.5, 5, 10.75, 6.125], "texture": "#0"},
				"up": {"uv": [5.25, 12.25, 5, 11], "texture": "#0"},
				"down": {"uv": [11.25, 8, 11, 9.25], "texture": "#0"}
			}
		},
		{
			"from": [11.1, -1.1, 7.4],
			"to": [13.1, 0.8, 8.9],
			"rotation": {"angle": 45, "axis": "z", "origin": [10.9, -4.6, 7]},
			"faces": {
				"north": {"uv": [10, 0.5, 11, 1.5], "texture": "#0"},
				"east": {"uv": [10.5, 6.5, 11.25, 7.5], "texture": "#0"},
				"south": {"uv": [10, 1.5, 11, 2.5], "texture": "#0"},
				"west": {"uv": [9, 10.5, 9.75, 11.5], "texture": "#0"},
				"up": {"uv": [12, 1.25, 11, 0.5], "texture": "#0"},
				"down": {"uv": [12, 1.5, 11, 2.25], "texture": "#0"}
			}
		},
		{
			"from": [11.1, 5, 6.7],
			"to": [13.1, 6.9, 9.6],
			"rotation": {"angle": 45, "axis": "z", "origin": [10.9, 1.5, 7]},
			"faces": {
				"north": {"uv": [10.5, 3, 11.5, 4], "texture": "#0"},
				"east": {"uv": [6.5, 5, 8, 6], "texture": "#0"},
				"south": {"uv": [10.5, 4, 11.5, 5], "texture": "#0"},
				"west": {"uv": [8.5, 1.5, 10, 2.5], "texture": "#0"},
				"up": {"uv": [7, 10, 6, 8.5], "texture": "#0"},
				"down": {"uv": [8, 8.5, 7, 10], "texture": "#0"}
			}
		}
	],
	"display": {
		"thirdperson_righthand": {
			"rotation": [90, 90, -90],
			"translation": [0, 3, 3],
			"scale": [0.8, 0.8, 0.8]
		},
		"thirdperson_lefthand": {
			"rotation": [-90, 90, 90],
			"translation": [0, 3, 2],
			"scale": [0.8, 0.8, 0.8]
		},
		"firstperson_righthand": {
			"rotation": [0, 90, 0],
			"translation": [2.5, 1.75, 0.75],
			"scale": [0.8, 0.8, 0.8]
		},
		"firstperson_lefthand": {
			"rotation": [0, 90, 0],
			"translation": [2.5, 1.75, 0.75],
			"scale": [0.8, 0.8, 0.8]
		},
		"ground": {
			"rotation": [90, 0, 0],
			"scale": [0.8, 0.8, 0.8]
		},
		"gui": {
			"rotation": [0, 0, -45],
			"translation": [-2.75, -2.5, 0],
			"scale": [0.8, 0.8, 0.8]
		},
		"fixed": {
			"rotation": [0, 0, 45],
			"translation": [2.25, -3.25, 0],
			"scale": [0.8, 0.8, 0.8]
		}
	}
}