{
	"credit": "Made with Blockbench",
	"gui_light": "front",
	"textures": {
		"0": "./item/totem_karnonir",
		"particle": "./item/totem_karnonir"
	},
	"elements": [
		{
			"name": "totem_karnonir_0",
			"from": [6.5, 3, 0],
			"to": [10, 13.5, 0.5],
			"faces": {
				"north": {"uv": [10, 2.5, 6.5, 13], "texture": "#0"},
				"east": {"uv": [9.5, 2.5, 10, 13], "texture": "#0"},
				"south": {"uv": [6.5, 2.5, 10, 13], "texture": "#0"},
				"west": {"uv": [6.5, 2.5, 7, 13], "texture": "#0"},
				"up": {"uv": [6.5, 2.5, 10, 3], "texture": "#0"},
				"down": {"uv": [6.5, 12.5, 10, 13], "texture": "#0"}
			}
		},
		{
			"name": "totem_karnonir_1",
			"from": [5.5, 10.5, 0],
			"to": [6.5, 11.5, 0.5],
			"faces": {
				"north": {"uv": [6.5, 4.5, 5.5, 5.5], "texture": "#0"},
				"east": {"uv": [6, 4.5, 6.5, 5.5], "texture": "#0"},
				"south": {"uv": [5.5, 4.5, 6.5, 5.5], "texture": "#0"},
				"west": {"uv": [5.5, 4.5, 6, 5.5], "texture": "#0"},
				"up": {"uv": [5.5, 4.5, 6.5, 5], "texture": "#0"},
				"down": {"uv": [5.5, 5, 6.5, 5.5], "texture": "#0"}
			}
		},
		{
			"name": "totem_karnonir_2",
			"from": [10, 10.5, 0],
			"to": [11, 11.5, 0.5],
			"faces": {
				"north": {"uv": [11, 4.5, 10, 5.5], "texture": "#0"},
				"east": {"uv": [10.5, 4.5, 11, 5.5], "texture": "#0"},
				"south": {"uv": [10, 4.5, 11, 5.5], "texture": "#0"},
				"west": {"uv": [10, 4.5, 10.5, 5.5], "texture": "#0"},
				"up": {"uv": [10, 4.5, 11, 5], "texture": "#0"},
				"down": {"uv": [10, 5, 11, 5.5], "texture": "#0"}
			}
		},
		{
			"name": "totem_karnonir_3",
			"from": [5.5, 6, 0],
			"to": [6.5, 9, 0.5],
			"faces": {
				"north": {"uv": [6.5, 7, 5.5, 10], "texture": "#0"},
				"east": {"uv": [6, 7, 6.5, 10], "texture": "#0"},
				"south": {"uv": [5.5, 7, 6.5, 10], "texture": "#0"},
				"west": {"uv": [5.5, 7, 6, 10], "texture": "#0"},
				"up": {"uv": [5.5, 7, 6.5, 7.5], "texture": "#0"},
				"down": {"uv": [5.5, 9.5, 6.5, 10], "texture": "#0"}
			}
		},
		{
			"name": "totem_karnonir_4",
			"from": [10, 6, 0],
			"to": [11, 9, 0.5],
			"faces": {
				"north": {"uv": [11, 7, 10, 10], "texture": "#0"},
				"east": {"uv": [10.5, 7, 11, 10], "texture": "#0"},
				"south": {"uv": [10, 7, 11, 10], "texture": "#0"},
				"west": {"uv": [10, 7, 10.5, 10], "texture": "#0"},
				"up": {"uv": [10, 7, 11, 7.5], "texture": "#0"},
				"down": {"uv": [10, 9.5, 11, 10], "texture": "#0"}
			}
		},
		{
			"name": "totem_karnonir_5",
			"from": [6, 3.5, 0],
			"to": [6.5, 6, 0.5],
			"faces": {
				"north": {"uv": [6.5, 10, 6, 12.5], "texture": "#0"},
				"east": {"uv": [6, 10, 6.5, 12.5], "texture": "#0"},
				"south": {"uv": [6, 10, 6.5, 12.5], "texture": "#0"},
				"west": {"uv": [6, 10, 6.5, 12.5], "texture": "#0"},
				"up": {"uv": [6, 10, 6.5, 10.5], "texture": "#0"},
				"down": {"uv": [6, 12, 6.5, 12.5], "texture": "#0"}
			}
		},
		{
			"name": "totem_karnonir_6",
			"from": [10, 3.5, 0],
			"to": [10.5, 6, 0.5],
			"faces": {
				"north": {"uv": [10.5, 10, 10, 12.5], "texture": "#0"},
				"east": {"uv": [10, 10, 10.5, 12.5], "texture": "#0"},
				"south": {"uv": [10, 10, 10.5, 12.5], "texture": "#0"},
				"west": {"uv": [10, 10, 10.5, 12.5], "texture": "#0"},
				"up": {"uv": [10, 10, 10.5, 10.5], "texture": "#0"},
				"down": {"uv": [10, 12, 10.5, 12.5], "texture": "#0"}
			}
		}
	],
	"display": {
		"thirdperson_righthand": {
			"translation": [-0.25, 0.5, 6],
			"scale": [0.8, 0.8, 0.8]
		},
		"thirdperson_lefthand": {
			"translation": [0, 1, 6],
			"scale": [0.8, 0.8, 0.8]
		},
		"firstperson_righthand": {
			"rotation": [0, -54, 0],
			"translation": [-0.75, 2.25, 0.25],
			"scale": [1.5, 1.5, 1.5]
		},
		"firstperson_lefthand": {
			"rotation": [0, -63, 0],
			"translation": [0.5, 1.25, -1.75],
			"scale": [1.5, 1.5, 1.5]
		},
		"ground": {
			"translation": [0, 1.75, 7]
		},
		"gui": {
			"translation": [0, -0.5, 0],
			"scale": [1.64258, 1.48633, 2]
		},
		"head": {
			"rotation": [-180, -2.75, -180],
			"translation": [0.5, -10.75, -11.25]
		},
		"fixed": {
			"rotation": [-180, -1.25, -180],
			"translation": [0, 0.5, -15.5],
			"scale": [2, 2, 2]
		}
	},
	"groups": [
		{
			"name": "totem_karnonir",
			"origin": [8, 8, 8],
			"color": 0,
			"children": [0, 1, 2, 3, 4, 5, 6]
		}
	]
}