{"texture_size":[64,64],"elements":[{"from":[4,9.5,3],"to":[7,12.5,5],"rotation":{"angle":45,"axis":"z","origin":[5.5,11,4]},"faces":{"north":{"uv":[0,4.25,0.75,5],"texture":"#0"},"east":{"uv":[2,4.25,2.5,5],"texture":"#0"},"south":{"uv":[1,4.25,1.75,5],"texture":"#0"},"west":{"uv":[2.75,4.25,3.25,5],"texture":"#0"},"up":{"uv":[4.25,4.75,3.5,4.25],"texture":"#0"},"down":{"uv":[5.25,4.25,4.5,4.75],"texture":"#0"}}},{"from":[-7.74362,0,2.65861],"to":[5.25638,16,2.65861],"rotation":{"angle":45,"axis":"y","origin":[8,8,6.48744]},"faces":{"north":{"uv":[0,0,3.25,4],"texture":"#0"},"east":{"uv":[3.5,5,3.5,9],"texture":"#0"},"south":{"uv":[3.25,0,0,4],"texture":"#0"},"west":{"uv":[3.75,5,3.75,9],"texture":"#0"},"up":{"uv":[7.25,5,4,5],"texture":"#0"},"down":{"uv":[3.25,5.25,0,5.25],"texture":"#0"}}},{"from":[10.74362,0,2.65861],"to":[23.74362,16,2.65861],"rotation":{"angle":-45,"axis":"y","origin":[8,8,6.48744]},"faces":{"north":{"uv":[3.25,0,0,4],"texture":"#0"},"east":{"uv":[3.75,5,3.75,9],"texture":"#0"},"south":{"uv":[0,0,3.25,4],"texture":"#0"},"west":{"uv":[3.5,5,3.5,9],"texture":"#0"},"up":{"uv":[4,5,7.25,5],"texture":"#0"},"down":{"uv":[0,5.25,3.25,5.25],"texture":"#0"}}},{"from":[9,9.5,3],"to":[12,12.5,5],"rotation":{"angle":-45,"axis":"z","origin":[10.5,11,4]},"faces":{"north":{"uv":[0.75,4.25,0,5],"texture":"#0"},"east":{"uv":[3.25,4.25,2.75,5],"texture":"#0"},"south":{"uv":[1.75,4.25,1,5],"texture":"#0"},"west":{"uv":[2.5,4.25,2,5],"texture":"#0"},"up":{"uv":[3.5,4.75,4.25,4.25],"texture":"#0"},"down":{"uv":[4.5,4.25,5.25,4.75],"texture":"#0"}}}],"gui_light":"front","display":{"thirdperson_righthand":{"rotation":[68,0,0],"translation":[0,-3,-0.5],"scale":[0.6,0.6,0.6]},"thirdperson_lefthand":{"rotation":[68,0,0],"translation":[0,-3,-0.5],"scale":[0.6,0.6,0.6]},"firstperson_righthand":{"translation":[0,1,0],"scale":[0.6,0.6,0.6]},"firstperson_lefthand":{"translation":[0,1,0],"scale":[0.6,0.6,0.6]},"ground":{"translation":[0,2,0],"scale":[0.55,0.55,0.55]},"gui":{"rotation":[22.5,148,0],"translation":[-2,-1,0],"scale":[0.58,0.58,0.58]},"head":{"translation":[0,2.25,3.25],"scale":[1.5,1.5,1.5]},"fixed":{"rotation":[0,180,0],"translation":[0,0,-5]}}}