{
	"credit": "Made with Blockbench",
	"textures": {
		"0": "./maska",
		"particle": "./maska"
	},
	"elements": [
		{
			"from": [3.75, 3.75, 3.5],
			"to": [6, 7, 5.75],
			"rotation": {"angle": 0, "axis": "y", "origin": [3.75, 3.75, 2]},
			"faces": {
				"north": {"uv": [5.5, 13, 6.5, 14.5], "texture": "#0"},
				"east": {"uv": [6.5, 13, 5.5, 14.5], "texture": "#0"},
				"south": {"uv": [6.5, 13, 7.5, 14.5], "texture": "#0"},
				"west": {"uv": [6.5, 13, 7.5, 14.5], "texture": "#0"},
				"up": {"uv": [5.5, 13, 6.5, 14], "texture": "#0"},
				"down": {"uv": [5.5, 14, 6.5, 15], "texture": "#0"}
			}
		},
		{
			"from": [4, 4, 4],
			"to": [12, 12, 5],
			"rotation": {"angle": 0, "axis": "y", "origin": [7, 4, 4]},
			"faces": {
				"north": {"uv": [2.5, 10.5, 6.5, 14.5], "texture": "#0"},
				"east": {"uv": [2, 10.5, 2.5, 14.5], "texture": "#0"},
				"south": {"uv": [10, 5, 14, 9], "texture": "#0"},
				"west": {"uv": [6.5, 10.5, 7, 14.5], "texture": "#0"},
				"up": {"uv": [2.5, 10, 6.5, 10.5], "texture": "#0"},
				"down": {"uv": [2.5, 14.5, 6.5, 15], "texture": "#0"}
			}
		},
		{
			"from": [10, 3.75, 3.5],
			"to": [12.25, 7, 5.75],
			"rotation": {"angle": 0, "axis": "y", "origin": [10.25, 3.75, 2]},
			"faces": {
				"north": {"uv": [2.5, 13, 3.5, 14.5], "texture": "#0"},
				"east": {"uv": [1.5, 13, 2.5, 14.5], "texture": "#0"},
				"south": {"uv": [1.5, 13, 2.5, 14.5], "texture": "#0"},
				"west": {"uv": [3.5, 13, 2.5, 14.5], "texture": "#0"},
				"up": {"uv": [2.5, 13, 3.5, 14], "texture": "#0"},
				"down": {"uv": [2.5, 14, 3.5, 15], "texture": "#0"}
			}
		},
		{
			"from": [11, 6, 5],
			"to": [12, 12, 7],
			"rotation": {"angle": 0, "axis": "y", "origin": [11, 6, 5]},
			"faces": {
				"north": {"uv": [0, 0, 1, 6], "texture": "#missing"},
				"east": {"uv": [1, 10.5, 2, 13.5], "texture": "#0"},
				"south": {"uv": [1, 10.5, 1.5, 13.5], "texture": "#0"},
				"west": {"uv": [11.5, 5, 12.5, 8], "texture": "#0"},
				"up": {"uv": [2.5, 9, 3, 10], "texture": "#0"},
				"down": {"uv": [1, 13.5, 1.5, 13], "texture": "#0"}
			}
		},
		{
			"from": [4, 6, 5],
			"to": [5, 12, 7],
			"rotation": {"angle": 0, "axis": "y", "origin": [4, 6, 5]},
			"faces": {
				"north": {"uv": [0, 0, 1, 6], "texture": "#missing"},
				"east": {"uv": [11.5, 5, 12.5, 8], "texture": "#0"},
				"south": {"uv": [1, 10.5, 1.5, 13.5], "texture": "#0"},
				"west": {"uv": [7, 10.5, 8, 13.5], "texture": "#0"},
				"up": {"uv": [6, 9, 6.5, 10], "texture": "#0"},
				"down": {"uv": [1, 13.5, 1.5, 13], "texture": "#0"}
			}
		},
		{
			"from": [5, 11, 5],
			"to": [11, 12, 7],
			"rotation": {"angle": 0, "axis": "y", "origin": [7, 6, 5]},
			"faces": {
				"north": {"uv": [0, 0, 6, 1], "texture": "#missing"},
				"east": {"uv": [0, 0, 2, 1], "texture": "#missing"},
				"south": {"uv": [3, 9, 6, 9.5], "texture": "#0"},
				"west": {"uv": [0, 0, 2, 1], "texture": "#missing"},
				"up": {"uv": [3, 10, 6, 9], "texture": "#0"},
				"down": {"uv": [10, 5.5, 13, 6.5], "texture": "#0"}
			}
		},
		{
			"from": [11.5, 7, 7],
			"to": [11.5, 9, 11.75],
			"rotation": {"angle": 0, "axis": "y", "origin": [11.5, 7, 7]},
			"faces": {
				"north": {"uv": [0, 0, 0, 2], "texture": "#missing"},
				"east": {"uv": [3.5, 1, 6, 2], "texture": "#0"},
				"south": {"uv": [0, 0, 0, 2], "texture": "#missing"},
				"west": {"uv": [4, 1, 6.5, 2], "texture": "#0"},
				"up": {"uv": [0, 0, 0, 5], "texture": "#missing"},
				"down": {"uv": [0, 0, 0, 5], "texture": "#missing"}
			}
		},
		{
			"from": [4.5, 7, 11.75],
			"to": [11.5, 9, 11.75],
			"rotation": {"angle": 0, "axis": "y", "origin": [10.25, 7, 11.75]},
			"faces": {
				"north": {"uv": [10, 5, 14, 6], "texture": "#0"},
				"east": {"uv": [0, 0, 0, 2], "texture": "#missing"},
				"south": {"uv": [10, 5, 14, 6], "texture": "#0"},
				"west": {"uv": [0, 0, 0, 2], "texture": "#missing"},
				"up": {"uv": [0, 0, 0, 5], "rotation": 90, "texture": "#missing"},
				"down": {"uv": [0, 0, 0, 5], "rotation": 270, "texture": "#missing"}
			}
		},
		{
			"from": [4.5, 7, 7],
			"to": [4.5, 9, 11.75],
			"rotation": {"angle": 0, "axis": "y", "origin": [4.5, 7, 7]},
			"faces": {
				"north": {"uv": [0, 0, 0, 2], "texture": "#missing"},
				"east": {"uv": [3.5, 1, 6, 2], "texture": "#0"},
				"south": {"uv": [0, 0, 0, 2], "texture": "#missing"},
				"west": {"uv": [4, 1, 6.5, 2], "texture": "#0"},
				"up": {"uv": [0, 0, 0, 5], "texture": "#missing"},
				"down": {"uv": [0, 0, 0, 5], "texture": "#missing"}
			}
		}
	],
	"display": {
		"thirdperson_righthand": {
			"rotation": [16, 132, 10],
			"translation": [-0.25, 3, -2]
		},
		"thirdperson_lefthand": {
			"rotation": [16, 132, 10],
			"translation": [-0.25, 3, -2]
		},
		"firstperson_righthand": {
			"rotation": [167.39, 42.45, -168.79],
			"translation": [-1, 5.25, -0.5]
		},
		"firstperson_lefthand": {
			"rotation": [167.39, 42.45, -168.79],
			"translation": [-1, 5.25, -0.5]
		},
		"ground": {
			"rotation": [26, 0, 0],
			"translation": [0, 0.5, 0],
			"scale": [1.31836, 1.31836, 1.31836]
		},
		"gui": {
			"rotation": [23, 144, 0],
			"translation": [0.75, 0.75, 0],
			"scale": [1.16992, 1.16992, 1.16992]
		},
		"head": {
			"scale": [1.83984, 1.83984, 1.83984]
		},
		"fixed": {
			"translation": [0, 0, 5.25],
			"scale": [2.36914, 2.36914, 2.36914]
		}
	},
	"groups": [
		{
			"name": "group",
			"origin": [7, 5, 5],
			"color": 0,
			"nbt": "{}",
			"children": [0, 1, 2, 3, 4, 5]
		},
		{
			"name": "group",
			"origin": [4.75, 7, 7],
			"color": 0,
			"nbt": "{}",
			"children": [6, 7, 8]
		}
	]
}