{"texture_size":[64,64],"elements":[{"from":[3,-0.75,-0.7],"to":[13,2.25,11.3],"rotation":{"angle":-22.5,"axis":"x","origin":[8,0.25,7.3]},"faces":{"north":{"uv":[12,11.75,14.5,12.5],"texture":"#0"},"east":{"uv":[10.75,6.5,13.75,7.25],"texture":"#0"},"south":{"uv":[3,12.25,5.5,13],"texture":"#0"},"west":{"uv":[0,11.75,3,12.5],"texture":"#0"},"up":{"uv":[2.5,10,0,7],"texture":"#0"},"down":{"uv":[11,0,8.5,3],"texture":"#0"}}},{"from":[2.5,-1.75,8.3],"to":[13.5,3.25,13.3],"rotation":{"angle":-22.5,"axis":"x","origin":[7.5,0.25,7.3]},"faces":{"north":{"uv":[10.75,9.25,13.5,10.5],"texture":"#0"},"east":{"uv":[5.5,12.25,6.75,13.5],"texture":"#0"},"south":{"uv":[10.75,10.5,13.5,11.75],"texture":"#0"},"west":{"uv":[6.75,12.25,8,13.5],"texture":"#0"},"up":{"uv":[13.75,1.25,11,0],"texture":"#0"},"down":{"uv":[13.75,1.25,11,2.5],"texture":"#0"}}},{"from":[3.999,2.249,-0.201],"to":[12.001,4.251,7.801],"rotation":{"angle":-22.5,"axis":"x","origin":[8,0.25,7.3]},"faces":{"north":{"uv":[12.75,8.75,14.75,9.25],"texture":"#0"},"east":{"uv":[0.5,13,2.5,13.5],"texture":"#0"},"south":{"uv":[2.5,13,4.5,13.5],"texture":"#0"},"west":{"uv":[8.5,13,10.5,13.5],"texture":"#0"},"up":{"uv":[6.5,11,4.5,9],"texture":"#0"},"down":{"uv":[8.5,9,6.5,11],"texture":"#0"}}},{"from":[4,0.31306,-2.32381],"to":[12,2.31306,7.67619],"rotation":{"angle":22.5,"axis":"x","origin":[8.5,7.31306,10.67619]},"faces":{"north":{"uv":[2.5,9.5,4.5,10],"texture":"#0"},"east":{"uv":[12.75,7.25,15.25,7.75],"texture":"#0"},"south":{"uv":[12.75,8.25,14.75,8.75],"texture":"#0"},"west":{"uv":[12.75,7.75,15.25,8.25],"texture":"#0"},"up":{"uv":[4.5,9.5,2.5,7],"texture":"#0"},"down":{"uv":[10.5,7.5,8.5,10],"texture":"#0"}}},{"from":[12,2.25,-0.2],"to":[4,4.25,7.8],"rotation":{"angle":-22.5,"axis":"x","origin":[16,0.25,7.3]},"faces":{"north":{"uv":[12.75,8.75,14.75,9.25],"texture":"#0"},"east":{"uv":[0.5,13,2.5,13.5],"texture":"#0"},"south":{"uv":[2.5,13,4.5,13.5],"texture":"#0"},"west":{"uv":[8.5,13,10.5,13.5],"texture":"#0"},"up":{"uv":[6.5,11,4.5,9],"texture":"#0"},"down":{"uv":[8.5,9,6.5,11],"texture":"#0"}}},{"from":[12,0.31306,-2.32381],"to":[4,2.31306,7.67619],"rotation":{"angle":22.5,"axis":"x","origin":[16.5,7.31306,10.67619]},"faces":{"north":{"uv":[2.5,9.5,4.5,10],"texture":"#0"},"east":{"uv":[12.75,7.25,15.25,7.75],"texture":"#0"},"south":{"uv":[12.75,8.25,14.75,8.75],"texture":"#0"},"west":{"uv":[12.75,7.75,15.25,8.25],"texture":"#0"},"up":{"uv":[4.5,9.5,2.5,7],"texture":"#0"},"down":{"uv":[10.5,7.5,8.5,10],"texture":"#0"}}},{"from":[3.998,2.31106,-2.32581],"to":[12.002,7.31506,4.67819],"rotation":{"angle":22.5,"axis":"x","origin":[8.5,7.31306,10.67619]},"faces":{"north":{"uv":[4.5,11,6.5,12.25],"texture":"#0"},"east":{"uv":[8.5,11.75,10.25,13],"texture":"#0"},"south":{"uv":[6.5,11,8.5,12.25],"texture":"#0"},"west":{"uv":[10.25,11.75,12,13],"texture":"#0"},"up":{"uv":[12.75,4.75,10.75,3],"texture":"#0"},"down":{"uv":[12.75,4.75,10.75,6.5],"texture":"#0"}}},{"from":[3.5,3.07843,4.82843],"to":[12.5,10.07843,13.82843],"rotation":{"angle":22.5,"axis":"x","origin":[8,8.07843,8.82843]},"faces":{"north":{"uv":[0,10,2.25,11.75],"texture":"#0"},"east":{"uv":[2.25,10,4.5,11.75],"texture":"#0"},"south":{"uv":[8.5,10,10.75,11.75],"texture":"#0"},"west":{"uv":[10.5,7.5,12.75,9.25],"texture":"#0"},"up":{"uv":[10.75,5.25,8.5,3],"texture":"#0"},"down":{"uv":[10.75,5.25,8.5,7.5],"texture":"#0"}}},{"from":[8,3.07843,0.82843],"to":[8,17.07843,18.82843],"rotation":{"angle":22.5,"axis":"x","origin":[7.5,8.07843,8.82843]},"faces":{"north":{"uv":[0,0,0,3.5],"texture":"#0"},"east":{"uv":[0,0,4.5,3.5],"texture":"#0"},"south":{"uv":[0,0,0,3.5],"texture":"#0"},"west":{"uv":[0,3.5,4.5,7],"texture":"#0"},"up":{"uv":[0,4.5,0,0],"texture":"#0"},"down":{"uv":[0,0,0,4.5],"texture":"#0"}}},{"from":[2.5,9.07843,3.82843],"to":[4.5,11.07843,10.82843],"rotation":{"angle":22.5,"axis":"x","origin":[8,8.07843,8.82843]},"faces":{"north":{"uv":[13.75,0.5,14.25,1],"texture":"#0"},"east":{"uv":[13.25,4,15,4.5],"texture":"#0"},"south":{"uv":[13.75,1,14.25,1.5],"texture":"#0"},"west":{"uv":[13.25,4.5,15,5],"texture":"#0"},"up":{"uv":[11,14.75,10.5,13],"texture":"#0"},"down":{"uv":[11.5,13,11,14.75],"texture":"#0"}}},{"from":[2.501,8.23794,11.05987],"to":[4.499,10.23594,22.05787],"rotation":{"angle":0,"axis":"y","origin":[3.5,9.23694,15.05887]},"faces":{"north":{"uv":[12.5,13.5,13,14],"texture":"#0"},"east":{"uv":[12.5,12.5,15.25,13],"texture":"#0"},"south":{"uv":[13,13.5,13.5,14],"texture":"#0"},"west":{"uv":[12.75,3,15.5,3.5],"texture":"#0"},"up":{"uv":[13.25,6.25,12.75,3.5],"texture":"#0"},"down":{"uv":[0.5,13,0,15.75],"texture":"#0"}}},{"from":[1.5,4.98694,11.05887],"to":[3.5,6.98694,17.05887],"rotation":{"angle":-22.5,"axis":"y","origin":[2.5,5.98694,15.05887]},"faces":{"north":{"uv":[13.5,13.5,14,14],"texture":"#0"},"east":{"uv":[3,11.75,4.5,12.25],"texture":"#0"},"south":{"uv":[13.75,0,14.25,0.5],"texture":"#0"},"west":{"uv":[5.5,13.5,7,14],"texture":"#0"},"up":{"uv":[4.25,15,3.75,13.5],"texture":"#0"},"down":{"uv":[7.5,13.5,7,15],"texture":"#0"}}},{"from":[3,0.98694,11.05887],"to":[5,2.98694,18.05887],"rotation":{"angle":22.5,"axis":"x","origin":[4,1.98694,15.05887]},"faces":{"north":{"uv":[1,14,1.5,14.5],"texture":"#0"},"east":{"uv":[13.25,6,15,6.5],"texture":"#0"},"south":{"uv":[1.5,14,2,14.5],"texture":"#0"},"west":{"uv":[1,13.5,2.75,14],"texture":"#0"},"up":{"uv":[3.25,15.25,2.75,13.5],"texture":"#0"},"down":{"uv":[3.75,13.5,3.25,15.25],"texture":"#0"}}},{"from":[11.5,9.07843,3.82843],"to":[13.5,11.07843,10.82843],"rotation":{"angle":22.5,"axis":"x","origin":[8,8.07843,8.82843]},"faces":{"north":{"uv":[14.25,0.5,13.75,1],"texture":"#0"},"east":{"uv":[15,4.5,13.25,5],"texture":"#0"},"south":{"uv":[14.25,1,13.75,1.5],"texture":"#0"},"west":{"uv":[15,4,13.25,4.5],"texture":"#0"},"up":{"uv":[10.5,14.75,11,13],"texture":"#0"},"down":{"uv":[11,13,11.5,14.75],"texture":"#0"}}},{"from":[11.5,8.23694,11.05887],"to":[13.5,10.23694,22.05887],"rotation":{"angle":0,"axis":"y","origin":[12.5,9.23694,15.05887]},"faces":{"north":{"uv":[13,13.5,12.5,14],"texture":"#0"},"east":{"uv":[15.5,3,12.75,3.5],"texture":"#0"},"south":{"uv":[13.5,13.5,13,14],"texture":"#0"},"west":{"uv":[15.25,12.5,12.5,13],"texture":"#0"},"up":{"uv":[12.75,6.25,13.25,3.5],"texture":"#0"},"down":{"uv":[0,13,0.5,15.75],"texture":"#0"}}},{"from":[12.5,4.98694,11.05887],"to":[14.5,6.98694,17.05887],"rotation":{"angle":22.5,"axis":"y","origin":[13.5,5.98694,15.05887]},"faces":{"north":{"uv":[14,13.5,13.5,14],"texture":"#0"},"east":{"uv":[7,13.5,5.5,14],"texture":"#0"},"south":{"uv":[14.25,0,13.75,0.5],"texture":"#0"},"west":{"uv":[4.5,11.75,3,12.25],"texture":"#0"},"up":{"uv":[3.75,15,4.25,13.5],"texture":"#0"},"down":{"uv":[7,13.5,7.5,15],"texture":"#0"}}},{"from":[11,0.98694,11.05887],"to":[13,2.98694,18.05887],"rotation":{"angle":22.5,"axis":"x","origin":[12,1.98694,15.05887]},"faces":{"north":{"uv":[1.5,14,1,14.5],"texture":"#0"},"east":{"uv":[2.75,13.5,1,14],"texture":"#0"},"south":{"uv":[2,14,1.5,14.5],"texture":"#0"},"west":{"uv":[15,6,13.25,6.5],"texture":"#0"},"up":{"uv":[2.75,15.25,3.25,13.5],"texture":"#0"},"down":{"uv":[3.25,13.5,3.75,15.25],"texture":"#0"}}}],"display":{"thirdperson_righthand":{"rotation":[50,0,0],"translation":[0,0.5,-1],"scale":[0.6,0.6,0.6]},"thirdperson_lefthand":{"rotation":[50,0,0],"translation":[0,0.5,-1],"scale":[0.6,0.6,0.6]},"firstperson_righthand":{"rotation":[0,10,0],"translation":[0.5,4,0],"scale":[0.5,0.5,0.5]},"firstperson_lefthand":{"rotation":[0,10,0],"translation":[0.5,4,0],"scale":[0.5,0.5,0.5]},"ground":{"translation":[0,4,0],"scale":[0.55,0.55,0.55]},"gui":{"rotation":[22.5,135,0],"translation":[-0.75,1.5,0],"scale":[0.6,0.6,0.6]},"head":{"translation":[0,6.25,0],"scale":[1.62,1.62,1.62]},"fixed":{"rotation":[-78,0,0],"translation":[0,0,-13.5],"scale":[1.5,1.5,1.5]}}}