{
	"credit": "Made with Blockbench",
	"texture_size": [64, 64],
	"textures": {
		"1": "./soul_ray_texture",
		"particle": "./soul_ray_texture"
	},
	"elements": [
		{
			"from": [7.2, 0.4, 7.6],
			"to": [8.8, 7.8, 8.4],
			"rotation": {"angle": 0, "axis": "y", "origin": [7, 0, 7]},
			"faces": {
				"north": {"uv": [3.5, 1.5, 3.90625, 3.34375], "texture": "#1"},
				"east": {"uv": [2, 5.25, 2.1875, 7.09375], "texture": "#1"},
				"south": {"uv": [3.5, 3.5, 3.90625, 5.34375], "texture": "#1"},
				"west": {"uv": [2.25, 5.25, 2.4375, 7.09375], "texture": "#1"},
				"up": {"uv": [6.90625, 1.1875, 6.5, 1], "texture": "#1"},
				"down": {"uv": [2.90625, 6.5, 2.5, 6.6875], "texture": "#1"}
			}
		},
		{
			"from": [4.1, 5.3, 8],
			"to": [11.9, 7.4, 8],
			"rotation": {"angle": 0, "axis": "y", "origin": [7, 2, 7]},
			"faces": {
				"north": {"uv": [3.5, 0, 5.4375, 0.53125], "texture": "#1"},
				"east": {"uv": [0, 0, 0, 0.53125], "texture": "#1"},
				"south": {"uv": [3.5, 0.75, 5.4375, 1.28125], "texture": "#1"},
				"west": {"uv": [0, 0, 0, 0.53125], "texture": "#1"},
				"up": {"uv": [1.9375, 0, 0, 0], "texture": "#1"},
				"down": {"uv": [1.9375, 0, 0, 0], "texture": "#1"}
			}
		},
		{
			"from": [7.1003, 6.2003, 7.8003],
			"to": [8.8997, 7.5997, 8.1997],
			"rotation": {"angle": 0, "axis": "y", "origin": [7, 0, 7]},
			"faces": {
				"north": {"uv": [5.75, 4.75, 6.1875, 5.09375], "texture": "#1"},
				"east": {"uv": [0, 7, 0.09375, 7.34375], "texture": "#1"},
				"south": {"uv": [5.5, 5.75, 5.9375, 6.09375], "texture": "#1"},
				"west": {"uv": [0.25, 7, 0.34375, 7.34375], "texture": "#1"},
				"up": {"uv": [0.9375, 6.84375, 0.5, 6.75], "texture": "#1"},
				"down": {"uv": [7.1875, 1.5, 6.75, 1.59375], "texture": "#1"}
			}
		},
		{
			"from": [6.2003, 7.6003, 7.8003],
			"to": [9.7997, 8.7997, 8.1997],
			"rotation": {"angle": 0, "axis": "y", "origin": [7, 1.4, 7]},
			"faces": {
				"north": {"uv": [5.75, 1.25, 6.65625, 1.5625], "texture": "#1"},
				"east": {"uv": [0.5, 7, 0.59375, 7.3125], "texture": "#1"},
				"south": {"uv": [5.75, 1.75, 6.65625, 2.0625], "texture": "#1"},
				"west": {"uv": [0.75, 7, 0.84375, 7.3125], "texture": "#1"},
				"up": {"uv": [7.40625, 0.59375, 6.5, 0.5], "texture": "#1"},
				"down": {"uv": [7.40625, 0.75, 6.5, 0.84375], "texture": "#1"}
			}
		},
		{
			"from": [6.3, 7.3, 8],
			"to": [9.7, 27.1, 8],
			"rotation": {"angle": 0, "axis": "y", "origin": [7, 1.8, 7]},
			"faces": {
				"north": {"uv": [0, 0, 0.84375, 4.9375], "texture": "#1"},
				"east": {"uv": [0, 0, 0, 4.9375], "texture": "#1"},
				"south": {"uv": [1, 0, 1.84375, 4.9375], "texture": "#1"},
				"west": {"uv": [0, 0, 0, 4.9375], "texture": "#1"},
				"up": {"uv": [0.84375, 0, 0, 0], "texture": "#1"},
				"down": {"uv": [0.84375, 0, 0, 0], "texture": "#1"}
			}
		},
		{
			"from": [6.4994, 6.8994, 7.8994],
			"to": [9.5006, 27.1006, 8.1006],
			"rotation": {"angle": 0, "axis": "y", "origin": [7, 1.8, 7]},
			"faces": {
				"north": {"uv": [2, 0, 2.75, 5.0625], "texture": "#1"},
				"east": {"uv": [5.5, 0, 5.5625, 5.0625], "texture": "#1"},
				"south": {"uv": [2.75, 0, 3.5, 5.0625], "texture": "#1"},
				"west": {"uv": [1, 5.5, 1.0625, 10.5625], "texture": "#1"},
				"up": {"uv": [7.25, 5.3125, 6.5, 5.25], "texture": "#1"},
				"down": {"uv": [7.25, 5.5, 6.5, 5.5625], "texture": "#1"}
			}
		},
		{
			"from": [7.73761, 26.85219, 7.9006],
			"to": [10.63701, 27.95159, 8.1],
			"rotation": {"angle": 22.5, "axis": "z", "origin": [8.98731, 26.75189, 8.0003]},
			"faces": {
				"north": {"uv": [3.5, 5.5, 4.3125, 5.875], "texture": "#1"},
				"east": {"uv": [4.75, 7, 4.8125, 7.375], "texture": "#1"},
				"south": {"uv": [4.5, 5.5, 5.3125, 5.875], "texture": "#1"},
				"west": {"uv": [7, 4.75, 7.0625, 5.125], "texture": "#1"},
				"up": {"uv": [7.3125, 4.0625, 6.5, 4], "texture": "#1"},
				"down": {"uv": [7.3125, 4.25, 6.5, 4.3125], "texture": "#1"}
			}
		},
		{
			"from": [7.82081, 26.62139, 8],
			"to": [10.82141, 27.92199, 8.0006],
			"rotation": {"angle": 22.5, "axis": "z", "origin": [9.07111, 26.62169, 8.0003]},
			"faces": {
				"north": {"uv": [0, 5, 0.84375, 5.4375], "texture": "#1"},
				"east": {"uv": [0, 0, 0, 0.4375], "texture": "#1"},
				"south": {"uv": [1, 5, 1.84375, 5.4375], "texture": "#1"},
				"west": {"uv": [0, 0, 0, 0.4375], "texture": "#1"},
				"up": {"uv": [0.84375, 0, 0, 0], "texture": "#1"},
				"down": {"uv": [0.84375, 0, 0, 0], "texture": "#1"}
			}
		},
		{
			"from": [5.07544, 26.47235, 8],
			"to": [8.07604, 27.77295, 8.0006],
			"rotation": {"angle": -22.5, "axis": "z", "origin": [6.82574, 26.57265, 8.0003]},
			"faces": {
				"north": {"uv": [2.5, 5.25, 3.34375, 5.65625], "texture": "#1"},
				"east": {"uv": [0, 0, 0, 0.40625], "texture": "#1"},
				"south": {"uv": [0, 5.5, 0.84375, 5.90625], "texture": "#1"},
				"west": {"uv": [0, 0, 0, 0.40625], "texture": "#1"},
				"up": {"uv": [0.84375, 0, 0, 0], "texture": "#1"},
				"down": {"uv": [0.84375, 0, 0, 0], "texture": "#1"}
			}
		},
		{
			"from": [5.22531, 26.7127, 7.9003],
			"to": [8.12411, 27.8115, 8.0991],
			"rotation": {"angle": -22.5, "axis": "z", "origin": [6.87471, 26.6121, 7.9997]},
			"faces": {
				"north": {"uv": [5.5, 5.25, 6.3125, 5.625], "texture": "#1"},
				"east": {"uv": [7, 5.75, 7.0625, 6.125], "texture": "#1"},
				"south": {"uv": [5.75, 0, 6.5625, 0.375], "texture": "#1"},
				"west": {"uv": [6.5, 7, 6.5625, 7.375], "texture": "#1"},
				"up": {"uv": [5.3125, 6.5625, 4.5, 6.5], "texture": "#1"},
				"down": {"uv": [7.3125, 4.5, 6.5, 4.5625], "texture": "#1"}
			}
		},
		{
			"from": [6.7226, 28.05599, 7.9],
			"to": [8.8226, 31.15599, 8.1],
			"rotation": {"angle": -45, "axis": "z", "origin": [6.6226, 29.30599, 8]},
			"faces": {
				"north": {"uv": [4, 1.5, 4.6875, 2.375], "texture": "#1"},
				"east": {"uv": [5.75, 6.25, 5.8125, 7.125], "texture": "#1"},
				"south": {"uv": [4, 2.5, 4.6875, 3.375], "texture": "#1"},
				"west": {"uv": [4.25, 6.5, 4.3125, 7.375], "texture": "#1"},
				"up": {"uv": [7.4375, 0.3125, 6.75, 0.25], "texture": "#1"},
				"down": {"uv": [7.4375, 1.25, 6.75, 1.3125], "texture": "#1"}
			}
		},
		{
			"from": [7.1386, 28.19626, 7.9003],
			"to": [9.1392, 31.09686, 8.1009],
			"rotation": {"angle": 45, "axis": "z", "origin": [9.2389, 29.44656, 8.0006]},
			"faces": {
				"north": {"uv": [4.75, 3.5, 5.34375, 4.3125], "texture": "#1"},
				"east": {"uv": [5.5, 6.5, 5.5625, 7.3125], "texture": "#1"},
				"south": {"uv": [4.75, 4.5, 5.34375, 5.3125], "texture": "#1"},
				"west": {"uv": [6.25, 6.5, 6.3125, 7.3125], "texture": "#1"},
				"up": {"uv": [7.34375, 6.3125, 6.75, 6.25], "texture": "#1"},
				"down": {"uv": [7.09375, 6.75, 6.5, 6.8125], "texture": "#1"}
			}
		},
		{
			"from": [7.2774, 28.15599, 8],
			"to": [9.3774, 30.95599, 8],
			"rotation": {"angle": 45, "axis": "z", "origin": [9.3774, 29.30599, 8]},
			"faces": {
				"north": {"uv": [4.75, 1.5, 5.375, 2.3125], "texture": "#1"},
				"east": {"uv": [0, 0, 0, 0.8125], "texture": "#1"},
				"south": {"uv": [4.75, 2.5, 5.375, 3.3125], "texture": "#1"},
				"west": {"uv": [0, 0, 0, 0.8125], "texture": "#1"},
				"up": {"uv": [0.625, 0, 0, 0], "texture": "#1"},
				"down": {"uv": [0.625, 0, 0, 0], "texture": "#1"}
			}
		},
		{
			"from": [6.6226, 27.95599, 8],
			"to": [8.7226, 31.25599, 8],
			"rotation": {"angle": -45, "axis": "z", "origin": [6.6226, 29.30599, 8]},
			"faces": {
				"north": {"uv": [4, 3.5, 4.625, 4.4375], "texture": "#1"},
				"east": {"uv": [0, 0, 0, 0.9375], "texture": "#1"},
				"south": {"uv": [4, 4.5, 4.625, 5.4375], "texture": "#1"},
				"west": {"uv": [0, 0, 0, 0.9375], "texture": "#1"},
				"up": {"uv": [0.625, 0, 0, 0], "texture": "#1"},
				"down": {"uv": [0.625, 0, 0, 0], "texture": "#1"}
			}
		},
		{
			"from": [5.5, 6.8, 7.8],
			"to": [7.5, 7.6, 8.2],
			"rotation": {"angle": -45, "axis": "z", "origin": [6.6, 7.15, 8]},
			"faces": {
				"north": {"uv": [2.5, 6.25, 3, 6.4375], "texture": "#1"},
				"east": {"uv": [7, 6.5, 7.09375, 6.6875], "texture": "#1"},
				"south": {"uv": [6.25, 6.25, 6.75, 6.4375], "texture": "#1"},
				"west": {"uv": [6.75, 7, 6.84375, 7.1875], "texture": "#1"},
				"up": {"uv": [7, 5.84375, 6.5, 5.75], "texture": "#1"},
				"down": {"uv": [7, 6.5, 6.5, 6.59375], "texture": "#1"}
			}
		},
		{
			"from": [8.5, 6.8, 7.8],
			"to": [10.5, 7.6, 8.2],
			"rotation": {"angle": 45, "axis": "z", "origin": [9.4, 7.15, 8]},
			"faces": {
				"north": {"uv": [0, 6.5, 0.5, 6.6875], "texture": "#1"},
				"east": {"uv": [7, 7, 7.09375, 7.1875], "texture": "#1"},
				"south": {"uv": [0.5, 6.5, 1, 6.6875], "texture": "#1"},
				"west": {"uv": [7.25, 0, 7.34375, 0.1875], "texture": "#1"},
				"up": {"uv": [0.5, 6.84375, 0, 6.75], "texture": "#1"},
				"down": {"uv": [7.25, 0, 6.75, 0.09375], "texture": "#1"}
			}
		},
		{
			"from": [11.5725, 6.70802, 7.9],
			"to": [12.2725, 9.20802, 8.1],
			"rotation": {"angle": -22.5, "axis": "z", "origin": [11.9225, 7.60802, 8]},
			"faces": {
				"north": {"uv": [6, 6, 6.1875, 6.625], "texture": "#1"},
				"east": {"uv": [2.5, 6.75, 2.5625, 7.375], "texture": "#1"},
				"south": {"uv": [1.25, 6.25, 1.4375, 6.875], "texture": "#1"},
				"west": {"uv": [2.75, 6.75, 2.8125, 7.375], "texture": "#1"},
				"up": {"uv": [2.4375, 7.3125, 2.25, 7.25], "texture": "#1"},
				"down": {"uv": [7.4375, 2.75, 7.25, 2.8125], "texture": "#1"}
			}
		},
		{
			"from": [3.7275, 6.70802, 7.9],
			"to": [4.4275, 9.20802, 8.1],
			"rotation": {"angle": 22.5, "axis": "z", "origin": [4.0775, 7.60802, 8]},
			"faces": {
				"north": {"uv": [1.5, 6.25, 1.6875, 6.875], "texture": "#1"},
				"east": {"uv": [3, 6.75, 3.0625, 7.375], "texture": "#1"},
				"south": {"uv": [1.75, 6.25, 1.9375, 6.875], "texture": "#1"},
				"west": {"uv": [3.25, 6.75, 3.3125, 7.375], "texture": "#1"},
				"up": {"uv": [7.4375, 3.0625, 7.25, 3], "texture": "#1"},
				"down": {"uv": [7.4375, 3.25, 7.25, 3.3125], "texture": "#1"}
			}
		},
		{
			"from": [2.5275, 5.80802, 8],
			"to": [3.4275, 8.90802, 8],
			"rotation": {"angle": -22.5, "axis": "z", "origin": [3.0775, 7.30802, 8]},
			"faces": {
				"north": {"uv": [5.75, 2.75, 5.96875, 3.53125], "texture": "#1"},
				"east": {"uv": [0, 0, 0, 0.78125], "texture": "#1"},
				"south": {"uv": [3, 5.75, 3.21875, 6.53125], "texture": "#1"},
				"west": {"uv": [0, 0, 0, 0.78125], "texture": "#1"},
				"up": {"uv": [0.21875, 0, 0, 0], "texture": "#1"},
				"down": {"uv": [0.21875, 0, 0, 0], "texture": "#1"}
			}
		},
		{
			"from": [12.5725, 5.80802, 8],
			"to": [13.4725, 8.90802, 8],
			"rotation": {"angle": 22.5, "axis": "z", "origin": [12.9225, 7.30802, 8]},
			"faces": {
				"north": {"uv": [5.96875, 2.75, 5.75, 3.53125], "texture": "#1"},
				"east": {"uv": [0, 0, 0, 0.78125], "texture": "#1"},
				"south": {"uv": [3.21875, 5.75, 3, 6.53125], "texture": "#1"},
				"west": {"uv": [0, 0, 0, 0.78125], "texture": "#1"},
				"up": {"uv": [0, 0, 0.21875, 0], "texture": "#1"},
				"down": {"uv": [0, 0, 0.21875, 0], "texture": "#1"}
			}
		},
		{
			"from": [3.8808, 7.23555, 7.7997],
			"to": [6.3814, 7.93615, 8.2003],
			"rotation": {"angle": 22.5, "axis": "z", "origin": [5.4811, 7.48585, 8]},
			"faces": {
				"north": {"uv": [6.25, 2.25, 6.875, 2.4375], "texture": "#1"},
				"east": {"uv": [1.25, 7.25, 1.34375, 7.4375], "texture": "#1"},
				"south": {"uv": [6.25, 2.5, 6.875, 2.6875], "texture": "#1"},
				"west": {"uv": [1.5, 7.25, 1.59375, 7.4375], "texture": "#1"},
				"up": {"uv": [7.125, 2.84375, 6.5, 2.75], "texture": "#1"},
				"down": {"uv": [7.125, 3, 6.5, 3.09375], "texture": "#1"}
			}
		},
		{
			"from": [9.6186, 7.23555, 7.7997],
			"to": [12.1192, 7.93615, 8.2003],
			"rotation": {"angle": -22.5, "axis": "z", "origin": [10.5189, 7.48585, 8]},
			"faces": {
				"north": {"uv": [6.25, 5, 6.875, 5.1875], "texture": "#1"},
				"east": {"uv": [2, 7.25, 2.09375, 7.4375], "texture": "#1"},
				"south": {"uv": [6.25, 6, 6.875, 6.1875], "texture": "#1"},
				"west": {"uv": [7.25, 2, 7.34375, 2.1875], "texture": "#1"},
				"up": {"uv": [7.125, 3.59375, 6.5, 3.5], "texture": "#1"},
				"down": {"uv": [7.125, 3.75, 6.5, 3.84375], "texture": "#1"}
			}
		},
		{
			"from": [7, -0.5, 7.5],
			"to": [9, 1.5, 8.5],
			"rotation": {"angle": -45, "axis": "z", "origin": [8, 0.5, 8]},
			"faces": {
				"north": {"uv": [5.75, 2.25, 6.25, 2.75], "texture": "#1"},
				"east": {"uv": [4.5, 6, 4.75, 6.5], "texture": "#1"},
				"south": {"uv": [2.5, 5.75, 3, 6.25], "texture": "#1"},
				"west": {"uv": [4.75, 6, 5, 6.5], "texture": "#1"},
				"up": {"uv": [5.5, 6.25, 5, 6], "texture": "#1"},
				"down": {"uv": [6.5, 5.75, 6, 6], "texture": "#1"}
			}
		},
		{
			"from": [7.3, -1.4, 8],
			"to": [9.5, 0.7, 8],
			"rotation": {"angle": -45, "axis": "z", "origin": [8, 0, 8]},
			"faces": {
				"north": {"uv": [1.25, 5.5, 1.8125, 6.03125], "texture": "#1"},
				"east": {"uv": [0, 0, 0, 0.53125], "texture": "#1"},
				"south": {"uv": [5.75, 0.5, 6.3125, 1.03125], "texture": "#1"},
				"west": {"uv": [0, 0, 0, 0.53125], "texture": "#1"},
				"up": {"uv": [0.5625, 0, 0, 0], "texture": "#1"},
				"down": {"uv": [0.5625, 0, 0, 0], "texture": "#1"}
			}
		},
		{
			"from": [6.7, -0.9, 8],
			"to": [7.3, -0.6, 8],
			"rotation": {"angle": -45, "axis": "z", "origin": [8, 0, 8]},
			"faces": {
				"north": {"uv": [7.25, 3.5, 7.40625, 3.5625], "texture": "#1"},
				"east": {"uv": [0, 0, 0, 0.0625], "texture": "#1"},
				"south": {"uv": [7.25, 3.75, 7.40625, 3.8125], "texture": "#1"},
				"west": {"uv": [0, 0, 0, 0.0625], "texture": "#1"},
				"up": {"uv": [0.15625, 0, 0, 0], "texture": "#1"},
				"down": {"uv": [0.15625, 0, 0, 0], "texture": "#1"}
			}
		},
		{
			"from": [8.7, -0.9, 8],
			"to": [9.3, -0.6, 8],
			"rotation": {"angle": 45, "axis": "z", "origin": [8, 0, 8]},
			"faces": {
				"north": {"uv": [4, 7.25, 4.15625, 7.3125], "texture": "#1"},
				"east": {"uv": [0, 0, 0, 0.0625], "texture": "#1"},
				"south": {"uv": [7.25, 4.75, 7.40625, 4.8125], "texture": "#1"},
				"west": {"uv": [0, 0, 0, 0.0625], "texture": "#1"},
				"up": {"uv": [0.15625, 0, 0, 0], "texture": "#1"},
				"down": {"uv": [0.15625, 0, 0, 0], "texture": "#1"}
			}
		},
		{
			"from": [7.2, 6.6, 7.4],
			"to": [8.8, 7, 8.6],
			"rotation": {"angle": -45, "axis": "z", "origin": [8, 6.2, 8]},
			"faces": {
				"north": {"uv": [6.75, 1.75, 7.15625, 1.84375], "texture": "#1"},
				"east": {"uv": [7, 1, 7.3125, 1.09375], "texture": "#1"},
				"south": {"uv": [6.75, 2, 7.15625, 2.09375], "texture": "#1"},
				"west": {"uv": [1.25, 7, 1.5625, 7.09375], "texture": "#1"},
				"up": {"uv": [0.40625, 6.3125, 0, 6], "texture": "#1"},
				"down": {"uv": [0.90625, 6, 0.5, 6.3125], "texture": "#1"}
			}
		},
		{
			"from": [6.77574, 5.57574, 7.4],
			"to": [8.37574, 5.97574, 8.6],
			"rotation": {"angle": -45, "axis": "z", "origin": [7.57574, 5.77574, 8]},
			"faces": {
				"north": {"uv": [3.5, 6.75, 3.90625, 6.84375], "texture": "#1"},
				"east": {"uv": [7, 2.25, 7.3125, 2.34375], "texture": "#1"},
				"south": {"uv": [4.5, 6.75, 4.90625, 6.84375], "texture": "#1"},
				"west": {"uv": [7, 2.5, 7.3125, 2.59375], "texture": "#1"},
				"up": {"uv": [6.40625, 3.0625, 6, 2.75], "texture": "#1"},
				"down": {"uv": [6.40625, 3.25, 6, 3.5625], "texture": "#1"}
			}
		},
		{
			"from": [7.37544, 5.82396, 7.3997],
			"to": [7.77604, 7.42456, 8.6003],
			"rotation": {"angle": -45, "axis": "z", "origin": [7.57574, 6.62426, 8]},
			"faces": {
				"north": {"uv": [4, 6.75, 4.09375, 7.15625], "texture": "#1"},
				"east": {"uv": [3.5, 6, 3.8125, 6.40625], "texture": "#1"},
				"south": {"uv": [5, 6.75, 5.09375, 7.15625], "texture": "#1"},
				"west": {"uv": [6, 3.75, 6.3125, 4.15625], "texture": "#1"},
				"up": {"uv": [1.84375, 7.3125, 1.75, 7], "texture": "#1"},
				"down": {"uv": [3.59375, 7, 3.5, 7.3125], "texture": "#1"}
			}
		},
		{
			"from": [8.22396, 4.97544, 7.3997],
			"to": [8.62456, 6.57604, 8.6003],
			"rotation": {"angle": -45, "axis": "z", "origin": [8.42426, 5.77574, 8]},
			"faces": {
				"north": {"uv": [5.25, 6.75, 5.34375, 7.15625], "texture": "#1"},
				"east": {"uv": [4, 6, 4.3125, 6.40625], "texture": "#1"},
				"south": {"uv": [6, 6.75, 6.09375, 7.15625], "texture": "#1"},
				"west": {"uv": [6, 4.25, 6.3125, 4.65625], "texture": "#1"},
				"up": {"uv": [3.84375, 7.3125, 3.75, 7], "texture": "#1"},
				"down": {"uv": [4.59375, 7, 4.5, 7.3125], "texture": "#1"}
			}
		}
	],
	"display": {
		"thirdperson_righthand": {
			"rotation": [0, 90, 0],
			"translation": [0, 1.25, 1.25],
			"scale": [0.7, 0.7, 0.7]
		},
		"thirdperson_lefthand": {
			"rotation": [0, 90, 0],
			"translation": [0, 1.25, 1.5],
			"scale": [0.7, 0.7, 0.7]
		},
		"firstperson_righthand": {
			"rotation": [2.25, 88.25, 12.25],
			"translation": [0.25, 0, 1.75],
			"scale": [0.6, 0.6, 0.6]
		},
		"firstperson_lefthand": {
			"rotation": [2.48, 75.75, 13.56],
			"translation": [-0.25, -0.5, 2],
			"scale": [0.6, 0.6, 0.6]
		},
		"ground": {
			"rotation": [0, 0, 45],
			"translation": [0, 2.5, 0],
			"scale": [0.7, 0.7, 0.7]
		},
		"gui": {
			"rotation": [0, 0, -45],
			"translation": [-2.75, -3, 0],
			"scale": [0.7, 0.7, 0.7]
		},
		"fixed": {
			"translation": [0.25, -4, 0],
			"scale": [0.7, 0.7, 0.7]
		}
	}
}