{"texture_size":[64,64],"elements":[{"from":[3,-4,3],"to":[13,10,12],"rotation":{"angle":0,"axis":"y","origin":[7,0,7]},"faces":{"east":{"uv":[4.75,3.5,2.5,7],"texture":"#0"},"south":{"uv":[0,3.5,2.5,7],"texture":"#0"},"west":{"uv":[2.5,3.5,4.75,7],"texture":"#0"},"up":{"uv":[2.5,9.25,0,7],"texture":"#0"}}},{"from":[2.75,5,3.2],"to":[2.75,8,7.2],"rotation":{"angle":-22.5,"axis":"x","origin":[2.75,6.5,5.2]},"faces":{"east":{"uv":[2.5,1.5,1.5,2.25],"texture":"#0"},"south":{"uv":[0,0,0,0.75],"texture":"#0"},"west":{"uv":[1.5,1.5,2.5,2.25],"texture":"#0"},"up":{"uv":[0,1,0,0],"texture":"#0"}}},{"from":[13.25,5,3.2],"to":[13.25,8,7.2],"rotation":{"angle":-22.5,"axis":"x","origin":[13.25,6.5,5.2]},"faces":{"east":{"uv":[2.5,1.5,1.5,2.25],"texture":"#0"},"south":{"uv":[0,0,0,0.75],"texture":"#0"},"west":{"uv":[1.5,1.5,2.5,2.25],"texture":"#0"},"up":{"uv":[0,1,0,0],"texture":"#0"}}},{"from":[4.26014,9.899,0.74404],"to":[9.76014,9.899,3.74404],"rotation":{"angle":22.5,"axis":"y","origin":[9.26014,9.899,5.24404]},"faces":{"east":{"uv":[0,0,0.75,0],"texture":"#0"},"south":{"uv":[0,0,1.5,0],"texture":"#0"},"west":{"uv":[0,0,0.75,0],"texture":"#0"},"up":{"uv":[3,0.75,1.625,0],"texture":"#0"}}},{"from":[6.23986,9.899,0.74404],"to":[11.73986,9.899,3.74404],"rotation":{"angle":-22.5,"axis":"y","origin":[6.73986,9.899,5.24404]},"faces":{"east":{"uv":[0.75,0,0,0],"texture":"#0"},"south":{"uv":[1.5,0,0,0],"texture":"#0"},"west":{"uv":[0.75,0,0,0],"texture":"#0"},"up":{"uv":[1.625,0.75,3,0],"texture":"#0"}}},{"name":"cube inverted","from":[13,10,12],"to":[3,-4,3],"rotation":{"angle":0,"axis":"y","origin":[7,0,7]},"faces":{"north":{"uv":[0,7,2.5,3.5],"texture":"#0"},"east":{"uv":[2.5,7,5,3.5],"texture":"#0"},"west":{"uv":[5,7,2.5,3.5],"texture":"#0"},"down":{"uv":[0,9.5,2.5,7],"texture":"#0"}}},{"from":[-2.3343,6.75468,4],"to":[3.6657,13.75468,7],"rotation":{"angle":-22.5,"axis":"z","origin":[2.03702,12.35824,5.5]},"faces":{"north":{"uv":[3,1.5,4.5,3.25],"texture":"#0"},"east":{"uv":[6.25,1.5,7,3.25],"texture":"#0"},"south":{"uv":[4.5,1.5,3,3.25],"texture":"#0"},"west":{"uv":[5,6.25,5.75,8],"texture":"#0"},"up":{"uv":[8,6.25,6.5,5.5],"texture":"#0"},"down":{"uv":[8.5,1.75,7,2.5],"texture":"#0"}}},{"from":[0.09938,10.18836,4.05],"to":[7.09938,16.18836,6.95],"rotation":{"angle":22.5,"axis":"z","origin":[1.49582,11.81704,5.55]},"faces":{"north":{"uv":[4.5,1.75,6.25,3.25],"texture":"#0"},"east":{"uv":[3.5,0,4.25,1.5],"texture":"#0"},"south":{"uv":[6.25,1.75,4.5,3.25],"texture":"#0"},"west":{"uv":[6.75,3.25,7.5,4.75],"texture":"#0"},"up":{"uv":[7.5,7,5.75,6.25],"texture":"#0"},"down":{"uv":[8.25,4.75,6.5,5.5],"texture":"#0"}}},{"from":[5,12,4],"to":[11,18,7],"rotation":{"angle":0,"axis":"y","origin":[7,0,4.5]},"faces":{"north":{"uv":[5,4.75,6.5,6.25],"texture":"#0"},"east":{"uv":[3.25,7,4,8.5],"texture":"#0"},"south":{"uv":[6.5,4.75,5,6.25],"texture":"#0"},"west":{"uv":[3.25,7,4,8.5],"texture":"#0"},"up":{"uv":[8.5,3.25,7,2.5],"texture":"#0"},"down":{"uv":[7.25,7,5.75,7.75],"texture":"#0"}}},{"from":[8.90062,10.18836,4.05],"to":[15.90062,16.18836,6.95],"rotation":{"angle":-22.5,"axis":"z","origin":[14.50418,11.81704,5.55]},"faces":{"north":{"uv":[6.25,1.75,4.5,3.25],"texture":"#0"},"east":{"uv":[7.5,3.25,6.75,4.75],"texture":"#0"},"south":{"uv":[4.5,1.75,6.25,3.25],"texture":"#0"},"west":{"uv":[4.25,0,3.5,1.5],"texture":"#0"},"up":{"uv":[5.75,7,7.5,6.25],"texture":"#0"},"down":{"uv":[6.5,4.75,8.25,5.5],"texture":"#0"}}},{"from":[12.3343,6.75468,4],"to":[18.3343,13.75468,7],"rotation":{"angle":22.5,"axis":"z","origin":[13.96298,12.35824,5.5]},"faces":{"north":{"uv":[4.5,1.5,3,3.25],"texture":"#0"},"east":{"uv":[5.75,6.25,5,8],"texture":"#0"},"south":{"uv":[3,1.5,4.5,3.25],"texture":"#0"},"west":{"uv":[7,1.5,6.25,3.25],"texture":"#0"},"up":{"uv":[6.5,6.25,8,5.5],"texture":"#0"},"down":{"uv":[7,1.75,8.5,2.5],"texture":"#0"}}},{"from":[5.75,9,4.5],"to":[10.25,12,6.5],"rotation":{"angle":0,"axis":"y","origin":[7,-1,4.5]},"faces":{"north":{"uv":[4.25,0,5.5,0.75],"texture":"#0"},"east":{"uv":[5.5,0,6,0.75],"texture":"#0"},"south":{"uv":[4.25,0,5.5,0.75],"texture":"#0"},"west":{"uv":[5.5,0.75,6,1.5],"texture":"#0"},"up":{"uv":[6.25,3.75,5,3.25],"texture":"#0"},"down":{"uv":[6.25,3.75,5,4.25],"texture":"#0"}}},{"from":[2.91866,-3,3],"to":[8.41866,10,3],"rotation":{"angle":22.5,"axis":"y","origin":[2.91866,8,3]},"faces":{"north":{"uv":[1.375,0,0,3.25],"texture":"#0"},"east":{"uv":[0,0,0,3.25],"texture":"#0"},"south":{"uv":[1.375,0,0,3.25],"texture":"#0"},"west":{"uv":[0,0,0,3.25],"texture":"#0"},"up":{"uv":[1.5,0,0,0],"texture":"#0"},"down":{"uv":[1.5,0,0,0],"texture":"#0"}}},{"from":[7.58134,-3,3],"to":[13.08134,10,3],"rotation":{"angle":-22.5,"axis":"y","origin":[13.08134,8,3]},"faces":{"north":{"uv":[0,0,1.375,3.25],"texture":"#0"},"east":{"uv":[0,0,0,3.25],"texture":"#0"},"south":{"uv":[0,0,1.375,3.25],"texture":"#0"},"west":{"uv":[0,0,0,3.25],"texture":"#0"},"up":{"uv":[1.375,0,0,0],"texture":"#0"},"down":{"uv":[1.375,0,0,0],"texture":"#0"}}}],"gui_light":"front","display":{"gui":{"rotation":[-155.5,39.25,-180],"translation":[1.75,0.5,0],"scale":[0.68,0.68,0.68]},"head":{"translation":[0,4,1.25],"scale":[1.61,1.61,1.61]}}}