{"texture_size":[32,32],"elements":[{"from":[3.5,0.75,3.5],"to":[12.5,5.75,12.5],"rotation":{"angle":22.5,"axis":"x","origin":[8,3.25,8.5]},"faces":{"north":{"uv":[0,7.5,4.5,10],"texture":"#0"},"east":{"uv":[4.5,4,0,6.5],"texture":"#0"},"south":{"uv":[0,11,4.5,13.5],"texture":"#0"},"west":{"uv":[0,4,4.5,6.5],"texture":"#0"},"up":{"uv":[9.5,4.5,5,0],"texture":"#0"}}},{"from":[4.5,3.25522,6.98744],"to":[11.5,7.25522,14.98744],"rotation":{"angle":45,"axis":"x","origin":[8,7.25522,10.98744]},"faces":{"north":{"uv":[9.5,11.5,13,13.5],"texture":"#0"},"east":{"uv":[13.5,9.5,9.5,11.5],"texture":"#0"},"south":{"uv":[9.5,13.5,13,15.5],"texture":"#0"},"west":{"uv":[9.5,9.5,13.5,11.5],"texture":"#0"},"up":{"uv":[13,8,9.5,4],"texture":"#0"},"down":{"uv":[13,0,9.5,4],"texture":"#0"}}},{"from":[3,0,2.5],"to":[13,3,13.5],"rotation":{"angle":0,"axis":"y","origin":[7,0,7]},"faces":{"north":{"uv":[0,0,5,1.5],"texture":"#0"},"east":{"uv":[15,8,9.5,9.5],"texture":"#0"},"south":{"uv":[0,1.5,5,3],"texture":"#0"},"west":{"uv":[9.5,8,15,9.5],"texture":"#0"},"up":{"uv":[9.5,10,4.5,4.5],"texture":"#0"},"down":{"uv":[9.5,10,4.5,15.5],"texture":"#0"}}}],"gui_light":"front","display":{"thirdperson_righthand":{"rotation":[55,10,0],"translation":[0,1,1],"scale":[0.8,0.8,0.8]},"thirdperson_lefthand":{"rotation":[55,10,0],"translation":[0,1,1],"scale":[0.8,0.8,0.8]},"firstperson_righthand":{"rotation":[0,10,0],"translation":[1,5,0],"scale":[0.7,0.7,0.7]},"firstperson_lefthand":{"rotation":[0,10,0],"translation":[0,5,0],"scale":[0.7,0.7,0.7]},"ground":{"translation":[0,4.5,0],"scale":[0.8,0.8,0.8]},"gui":{"rotation":[22.5,135,0],"translation":[0,4,0]},"head":{"rotation":[10.75,0,0],"translation":[0,13.5,2.75],"scale":[1.61,1.61,1.61]},"fixed":{"rotation":[-90,0,0],"translation":[0,0,-20],"scale":[2.5,2.5,2.5]}}}