{"texture_size":[16,16],"elements":[{"from":[6.5,0,10.5],"to":[9.5,2,13.5],"rotation":{"angle":22.5,"axis":"x","origin":[8,1,12]},"faces":{"north":{"uv":[2,11,5,13],"texture":"#0"},"east":{"uv":[5,11,8,13],"texture":"#0"},"south":{"uv":[12,10,15,12],"texture":"#0"},"west":{"uv":[12,12,15,14],"texture":"#0"},"up":{"uv":[13,7,10,4],"texture":"#0"},"down":{"uv":[13,7,10,10],"texture":"#0"}}},{"from":[10.5,-1.5,10],"to":[15.5,2.5,12],"rotation":{"angle":-22.5,"axis":"y","origin":[9,0,7]},"faces":{"north":{"uv":[10,0,5,4],"texture":"#0"},"east":{"uv":[10,10,12,14],"texture":"#0"},"south":{"uv":[5,4,10,8],"texture":"#0"},"west":{"uv":[0,11,2,15],"texture":"#0"},"up":{"uv":[15,2,10,0],"texture":"#0"},"down":{"uv":[15,2,10,4],"texture":"#0"}}},{"from":[2.5,-5,11.5],"to":[7.5,-1,11.5],"rotation":{"angle":22.5,"axis":"x","origin":[8,1,13]},"faces":{"north":{"uv":[5,0,0,4],"texture":"#0"},"east":{"uv":[0,0,0,4],"texture":"#0"},"south":{"uv":[5,4,0,8],"texture":"#0"},"west":{"uv":[0,0,0,4],"texture":"#0"},"up":{"uv":[0,0,5,0],"texture":"#0"},"down":{"uv":[0,0,5,0],"texture":"#0"}}},{"from":[2.5,-6.96963,9.318],"to":[7.5,-3.96963,9.318],"rotation":{"angle":0,"axis":"y","origin":[5,-7.96963,9.318]},"faces":{"north":{"uv":[5,8,0,11],"texture":"#0"},"east":{"uv":[0,0,0,3],"texture":"#0"},"south":{"uv":[0,8,5,11],"texture":"#0"},"west":{"uv":[0,0,0,3],"texture":"#0"},"up":{"uv":[0,0,5,0],"texture":"#0"},"down":{"uv":[0,0,5,0],"texture":"#0"}}},{"from":[0.5,-1.5,10],"to":[5.5,2.5,12],"rotation":{"angle":22.5,"axis":"y","origin":[7,0,7]},"faces":{"north":{"uv":[5,0,10,4],"texture":"#0"},"east":{"uv":[2,11,0,15],"texture":"#0"},"south":{"uv":[10,4,5,8],"texture":"#0"},"west":{"uv":[12,10,10,14],"texture":"#0"},"up":{"uv":[10,2,15,0],"texture":"#0"},"down":{"uv":[10,2,15,4],"texture":"#0"}}},{"from":[8.5,-5,11.5],"to":[13.5,-1,11.5],"rotation":{"angle":22.5,"axis":"x","origin":[8,1,13]},"faces":{"north":{"uv":[0,0,5,4],"texture":"#0"},"east":{"uv":[0,0,0,4],"texture":"#0"},"south":{"uv":[0,4,5,8],"texture":"#0"},"west":{"uv":[0,0,0,4],"texture":"#0"},"up":{"uv":[5,0,0,0],"texture":"#0"},"down":{"uv":[5,0,0,0],"texture":"#0"}}},{"from":[8.5,-6.96963,9.318],"to":[13.5,-3.96963,9.318],"rotation":{"angle":0,"axis":"y","origin":[11,-7.96963,9.318]},"faces":{"north":{"uv":[0,8,5,11],"texture":"#0"},"east":{"uv":[0,0,0,3],"texture":"#0"},"south":{"uv":[5,8,0,11],"texture":"#0"},"west":{"uv":[0,0,0,3],"texture":"#0"},"up":{"uv":[5,0,0,0],"texture":"#0"},"down":{"uv":[5,0,0,0],"texture":"#0"}}}],"gui_light":"front","display":{"gui":{"rotation":[-172,-144,159],"translation":[5.75,10.25,0],"scale":[1.11,1.11,1.11]},"head":{"rotation":[-34.5,0,0],"translation":[0,10,-3.5],"scale":[1.61,1.61,1.61]}}}