{
	"texture_size": [64, 64],
	"textures": {
		"0": "./santa_claus",
		"particle": "./santa_claus"
	},
	"elements": [
		{
			"from": [4, 8.6, 5.1],
			"to": [12, 12.6, 13.1],
			"rotation": {"angle": 22.5, "axis": "x", "origin": [8, 12, 8]},
			"faces": {
				"north": {"uv": [4.5, 3, 6.5, 4], "texture": "#0"},
				"east": {"uv": [0, 5, 2, 6], "texture": "#0"},
				"south": {"uv": [2, 5, 4, 6], "texture": "#0"},
				"west": {"uv": [4, 5, 6, 6], "texture": "#0"},
				"up": {"uv": [4.5, 2, 2.5, 0], "texture": "#0"},
				"down": {"uv": [4.5, 2, 2.5, 4], "texture": "#0"}
			}
		},
		{
			"from": [5, 9.22388, 7.01732],
			"to": [11, 14.22388, 12.01732],
			"rotation": {"angle": -22.5, "axis": "x", "origin": [8, 12, 9]},
			"faces": {
				"north": {"uv": [0, 6, 1.5, 7.25], "texture": "#0"},
				"east": {"uv": [4.5, 6, 5.75, 7.25], "texture": "#0"},
				"south": {"uv": [1.5, 6, 3, 7.25], "texture": "#0"},
				"west": {"uv": [6, 5.25, 7.25, 6.5], "texture": "#0"},
				"up": {"uv": [4.5, 7.25, 3, 6], "texture": "#0"},
				"down": {"uv": [7.5, 4, 6, 5.25], "texture": "#0"}
			}
		},
		{
			"from": [6, 10.39805, 10.61299],
			"to": [10, 13.39805, 14.61299],
			"rotation": {"angle": 45, "axis": "x", "origin": [8, 13, 12]},
			"faces": {
				"north": {"uv": [1, 7.25, 2, 8], "texture": "#0"},
				"east": {"uv": [2, 7.25, 3, 8], "texture": "#0"},
				"south": {"uv": [3, 7.25, 4, 8], "texture": "#0"},
				"west": {"uv": [4, 7.25, 5, 8], "texture": "#0"},
				"up": {"uv": [6, 5, 5, 4], "texture": "#0"},
				"down": {"uv": [7.5, 3, 6.5, 4], "texture": "#0"}
			}
		},
		{
			"from": [3, 6, 3],
			"to": [13, 10, 13],
			"rotation": {"angle": 0, "axis": "y", "origin": [0, 7, 0]},
			"faces": {
				"north": {"uv": [2.5, 4, 5, 5], "texture": "#0"},
				"east": {"uv": [4.5, 0, 7, 1], "texture": "#0"},
				"south": {"uv": [4.5, 1, 7, 2], "texture": "#0"},
				"west": {"uv": [4.5, 2, 7, 3], "texture": "#0"},
				"up": {"uv": [2.5, 2.5, 0, 0], "texture": "#0"},
				"down": {"uv": [2.5, 2.5, 0, 5], "texture": "#0"}
			}
		},
		{
			"from": [5.8, 7.8, 12.8],
			"to": [10.2, 12.2, 17.2],
			"rotation": {"angle": 0, "axis": "y", "origin": [0, 7, 0]},
			"faces": {
				"north": {"uv": [5.75, 6.5, 6.75, 7.5], "texture": "#0"},
				"east": {"uv": [6.75, 6.5, 7.75, 7.5], "texture": "#0"},
				"south": {"uv": [7, 0, 8, 1], "texture": "#0"},
				"west": {"uv": [7, 1, 8, 2], "texture": "#0"},
				"up": {"uv": [8, 3, 7, 2], "texture": "#0"},
				"down": {"uv": [1, 7.25, 0, 8.25], "texture": "#0"}
			}
		},
		{
			"from": [3.36732, 2.42388, 4],
			"to": [3.36732, 4.42388, 12],
			"rotation": {"angle": 22.5, "axis": "z", "origin": [3.61732, 3.92388, 8]},
			"faces": {
				"north": {"uv": [0, 0, 0, 0.5], "texture": "#missing"},
				"east": {"uv": [9.5, 4, 7.5, 4.5], "texture": "#0"},
				"south": {"uv": [0, 0, 0, 0.5], "texture": "#missing"},
				"west": {"uv": [7.5, 4, 9.5, 4.5], "texture": "#0"},
				"up": {"uv": [0, 0, 0, 2], "texture": "#missing"},
				"down": {"uv": [0, 0, 0, 2], "texture": "#missing"}
			}
		},
		{
			"from": [4, -4, 4],
			"to": [4, 3, 12],
			"faces": {
				"north": {"uv": [0, 0, 0, 1.75], "texture": "#missing"},
				"east": {"uv": [8, 0, 10, 1.75], "texture": "#0"},
				"south": {"uv": [0, 0, 0, 1.75], "texture": "#missing"},
				"west": {"uv": [8, 0, 10, 1.75], "texture": "#0"},
				"up": {"uv": [0, 0, 0, 2], "texture": "#missing"},
				"down": {"uv": [0, 0, 0, 2], "texture": "#missing"}
			}
		},
		{
			"from": [3.55, -4.2, 3.8],
			"to": [6.95, 3.2, 12.2],
			"faces": {
				"north": {"uv": [10, 2.25, 11, 4.5], "texture": "#0"},
				"east": {"uv": [14, 0.75, 14.75, 1.5], "texture": "#0"},
				"south": {"uv": [11, 2.25, 10, 4.5], "texture": "#0"},
				"west": {"uv": [8, 1.75, 10, 3.5], "texture": "#0"},
				"up": {"uv": [13.5, 1, 14.75, 1.75], "texture": "#0"},
				"down": {"uv": [13.5, 1, 14.25, 2], "texture": "#0"}
			}
		},
		{
			"from": [4, -4, 4],
			"to": [8, 5, 4],
			"faces": {
				"north": {"uv": [10, 0, 11, 2.25], "texture": "#0"},
				"east": {"uv": [8, 0, 10, 1.75], "texture": "#0"},
				"south": {"uv": [11, 0, 10, 2.25], "texture": "#0"},
				"west": {"uv": [8, 0, 10, 1.75], "texture": "#0"},
				"up": {"uv": [0, 0, 0, 2], "texture": "#missing"},
				"down": {"uv": [0, 0, 0, 2], "texture": "#missing"}
			}
		},
		{
			"from": [4, -4, 12],
			"to": [8, 5, 12],
			"faces": {
				"north": {"uv": [10, 0, 11, 2.25], "texture": "#0"},
				"east": {"uv": [8, 0, 10, 1.75], "texture": "#0"},
				"south": {"uv": [11, 0, 10, 2.25], "texture": "#0"},
				"west": {"uv": [8, 0, 10, 1.75], "texture": "#0"},
				"up": {"uv": [0, 0, 0, 2], "texture": "#missing"},
				"down": {"uv": [0, 0, 0, 2], "texture": "#missing"}
			}
		}
	],
	"display": {
		"thirdperson_righthand": {
			"rotation": [75, -45, 0],
			"translation": [0, 2.5, 0],
			"scale": [0.375, 0.375, 0.375]
		},
		"thirdperson_lefthand": {
			"rotation": [75, 135, 0],
			"translation": [0, 2.5, 0],
			"scale": [0.375, 0.375, 0.375]
		},
		"firstperson_righthand": {
			"rotation": [0, 0, 15],
			"translation": [1.13, 3.2, 1.13],
			"scale": [0.68, 0.68, 0.68]
		},
		"firstperson_lefthand": {
			"rotation": [0, 0, 15],
			"translation": [1.13, 3.2, 1.13],
			"scale": [0.68, 0.68, 0.68]
		},
		"ground": {
			"translation": [0, 3, 0],
			"scale": [0.25, 0.25, 0.25]
		},
		"gui": {
			"rotation": [30, 135, 0],
			"translation": [-0.25, 2, 0],
			"scale": [0.9, 0.9, 0.9]
		},
		"head": {
			"rotation": [0, -90, 0],
			"translation": [0, 6.5, 0],
			"scale": [1.61, 1.61, 1.61]
		},
		"fixed": {
			"rotation": [0, -90, 0],
			"translation": [0.5, 3, 0],
			"scale": [1.3, 1.3, 1.3]
		}
	}
}