{"texture_size":[128,128],"elements":[{"from":[2.5,2,2],"to":[13.5,4,13],"rotation":{"angle":0,"axis":"y","origin":[8,6.5,7.5]},"faces":{"north":{"uv":[4.5,5.75,5.875,6],"texture":"#0"},"east":{"uv":[5.75,4.75,7.125,5],"texture":"#0"},"south":{"uv":[5.75,5.125,7.125,5.375],"texture":"#0"},"west":{"uv":[5.875,0,7.25,0.25],"texture":"#0"},"up":{"uv":[4.875,1.375,3.5,0],"texture":"#0"},"down":{"uv":[4.875,1.5,3.5,2.875],"texture":"#0"}}},{"from":[3.5,2,3],"to":[12.5,8,12],"rotation":{"angle":0,"axis":"y","origin":[8,6.5,7.5]},"faces":{"north":{"uv":[3.5,4.25,4.625,5],"texture":"#0"},"east":{"uv":[1.25,4.75,2.375,5.5],"texture":"#0"},"south":{"uv":[4.75,3,5.875,3.75],"texture":"#0"},"west":{"uv":[4.75,3.875,5.875,4.625],"texture":"#0"},"up":{"uv":[4.625,4.125,3.5,3],"texture":"#0"},"down":{"uv":[1.125,4,0,5.125],"texture":"#0"}}},{"from":[4.5,3.75,4.92074],"to":[11.5,10.75,10.92074],"rotation":{"angle":22.5,"axis":"x","origin":[8,8.25,7.42074]},"faces":{"north":{"uv":[2.5,4.75,3.375,5.625],"texture":"#0"},"east":{"uv":[5,0,5.75,0.875],"texture":"#0"},"south":{"uv":[4.75,4.75,5.625,5.625],"texture":"#0"},"west":{"uv":[5,1,5.75,1.875],"texture":"#0"},"up":{"uv":[5.875,2.75,5,2],"texture":"#0"},"down":{"uv":[4.375,5.125,3.5,5.875],"texture":"#0"}}},{"from":[5.5,8.25314,6.4979],"to":[10.5,14.25314,10.4979],"rotation":{"angle":45,"axis":"x","origin":[8,9.25314,8.9979]},"faces":{"north":{"uv":[0,5.25,0.625,6],"texture":"#0"},"east":{"uv":[1.5,5.625,2,6.375],"texture":"#0"},"south":{"uv":[0.75,5.625,1.375,6.375],"texture":"#0"},"west":{"uv":[2.125,5.75,2.625,6.5],"texture":"#0"},"up":{"uv":[1.875,4.5,1.25,4],"texture":"#0"},"down":{"uv":[3.375,5.75,2.75,6.25],"texture":"#0"}}},{"from":[6.5,10.59933,10.5],"to":[9.5,13.59933,16.5],"rotation":{"angle":0,"axis":"y","origin":[8.5,12.59933,14.5]},"faces":{"north":{"uv":[6.875,3.375,7.25,3.75],"texture":"#0"},"east":{"uv":[6,3.375,6.75,3.75],"texture":"#0"},"south":{"uv":[3.375,7,3.75,7.375],"texture":"#0"},"west":{"uv":[3.5,6,4.25,6.375],"texture":"#0"},"up":{"uv":[6.375,4.625,6,3.875],"texture":"#0"},"down":{"uv":[6.375,5.5,6,6.25],"texture":"#0"}}},{"from":[8,-4.40067,11.5],"to":[8,13.59933,22.5],"rotation":{"angle":0,"axis":"y","origin":[9,12.59933,17.5]},"faces":{"north":{"uv":[0.75,7.125,0.75,9.375],"texture":"#0"},"east":{"uv":[2,0,3.375,2.25],"texture":"#0"},"south":{"uv":[2.625,7.125,2.625,9.375],"texture":"#0"},"west":{"uv":[2,2.375,3.375,4.625],"texture":"#0"},"up":{"uv":[2.75,8.5,2.75,7.125],"texture":"#0"},"down":{"uv":[2.875,7.125,2.875,8.5],"texture":"#0"}}},{"from":[0.52368,0.75,0.07919],"to":[15.52368,2,15.07919],"rotation":{"angle":0,"axis":"y","origin":[8.02368,1.375,7.57919]},"faces":{"north":{"uv":[4.375,6.375,6.25,6.5],"texture":"#0"},"east":{"uv":[6.375,6.375,8.25,6.5],"texture":"#0"},"south":{"uv":[0,6.5,1.875,6.625],"texture":"#0"},"west":{"uv":[6.5,3.875,8.375,4],"texture":"#0"},"up":{"uv":[1.875,1.875,0,0],"texture":"#0"},"down":{"uv":[1.875,2,0,3.875],"texture":"#0"}}},{"from":[3.5,0.75,-0.94449],"to":[12.5,2.25,0.05551],"rotation":{"angle":0,"axis":"y","origin":[8,1.75,7.57919]},"faces":{"north":{"uv":[5.875,0.375,7,0.625],"texture":"#0"},"east":{"uv":[0.75,5.25,0.875,5.5],"texture":"#0"},"south":{"uv":[5.875,0.75,7,1],"texture":"#0"},"west":{"uv":[1,5.25,1.125,5.5],"texture":"#0"},"up":{"uv":[5.5,6.25,4.375,6.125],"texture":"#0"},"down":{"uv":[7.625,4.5,6.5,4.625],"texture":"#0"}}},{"from":[2.51186,0.75,-0.99924],"to":[3.51186,2.25,4.75076],"rotation":{"angle":-45,"axis":"y","origin":[3.01186,1.75,0.25076]},"faces":{"north":{"uv":[5.875,7,6,7.25],"texture":"#0"},"east":{"uv":[6.5,4.125,7.25,4.375],"texture":"#0"},"south":{"uv":[6.125,7,6.25,7.25],"texture":"#0"},"west":{"uv":[6.5,5.5,7.25,5.75],"texture":"#0"},"up":{"uv":[2,7.75,1.875,7],"texture":"#0"},"down":{"uv":[4,7,3.875,7.75],"texture":"#0"}}},{"from":[3.5,0.75,15.10287],"to":[12.5,2.25,16.10287],"rotation":{"angle":0,"axis":"y","origin":[8,1.75,7.57919]},"faces":{"north":{"uv":[5.875,1.125,7,1.375],"texture":"#0"},"east":{"uv":[6.375,7,6.5,7.25],"texture":"#0"},"south":{"uv":[5.875,1.5,7,1.75],"texture":"#0"},"west":{"uv":[6.625,7,6.75,7.25],"texture":"#0"},"up":{"uv":[2,6.875,0.875,6.75],"texture":"#0"},"down":{"uv":[3.25,6.875,2.125,7],"texture":"#0"}}},{"from":[2.51186,0.75,10.40762],"to":[3.51186,2.25,16.15762],"rotation":{"angle":45,"axis":"y","origin":[3.01186,1.75,14.90762]},"faces":{"north":{"uv":[6.875,7,7,7.25],"texture":"#0"},"east":{"uv":[6.5,5.875,7.25,6.125],"texture":"#0"},"south":{"uv":[0,7.125,0.125,7.375],"texture":"#0"},"west":{"uv":[4,6.625,4.75,6.875],"texture":"#0"},"up":{"uv":[4.25,7.75,4.125,7],"texture":"#0"},"down":{"uv":[4.5,7,4.375,7.75],"texture":"#0"}}},{"from":[-0.52368,0.75,3.07919],"to":[0.47632,2.25,12.07919],"rotation":{"angle":0,"axis":"y","origin":[8,1.75,7.57919]},"faces":{"north":{"uv":[0.25,7.125,0.375,7.375],"texture":"#0"},"east":{"uv":[6,1.875,7.125,2.125],"texture":"#0"},"south":{"uv":[7.125,0.375,7.25,0.625],"texture":"#0"},"west":{"uv":[6,2.25,7.125,2.5],"texture":"#0"},"up":{"uv":[1,8.125,0.875,7],"texture":"#0"},"down":{"uv":[1.25,7,1.125,8.125],"texture":"#0"}}},{"from":[12.48814,0.75,-0.99924],"to":[13.48814,2.25,4.75076],"rotation":{"angle":45,"axis":"y","origin":[12.98814,1.75,0.25076]},"faces":{"north":{"uv":[0.5,7.125,0.625,7.375],"texture":"#0"},"east":{"uv":[4.875,6.625,5.625,6.875],"texture":"#0"},"south":{"uv":[7.125,0.75,7.25,1],"texture":"#0"},"west":{"uv":[5.75,6.625,6.5,6.875],"texture":"#0"},"up":{"uv":[4.75,7.75,4.625,7],"texture":"#0"},"down":{"uv":[5,7,4.875,7.75],"texture":"#0"}}},{"from":[15.52368,0.75,3.07919],"to":[16.52368,2.25,12.07919],"rotation":{"angle":0,"axis":"y","origin":[8,1.75,7.57919]},"faces":{"north":{"uv":[7.125,1.125,7.25,1.375],"texture":"#0"},"east":{"uv":[6,2.625,7.125,2.875],"texture":"#0"},"south":{"uv":[7.125,1.5,7.25,1.75],"texture":"#0"},"west":{"uv":[6,3,7.125,3.25],"texture":"#0"},"up":{"uv":[1.5,8.125,1.375,7],"texture":"#0"},"down":{"uv":[1.75,7,1.625,8.125],"texture":"#0"}}},{"from":[12.48814,0.75,10.40762],"to":[13.48814,2.25,16.15762],"rotation":{"angle":-45,"axis":"y","origin":[12.98814,1.75,14.90762]},"faces":{"north":{"uv":[2.125,7.125,2.25,7.375],"texture":"#0"},"east":{"uv":[6.625,6.625,7.375,6.875],"texture":"#0"},"south":{"uv":[2.375,7.125,2.5,7.375],"texture":"#0"},"west":{"uv":[0,6.75,0.75,7],"texture":"#0"},"up":{"uv":[5.25,7.75,5.125,7],"texture":"#0"},"down":{"uv":[5.5,7,5.375,7.75],"texture":"#0"}}},{"from":[3.5,5,10],"to":[6.5,9,14],"rotation":{"angle":45,"axis":"y","origin":[3.5,5,12]},"faces":{"north":{"uv":[8.25,0,8.625,0.5],"texture":"#0"},"east":{"uv":[7.375,0.75,7.875,1.25],"texture":"#0"},"south":{"uv":[7.875,0,8.25,0.5],"texture":"#0"},"west":{"uv":[7.875,0.5,8.375,1],"texture":"#0"},"up":{"uv":[7.375,0,7.875,0.375],"rotation":270,"texture":"#0"},"down":{"uv":[7.375,0.375,7.875,0.75],"rotation":90,"texture":"#0"}}},{"from":[6,2,1],"to":[10,6,4],"rotation":{"angle":0,"axis":"y","origin":[8,2,1]},"faces":{"north":{"uv":[7.875,0.5,8.375,1],"texture":"#0"},"east":{"uv":[8.25,0,8.625,0.5],"texture":"#0"},"south":{"uv":[7.375,0.75,7.875,1.25],"texture":"#0"},"west":{"uv":[7.875,0,8.25,0.5],"texture":"#0"},"up":{"uv":[7.375,0,7.875,0.375],"texture":"#0"},"down":{"uv":[7.375,0.375,7.875,0.75],"texture":"#0"}}},{"from":[2.25,5,2.5],"to":[4.25,7,4.5],"rotation":{"angle":45,"axis":"y","origin":[3.25,4,2.5]},"faces":{"north":{"uv":[7.875,0.5,8.375,1],"texture":"#0"},"east":{"uv":[8.25,0,8.625,0.5],"texture":"#0"},"south":{"uv":[7.375,0.75,7.875,1.25],"texture":"#0"},"west":{"uv":[7.875,0,8.25,0.5],"texture":"#0"},"up":{"uv":[7.375,0,7.875,0.375],"texture":"#0"},"down":{"uv":[7.375,0.375,7.875,0.75],"texture":"#0"}}},{"from":[7,12,6.25],"to":[9,14,8.25],"rotation":{"angle":22.5,"axis":"x","origin":[8,11,6.25]},"faces":{"north":{"uv":[7.875,0.5,8.375,1],"texture":"#0"},"east":{"uv":[8.25,0,8.625,0.5],"texture":"#0"},"south":{"uv":[7.375,0.75,7.875,1.25],"texture":"#0"},"west":{"uv":[7.875,0,8.25,0.5],"texture":"#0"},"up":{"uv":[7.375,0,7.875,0.375],"texture":"#0"},"down":{"uv":[7.375,0.375,7.875,0.75],"texture":"#0"}}},{"from":[0.5,3.25,7.5],"to":[2.5,5.25,9.5],"rotation":{"angle":-22.5,"axis":"z","origin":[0.5,2.25,8.5]},"faces":{"north":{"uv":[8.25,0,8.625,0.5],"texture":"#0"},"east":{"uv":[7.375,0.75,7.875,1.25],"texture":"#0"},"south":{"uv":[7.875,0,8.25,0.5],"texture":"#0"},"west":{"uv":[7.875,0.5,8.375,1],"texture":"#0"},"up":{"uv":[7.375,0,7.875,0.375],"rotation":270,"texture":"#0"},"down":{"uv":[7.375,0.375,7.875,0.75],"rotation":90,"texture":"#0"}}},{"from":[4.5,12.25,11.75],"to":[6.5,14.25,13.75],"rotation":{"angle":-22.5,"axis":"z","origin":[4.5,11.25,12.75]},"faces":{"north":{"uv":[8.25,0,8.625,0.5],"texture":"#0"},"east":{"uv":[7.375,0.75,7.875,1.25],"texture":"#0"},"south":{"uv":[7.875,0,8.25,0.5],"texture":"#0"},"west":{"uv":[7.875,0.5,8.375,1],"texture":"#0"},"up":{"uv":[7.375,0,7.875,0.375],"rotation":270,"texture":"#0"},"down":{"uv":[7.375,0.375,7.875,0.75],"rotation":90,"texture":"#0"}}},{"from":[10.75,8,4.75],"to":[12.75,10,6.75],"rotation":{"angle":-45,"axis":"y","origin":[11.75,7,4.75]},"faces":{"north":{"uv":[7.875,0.5,8.375,1],"texture":"#0"},"east":{"uv":[8.25,0,8.625,0.5],"texture":"#0"},"south":{"uv":[7.375,0.75,7.875,1.25],"texture":"#0"},"west":{"uv":[7.875,0,8.25,0.5],"texture":"#0"},"up":{"uv":[7.375,0,7.875,0.375],"texture":"#0"},"down":{"uv":[7.375,0.375,7.875,0.75],"texture":"#0"}}},{"from":[10.75,5,11.75],"to":[12.75,7,13.75],"rotation":{"angle":-45,"axis":"y","origin":[12.75,4,12.75]},"faces":{"north":{"uv":[7.875,0,8.25,0.5],"texture":"#0"},"east":{"uv":[7.875,0.5,8.375,1],"texture":"#0"},"south":{"uv":[8.25,0,8.625,0.5],"texture":"#0"},"west":{"uv":[7.375,0.75,7.875,1.25],"texture":"#0"},"up":{"uv":[7.375,0,7.875,0.375],"rotation":90,"texture":"#0"},"down":{"uv":[7.375,0.375,7.875,0.75],"rotation":270,"texture":"#0"}}},{"from":[7.75,11,13.75],"to":[9.75,13,15.75],"rotation":{"angle":-22.5,"axis":"z","origin":[9.75,10,14.75]},"faces":{"north":{"uv":[7.875,0,8.25,0.5],"texture":"#0"},"east":{"uv":[7.875,0.5,8.375,1],"texture":"#0"},"south":{"uv":[8.25,0,8.625,0.5],"texture":"#0"},"west":{"uv":[7.375,0.75,7.875,1.25],"texture":"#0"},"up":{"uv":[7.375,0,7.875,0.375],"rotation":90,"texture":"#0"},"down":{"uv":[7.375,0.375,7.875,0.75],"rotation":270,"texture":"#0"}}},{"from":[12.25,4.25,5.75],"to":[14.25,6.25,7.75],"rotation":{"angle":22.5,"axis":"z","origin":[14.25,3.25,6.75]},"faces":{"north":{"uv":[7.875,0,8.25,0.5],"texture":"#0"},"east":{"uv":[7.875,0.5,8.375,1],"texture":"#0"},"south":{"uv":[8.25,0,8.625,0.5],"texture":"#0"},"west":{"uv":[7.375,0.75,7.875,1.25],"texture":"#0"},"up":{"uv":[7.375,0,7.875,0.375],"rotation":90,"texture":"#0"},"down":{"uv":[7.375,0.375,7.875,0.75],"rotation":270,"texture":"#0"}}}],"display":{"thirdperson_righthand":{"rotation":[68,25,0],"translation":[0,1,2],"scale":[0.6,0.6,0.6]},"thirdperson_lefthand":{"rotation":[68,25,0],"translation":[0,1,2],"scale":[0.6,0.6,0.6]},"firstperson_righthand":{"rotation":[0,10,0],"translation":[0,4,0],"scale":[0.54,0.54,0.54]},"firstperson_lefthand":{"rotation":[0,10,0],"translation":[0,4,0],"scale":[0.54,0.54,0.54]},"ground":{"translation":[0,3,0],"scale":[0.63,0.63,0.63]},"gui":{"rotation":[22.5,135,0],"translation":[-0.25,1,0],"scale":[0.7,0.7,0.7]},"head":{"rotation":[12.5,0,0],"translation":[0,12.75,2.5],"scale":[1.8,1.8,1.8]},"fixed":{"rotation":[-90,0,0],"translation":[0,0,-11.5],"scale":[1.6,1.6,1.6]}}}