{
	"credit": "Made with Blockbench",
	"texture_size": [64, 64],
	"textures": {
		"0": "./item/texture2",
		"particle": "./item/texture2"
	},
	"elements": [
		{
			"from": [7.3, 0.8, 7.8],
			"to": [9, 7.3, 8.6],
			"rotation": {"angle": 0, "axis": "y", "origin": [7, 0.8, 6.9]},
			"faces": {
				"north": {"uv": [3, 0, 3.875, 3.25], "texture": "#0"},
				"east": {"uv": [6, 3, 6.375, 6.25], "texture": "#0"},
				"south": {"uv": [3, 3.5, 3.875, 6.75], "texture": "#0"},
				"west": {"uv": [4, 6, 4.375, 9.25], "texture": "#0"},
				"up": {"uv": [8.875, 7.875, 8, 7.5], "texture": "#0"},
				"down": {"uv": [8.875, 8, 8, 8.375], "texture": "#0"}
			}
		},
		{
			"from": [6.9, 7.1, 8.2],
			"to": [9.3, 31.6, 8.2],
			"rotation": {"angle": 0, "axis": "y", "origin": [7, 7.1, 7.2]},
			"faces": {
				"north": {"uv": [0, 0, 1.25, 12.25], "texture": "#0"},
				"east": {"uv": [0, 0, 0, 12.25], "texture": "#0"},
				"south": {"uv": [1.5, 0, 2.75, 12.25], "texture": "#0"},
				"west": {"uv": [0, 0, 0, 12.25], "texture": "#0"},
				"up": {"uv": [1.25, 0, 0, 0], "texture": "#0"},
				"down": {"uv": [1.25, 0, 0, 0], "texture": "#0"}
			}
		},
		{
			"from": [7.1, 0.8, 7.6],
			"to": [9.2, 1.5, 8.8],
			"rotation": {"angle": 0, "axis": "y", "origin": [7, 0.8, 6.9]},
			"faces": {
				"north": {"uv": [8, 0, 9, 0.375], "texture": "#0"},
				"east": {"uv": [8.5, 2, 9.125, 2.375], "texture": "#0"},
				"south": {"uv": [8, 0.5, 9, 0.875], "texture": "#0"},
				"west": {"uv": [8.5, 2.5, 9.125, 2.875], "texture": "#0"},
				"up": {"uv": [4, 7.625, 3, 7], "texture": "#0"},
				"down": {"uv": [8.5, 1, 7.5, 1.625], "texture": "#0"}
			}
		},
		{
			"from": [7.1, 6.3, 7.6],
			"to": [9.2, 7, 8.8],
			"rotation": {"angle": 0, "axis": "y", "origin": [7, 6.3, 6.9]},
			"faces": {
				"north": {"uv": [4.5, 8, 5.5, 8.375], "texture": "#0"},
				"east": {"uv": [8.5, 4.5, 9.125, 4.875], "texture": "#0"},
				"south": {"uv": [8, 5, 9, 5.375], "texture": "#0"},
				"west": {"uv": [8.5, 6, 9.125, 6.375], "texture": "#0"},
				"up": {"uv": [8.5, 2.625, 7.5, 2], "texture": "#0"},
				"down": {"uv": [7, 7.5, 6, 8.125], "texture": "#0"}
			}
		},
		{
			"from": [6.7, 7.1, 7.6],
			"to": [9.5, 7.5, 8.8],
			"rotation": {"angle": 0, "axis": "y", "origin": [7, 7.1, 6.9]},
			"faces": {
				"north": {"uv": [8, 5.5, 9.375, 5.75], "texture": "#0"},
				"east": {"uv": [9, 0, 9.625, 0.25], "texture": "#0"},
				"south": {"uv": [8, 7, 9.375, 7.25], "texture": "#0"},
				"west": {"uv": [9, 0.5, 9.625, 0.75], "texture": "#0"},
				"up": {"uv": [5.875, 6.625, 4.5, 6], "texture": "#0"},
				"down": {"uv": [7.875, 3, 6.5, 3.625], "texture": "#0"}
			}
		},
		{
			"from": [6.2, 6.7, 7.1],
			"to": [10, 7.2, 9.4],
			"rotation": {"angle": 0, "axis": "y", "origin": [7, 6.7, 6.9]},
			"faces": {
				"north": {"uv": [6.5, 6, 8.375, 6.25], "texture": "#0"},
				"east": {"uv": [8.5, 1, 9.625, 1.25], "texture": "#0"},
				"south": {"uv": [7.5, 6.5, 9.375, 6.75], "texture": "#0"},
				"west": {"uv": [8.5, 1.5, 9.625, 1.75], "texture": "#0"},
				"up": {"uv": [5.875, 1.125, 4, 0], "texture": "#0"},
				"down": {"uv": [5.875, 1.5, 4, 2.625], "texture": "#0"}
			}
		},
		{
			"from": [9.1, 6.7, 7.9],
			"to": [9.4, 8.8, 8.2],
			"rotation": {"angle": -22.5, "axis": "x", "origin": [6.5, 6.7, 7.4]},
			"faces": {
				"north": {"uv": [9.5, 2, 9.625, 3], "texture": "#0"},
				"east": {"uv": [10, 0, 10.125, 1], "texture": "#0"},
				"south": {"uv": [10, 1, 10.125, 2], "texture": "#0"},
				"west": {"uv": [10, 2, 10.125, 3], "texture": "#0"},
				"up": {"uv": [12.125, 14.125, 12, 14], "texture": "#0"},
				"down": {"uv": [14.125, 12, 14, 12.125], "texture": "#0"}
			}
		},
		{
			"from": [6.8, 6.8, 8.1],
			"to": [9.4, 8.9, 8.3],
			"rotation": {"angle": 0, "axis": "y", "origin": [6.85, 7.85, 8.15]},
			"faces": {
				"north": {"uv": [6, 1, 7.25, 2], "texture": "#0"},
				"east": {"uv": [10.5, 9, 10.625, 10], "texture": "#0"},
				"south": {"uv": [6, 2, 7.25, 3], "texture": "#0"},
				"west": {"uv": [10, 10.5, 10.125, 11.5], "texture": "#0"},
				"up": {"uv": [5.75, 9.125, 4.5, 9], "texture": "#0"},
				"down": {"uv": [10.25, 5, 9, 5.125], "texture": "#0"}
			}
		},
		{
			"from": [9.1, 6.86882, 8.7487],
			"to": [9.4, 8.96882, 9.0487],
			"rotation": {"angle": 22.5, "axis": "x", "origin": [9.25, 7.91882, 8.8987]},
			"faces": {
				"north": {"uv": [10.5, 10, 10.625, 11], "texture": "#0"},
				"east": {"uv": [11, 0, 11.125, 1], "texture": "#0"},
				"south": {"uv": [11, 1, 11.125, 2], "texture": "#0"},
				"west": {"uv": [11, 2, 11.125, 3], "texture": "#0"},
				"up": {"uv": [14.625, 4.125, 14.5, 4], "texture": "#0"},
				"down": {"uv": [14.625, 4.5, 14.5, 4.625], "texture": "#0"}
			}
		},
		{
			"from": [8.6, 8.46882, 8.7487],
			"to": [8.9, 9.76882, 9.0487],
			"rotation": {"angle": -22.5, "axis": "x", "origin": [8.75, 9.51882, 8.8987]},
			"faces": {
				"north": {"uv": [8.5, 13, 8.625, 13.625], "texture": "#0"},
				"east": {"uv": [13, 9, 13.125, 9.625], "texture": "#0"},
				"south": {"uv": [9.5, 13, 9.625, 13.625], "texture": "#0"},
				"west": {"uv": [13, 10, 13.125, 10.625], "texture": "#0"},
				"up": {"uv": [14.625, 9.625, 14.5, 9.5], "texture": "#0"},
				"down": {"uv": [10.125, 14.5, 10, 14.625], "texture": "#0"}
			}
		},
		{
			"from": [8.6, 6.86882, 8.7487],
			"to": [8.9, 8.96882, 9.0487],
			"rotation": {"angle": 22.5, "axis": "x", "origin": [8.75, 7.91882, 8.8987]},
			"faces": {
				"north": {"uv": [11, 6, 11.125, 7], "texture": "#0"},
				"east": {"uv": [6.5, 11, 6.625, 12], "texture": "#0"},
				"south": {"uv": [7, 11, 7.125, 12], "texture": "#0"},
				"west": {"uv": [11, 7, 11.125, 8], "texture": "#0"},
				"up": {"uv": [9.125, 14.625, 9, 14.5], "texture": "#0"},
				"down": {"uv": [14.625, 9, 14.5, 9.125], "texture": "#0"}
			}
		},
		{
			"from": [8.6, 8.46882, 8.7487],
			"to": [8.9, 9.76882, 9.0487],
			"rotation": {"angle": -22.5, "axis": "x", "origin": [8.75, 9.51882, 8.8987]},
			"faces": {
				"north": {"uv": [7, 13, 7.125, 13.625], "texture": "#0"},
				"east": {"uv": [13, 7, 13.125, 7.625], "texture": "#0"},
				"south": {"uv": [8, 13, 8.125, 13.625], "texture": "#0"},
				"west": {"uv": [13, 8, 13.125, 8.625], "texture": "#0"},
				"up": {"uv": [14.625, 8.125, 14.5, 8], "texture": "#0"},
				"down": {"uv": [14.625, 8.5, 14.5, 8.625], "texture": "#0"}
			}
		},
		{
			"from": [8.6, 6.86882, 8.7487],
			"to": [8.9, 8.96882, 9.0487],
			"rotation": {"angle": 22.5, "axis": "x", "origin": [8.75, 7.91882, 8.8987]},
			"faces": {
				"north": {"uv": [4.5, 11, 4.625, 12], "texture": "#0"},
				"east": {"uv": [5, 11, 5.125, 12], "texture": "#0"},
				"south": {"uv": [11, 5, 11.125, 6], "texture": "#0"},
				"west": {"uv": [5.5, 11, 5.625, 12], "texture": "#0"},
				"up": {"uv": [7.625, 14.625, 7.5, 14.5], "texture": "#0"},
				"down": {"uv": [14.625, 7.5, 14.5, 7.625], "texture": "#0"}
			}
		},
		{
			"from": [8.1, 8.46882, 8.7487],
			"to": [8.4, 9.76882, 9.0487],
			"rotation": {"angle": -22.5, "axis": "x", "origin": [8.25, 9.51882, 8.8987]},
			"faces": {
				"north": {"uv": [12, 13, 12.125, 13.625], "texture": "#0"},
				"east": {"uv": [13, 12, 13.125, 12.625], "texture": "#0"},
				"south": {"uv": [12.5, 13, 12.625, 13.625], "texture": "#0"},
				"west": {"uv": [13, 13, 13.125, 13.625], "texture": "#0"},
				"up": {"uv": [14.625, 12.125, 14.5, 12], "texture": "#0"},
				"down": {"uv": [12.625, 14.5, 12.5, 14.625], "texture": "#0"}
			}
		},
		{
			"from": [8.1, 6.86882, 8.7487],
			"to": [8.4, 8.96882, 9.0487],
			"rotation": {"angle": 22.5, "axis": "x", "origin": [8.25, 7.91882, 8.8987]},
			"faces": {
				"north": {"uv": [9.5, 11, 9.625, 12], "texture": "#0"},
				"east": {"uv": [11, 10, 11.125, 11], "texture": "#0"},
				"south": {"uv": [10.5, 11, 10.625, 12], "texture": "#0"},
				"west": {"uv": [11, 11, 11.125, 12], "texture": "#0"},
				"up": {"uv": [14.625, 11.625, 14.5, 11.5], "texture": "#0"},
				"down": {"uv": [12.125, 14.5, 12, 14.625], "texture": "#0"}
			}
		},
		{
			"from": [8.1, 8.46882, 8.7487],
			"to": [8.4, 9.76882, 9.0487],
			"rotation": {"angle": -22.5, "axis": "x", "origin": [8.25, 9.51882, 8.8987]},
			"faces": {
				"north": {"uv": [10.5, 13, 10.625, 13.625], "texture": "#0"},
				"east": {"uv": [11, 13, 11.125, 13.625], "texture": "#0"},
				"south": {"uv": [13, 11, 13.125, 11.625], "texture": "#0"},
				"west": {"uv": [11.5, 13, 11.625, 13.625], "texture": "#0"},
				"up": {"uv": [14.625, 11.125, 14.5, 11], "texture": "#0"},
				"down": {"uv": [11.625, 14.5, 11.5, 14.625], "texture": "#0"}
			}
		},
		{
			"from": [8.1, 6.86882, 8.7487],
			"to": [8.4, 8.96882, 9.0487],
			"rotation": {"angle": 22.5, "axis": "x", "origin": [8.25, 7.91882, 8.8987]},
			"faces": {
				"north": {"uv": [8, 11, 8.125, 12], "texture": "#0"},
				"east": {"uv": [11, 8, 11.125, 9], "texture": "#0"},
				"south": {"uv": [8.5, 11, 8.625, 12], "texture": "#0"},
				"west": {"uv": [11, 9, 11.125, 10], "texture": "#0"},
				"up": {"uv": [14.625, 10.125, 14.5, 10], "texture": "#0"},
				"down": {"uv": [14.625, 10.5, 14.5, 10.625], "texture": "#0"}
			}
		},
		{
			"from": [7.6, 8.46882, 8.7487],
			"to": [7.9, 9.76882, 9.0487],
			"rotation": {"angle": -22.5, "axis": "x", "origin": [7.75, 9.51882, 8.8987]},
			"faces": {
				"north": {"uv": [13.5, 1, 13.625, 1.625], "texture": "#0"},
				"east": {"uv": [1.5, 13.5, 1.625, 14.125], "texture": "#0"},
				"south": {"uv": [2, 13.5, 2.125, 14.125], "texture": "#0"},
				"west": {"uv": [13.5, 2, 13.625, 2.625], "texture": "#0"},
				"up": {"uv": [14.625, 14.125, 14.5, 14], "texture": "#0"},
				"down": {"uv": [14.625, 14.5, 14.5, 14.625], "texture": "#0"}
			}
		},
		{
			"from": [7.6, 6.86882, 8.7487],
			"to": [7.9, 8.96882, 9.0487],
			"rotation": {"angle": 22.5, "axis": "x", "origin": [7.75, 7.91882, 8.8987]},
			"faces": {
				"north": {"uv": [3.5, 11.5, 3.625, 12.5], "texture": "#0"},
				"east": {"uv": [11.5, 4, 11.625, 5], "texture": "#0"},
				"south": {"uv": [11.5, 5, 11.625, 6], "texture": "#0"},
				"west": {"uv": [6, 11.5, 6.125, 12.5], "texture": "#0"},
				"up": {"uv": [14.625, 13.625, 14.5, 13.5], "texture": "#0"},
				"down": {"uv": [14.125, 14.5, 14, 14.625], "texture": "#0"}
			}
		},
		{
			"from": [7.6, 8.46882, 8.7487],
			"to": [7.9, 9.76882, 9.0487],
			"rotation": {"angle": -22.5, "axis": "x", "origin": [7.75, 9.51882, 8.8987]},
			"faces": {
				"north": {"uv": [0, 13.5, 0.125, 14.125], "texture": "#0"},
				"east": {"uv": [13.5, 0, 13.625, 0.625], "texture": "#0"},
				"south": {"uv": [0.5, 13.5, 0.625, 14.125], "texture": "#0"},
				"west": {"uv": [1, 13.5, 1.125, 14.125], "texture": "#0"},
				"up": {"uv": [14.625, 13.125, 14.5, 13], "texture": "#0"},
				"down": {"uv": [13.625, 14.5, 13.5, 14.625], "texture": "#0"}
			}
		},
		{
			"from": [7.6, 6.86882, 8.7487],
			"to": [7.9, 8.96882, 9.0487],
			"rotation": {"angle": 22.5, "axis": "x", "origin": [7.75, 7.91882, 8.8987]},
			"faces": {
				"north": {"uv": [11.5, 0, 11.625, 1], "texture": "#0"},
				"east": {"uv": [11.5, 1, 11.625, 2], "texture": "#0"},
				"south": {"uv": [11.5, 2, 11.625, 3], "texture": "#0"},
				"west": {"uv": [11.5, 3, 11.625, 4], "texture": "#0"},
				"up": {"uv": [14.625, 12.625, 14.5, 12.5], "texture": "#0"},
				"down": {"uv": [13.125, 14.5, 13, 14.625], "texture": "#0"}
			}
		},
		{
			"from": [7.1, 8.46882, 8.7487],
			"to": [7.4, 9.76882, 9.0487],
			"rotation": {"angle": -22.5, "axis": "x", "origin": [7.25, 9.51882, 8.8987]},
			"faces": {
				"north": {"uv": [13.5, 5, 13.625, 5.625], "texture": "#0"},
				"east": {"uv": [6, 13.5, 6.125, 14.125], "texture": "#0"},
				"south": {"uv": [13.5, 6, 13.625, 6.625], "texture": "#0"},
				"west": {"uv": [13.5, 7, 13.625, 7.625], "texture": "#0"},
				"up": {"uv": [1.625, 15.125, 1.5, 15], "texture": "#0"},
				"down": {"uv": [15.125, 1.5, 15, 1.625], "texture": "#0"}
			}
		},
		{
			"from": [7.1, 6.86882, 8.7487],
			"to": [7.4, 8.96882, 9.0487],
			"rotation": {"angle": 22.5, "axis": "x", "origin": [7.25, 7.91882, 8.8987]},
			"faces": {
				"north": {"uv": [9, 11.5, 9.125, 12.5], "texture": "#0"},
				"east": {"uv": [11.5, 9, 11.625, 10], "texture": "#0"},
				"south": {"uv": [10, 11.5, 10.125, 12.5], "texture": "#0"},
				"west": {"uv": [11.5, 10, 11.625, 11], "texture": "#0"},
				"up": {"uv": [1.125, 15.125, 1, 15], "texture": "#0"},
				"down": {"uv": [15.125, 1, 15, 1.125], "texture": "#0"}
			}
		},
		{
			"from": [7.1, 8.46882, 8.7487],
			"to": [7.4, 9.76882, 9.0487],
			"rotation": {"angle": -22.5, "axis": "x", "origin": [7.25, 9.51882, 8.8987]},
			"faces": {
				"north": {"uv": [2.5, 13.5, 2.625, 14.125], "texture": "#0"},
				"east": {"uv": [13.5, 3, 13.625, 3.625], "texture": "#0"},
				"south": {"uv": [3.5, 13.5, 3.625, 14.125], "texture": "#0"},
				"west": {"uv": [13.5, 4, 13.625, 4.625], "texture": "#0"},
				"up": {"uv": [0.625, 15.125, 0.5, 15], "texture": "#0"},
				"down": {"uv": [15.125, 0.5, 15, 0.625], "texture": "#0"}
			}
		},
		{
			"from": [7.1, 6.86882, 8.7487],
			"to": [7.4, 8.96882, 9.0487],
			"rotation": {"angle": 22.5, "axis": "x", "origin": [7.25, 7.91882, 8.8987]},
			"faces": {
				"north": {"uv": [11.5, 6, 11.625, 7], "texture": "#0"},
				"east": {"uv": [11.5, 7, 11.625, 8], "texture": "#0"},
				"south": {"uv": [7.5, 11.5, 7.625, 12.5], "texture": "#0"},
				"west": {"uv": [11.5, 8, 11.625, 9], "texture": "#0"},
				"up": {"uv": [0.125, 15.125, 0, 15], "texture": "#0"},
				"down": {"uv": [15.125, 0, 15, 0.125], "texture": "#0"}
			}
		},
		{
			"from": [6.7, 8.46882, 8.7487],
			"to": [7, 9.76882, 9.0487],
			"rotation": {"angle": -22.5, "axis": "x", "origin": [6.85, 9.51882, 8.8987]},
			"faces": {
				"north": {"uv": [10, 13.5, 10.125, 14.125], "texture": "#0"},
				"east": {"uv": [13.5, 10, 13.625, 10.625], "texture": "#0"},
				"south": {"uv": [13.5, 11, 13.625, 11.625], "texture": "#0"},
				"west": {"uv": [13.5, 12, 13.625, 12.625], "texture": "#0"},
				"up": {"uv": [3.625, 15.125, 3.5, 15], "texture": "#0"},
				"down": {"uv": [15.125, 3.5, 15, 3.625], "texture": "#0"}
			}
		},
		{
			"from": [6.7, 6.86882, 8.7487],
			"to": [7, 8.96882, 9.0487],
			"rotation": {"angle": 22.5, "axis": "x", "origin": [6.85, 7.91882, 8.8987]},
			"faces": {
				"north": {"uv": [3, 12, 3.125, 13], "texture": "#0"},
				"east": {"uv": [12, 3, 12.125, 4], "texture": "#0"},
				"south": {"uv": [4, 12, 4.125, 13], "texture": "#0"},
				"west": {"uv": [12, 4, 12.125, 5], "texture": "#0"},
				"up": {"uv": [3.125, 15.125, 3, 15], "texture": "#0"},
				"down": {"uv": [15.125, 3, 15, 3.125], "texture": "#0"}
			}
		},
		{
			"from": [6.7, 8.46882, 8.7487],
			"to": [7, 9.76882, 9.0487],
			"rotation": {"angle": -22.5, "axis": "x", "origin": [6.85, 9.51882, 8.8987]},
			"faces": {
				"north": {"uv": [7.5, 13.5, 7.625, 14.125], "texture": "#0"},
				"east": {"uv": [13.5, 8, 13.625, 8.625], "texture": "#0"},
				"south": {"uv": [9, 13.5, 9.125, 14.125], "texture": "#0"},
				"west": {"uv": [13.5, 9, 13.625, 9.625], "texture": "#0"},
				"up": {"uv": [2.625, 15.125, 2.5, 15], "texture": "#0"},
				"down": {"uv": [15.125, 2.5, 15, 2.625], "texture": "#0"}
			}
		},
		{
			"from": [6.7, 6.86882, 8.7487],
			"to": [7, 8.96882, 9.0487],
			"rotation": {"angle": 22.5, "axis": "x", "origin": [6.85, 7.91882, 8.8987]},
			"faces": {
				"north": {"uv": [11.5, 11, 11.625, 12], "texture": "#0"},
				"east": {"uv": [12, 0, 12.125, 1], "texture": "#0"},
				"south": {"uv": [12, 1, 12.125, 2], "texture": "#0"},
				"west": {"uv": [12, 2, 12.125, 3], "texture": "#0"},
				"up": {"uv": [2.125, 15.125, 2, 15], "texture": "#0"},
				"down": {"uv": [15.125, 2, 15, 2.125], "texture": "#0"}
			}
		},
		{
			"from": [9.1, 8.46882, 8.7487],
			"to": [9.4, 9.76882, 9.0487],
			"rotation": {"angle": -22.5, "axis": "x", "origin": [9.25, 9.51882, 8.8987]},
			"faces": {
				"north": {"uv": [13, 5, 13.125, 5.625], "texture": "#0"},
				"east": {"uv": [5.5, 13, 5.625, 13.625], "texture": "#0"},
				"south": {"uv": [13, 6, 13.125, 6.625], "texture": "#0"},
				"west": {"uv": [6.5, 13, 6.625, 13.625], "texture": "#0"},
				"up": {"uv": [14.625, 6.625, 14.5, 6.5], "texture": "#0"},
				"down": {"uv": [14.625, 7, 14.5, 7.125], "texture": "#0"}
			}
		},
		{
			"from": [9.1, 6.86882, 8.7487],
			"to": [9.4, 8.96882, 9.0487],
			"rotation": {"angle": 22.5, "axis": "x", "origin": [9.25, 7.91882, 8.8987]},
			"faces": {
				"north": {"uv": [3, 11, 3.125, 12], "texture": "#0"},
				"east": {"uv": [11, 3, 11.125, 4], "texture": "#0"},
				"south": {"uv": [4, 11, 4.125, 12], "texture": "#0"},
				"west": {"uv": [11, 4, 11.125, 5], "texture": "#0"},
				"up": {"uv": [6.125, 14.625, 6, 14.5], "texture": "#0"},
				"down": {"uv": [14.625, 6, 14.5, 6.125], "texture": "#0"}
			}
		},
		{
			"from": [9.1, 8.46882, 8.7487],
			"to": [9.4, 9.76882, 9.0487],
			"rotation": {"angle": -22.5, "axis": "x", "origin": [9.25, 9.51882, 8.8987]},
			"faces": {
				"north": {"uv": [4, 13, 4.125, 13.625], "texture": "#0"},
				"east": {"uv": [13, 4, 13.125, 4.625], "texture": "#0"},
				"south": {"uv": [4.5, 13, 4.625, 13.625], "texture": "#0"},
				"west": {"uv": [5, 13, 5.125, 13.625], "texture": "#0"},
				"up": {"uv": [14.625, 5.125, 14.5, 5], "texture": "#0"},
				"down": {"uv": [14.625, 5.5, 14.5, 5.625], "texture": "#0"}
			}
		},
		{
			"from": [8.6, 8.56882, 7.4487],
			"to": [8.9, 9.76882, 7.7487],
			"rotation": {"angle": 22.5, "axis": "x", "origin": [8.75, 9.61882, 7.5987]},
			"faces": {
				"north": {"uv": [12.5, 3, 12.625, 3.625], "texture": "#0"},
				"east": {"uv": [3.5, 12.5, 3.625, 13.125], "texture": "#0"},
				"south": {"uv": [12.5, 4, 12.625, 4.625], "texture": "#0"},
				"west": {"uv": [12.5, 5, 12.625, 5.625], "texture": "#0"},
				"up": {"uv": [13.625, 14.125, 13.5, 14], "texture": "#0"},
				"down": {"uv": [14.125, 13.5, 14, 13.625], "texture": "#0"}
			}
		},
		{
			"from": [8.6, 6.7, 7.9],
			"to": [8.9, 8.8, 8.2],
			"rotation": {"angle": -22.5, "axis": "x", "origin": [6, 6.7, 7.4]},
			"faces": {
				"north": {"uv": [3, 10, 3.125, 11], "texture": "#0"},
				"east": {"uv": [10, 5.5, 10.125, 6.5], "texture": "#0"},
				"south": {"uv": [10, 6.5, 10.125, 7.5], "texture": "#0"},
				"west": {"uv": [10, 7.5, 10.125, 8.5], "texture": "#0"},
				"up": {"uv": [13.125, 14.125, 13, 14], "texture": "#0"},
				"down": {"uv": [14.125, 13, 14, 13.125], "texture": "#0"}
			}
		},
		{
			"from": [8.1, 8.56882, 7.4487],
			"to": [8.4, 9.76882, 7.7487],
			"rotation": {"angle": 22.5, "axis": "x", "origin": [8.25, 9.61882, 7.5987]},
			"faces": {
				"north": {"uv": [6, 12.5, 6.125, 13.125], "texture": "#0"},
				"east": {"uv": [12.5, 6, 12.625, 6.625], "texture": "#0"},
				"south": {"uv": [12.5, 7, 12.625, 7.625], "texture": "#0"},
				"west": {"uv": [7.5, 12.5, 7.625, 13.125], "texture": "#0"},
				"up": {"uv": [14.625, 0.125, 14.5, 0], "texture": "#0"},
				"down": {"uv": [0.625, 14.5, 0.5, 14.625], "texture": "#0"}
			}
		},
		{
			"from": [8.1, 6.7, 7.9],
			"to": [8.4, 8.8, 8.2],
			"rotation": {"angle": -22.5, "axis": "x", "origin": [5.5, 6.7, 7.4]},
			"faces": {
				"north": {"uv": [10, 8.5, 10.125, 9.5], "texture": "#0"},
				"east": {"uv": [9.5, 10, 9.625, 11], "texture": "#0"},
				"south": {"uv": [10, 9.5, 10.125, 10.5], "texture": "#0"},
				"west": {"uv": [10.5, 0, 10.625, 1], "texture": "#0"},
				"up": {"uv": [14.125, 14.125, 14, 14], "texture": "#0"},
				"down": {"uv": [0.125, 14.5, 0, 14.625], "texture": "#0"}
			}
		},
		{
			"from": [7.6, 8.56882, 7.4487],
			"to": [7.9, 9.76882, 7.7487],
			"rotation": {"angle": 22.5, "axis": "x", "origin": [7.75, 9.61882, 7.5987]},
			"faces": {
				"north": {"uv": [12.5, 8, 12.625, 8.625], "texture": "#0"},
				"east": {"uv": [9, 12.5, 9.125, 13.125], "texture": "#0"},
				"south": {"uv": [12.5, 9, 12.625, 9.625], "texture": "#0"},
				"west": {"uv": [10, 12.5, 10.125, 13.125], "texture": "#0"},
				"up": {"uv": [14.625, 1.125, 14.5, 1], "texture": "#0"},
				"down": {"uv": [1.625, 14.5, 1.5, 14.625], "texture": "#0"}
			}
		},
		{
			"from": [7.6, 6.7, 7.9],
			"to": [7.9, 8.8, 8.2],
			"rotation": {"angle": -22.5, "axis": "x", "origin": [5, 6.7, 7.4]},
			"faces": {
				"north": {"uv": [10.5, 1, 10.625, 2], "texture": "#0"},
				"east": {"uv": [10.5, 2, 10.625, 3], "texture": "#0"},
				"south": {"uv": [10.5, 3, 10.625, 4], "texture": "#0"},
				"west": {"uv": [3.5, 10.5, 3.625, 11.5], "texture": "#0"},
				"up": {"uv": [14.625, 0.625, 14.5, 0.5], "texture": "#0"},
				"down": {"uv": [1.125, 14.5, 1, 14.625], "texture": "#0"}
			}
		},
		{
			"from": [7.1, 8.56882, 7.4487],
			"to": [7.4, 9.76882, 7.7487],
			"rotation": {"angle": 22.5, "axis": "x", "origin": [7.25, 9.61882, 7.5987]},
			"faces": {
				"north": {"uv": [12.5, 10, 12.625, 10.625], "texture": "#0"},
				"east": {"uv": [12.5, 11, 12.625, 11.625], "texture": "#0"},
				"south": {"uv": [12.5, 12, 12.625, 12.625], "texture": "#0"},
				"west": {"uv": [13, 0, 13.125, 0.625], "texture": "#0"},
				"up": {"uv": [14.625, 2.125, 14.5, 2], "texture": "#0"},
				"down": {"uv": [2.625, 14.5, 2.5, 14.625], "texture": "#0"}
			}
		},
		{
			"from": [7.1, 6.7, 7.9],
			"to": [7.4, 8.8, 8.2],
			"rotation": {"angle": -22.5, "axis": "x", "origin": [4.5, 6.7, 7.4]},
			"faces": {
				"north": {"uv": [10.5, 4, 10.625, 5], "texture": "#0"},
				"east": {"uv": [10.5, 5, 10.625, 6], "texture": "#0"},
				"south": {"uv": [6, 10.5, 6.125, 11.5], "texture": "#0"},
				"west": {"uv": [10.5, 6, 10.625, 7], "texture": "#0"},
				"up": {"uv": [14.625, 1.625, 14.5, 1.5], "texture": "#0"},
				"down": {"uv": [2.125, 14.5, 2, 14.625], "texture": "#0"}
			}
		},
		{
			"from": [6.6, 8.56882, 7.4487],
			"to": [6.9, 9.76882, 7.7487],
			"rotation": {"angle": 22.5, "axis": "x", "origin": [6.75, 9.61882, 7.5987]},
			"faces": {
				"north": {"uv": [13, 1, 13.125, 1.625], "texture": "#0"},
				"east": {"uv": [13, 2, 13.125, 2.625], "texture": "#0"},
				"south": {"uv": [3, 13, 3.125, 13.625], "texture": "#0"},
				"west": {"uv": [13, 3, 13.125, 3.625], "texture": "#0"},
				"up": {"uv": [3.625, 14.625, 3.5, 14.5], "texture": "#0"},
				"down": {"uv": [14.625, 3.5, 14.5, 3.625], "texture": "#0"}
			}
		},
		{
			"from": [6.6, 6.7, 7.9],
			"to": [6.9, 8.8, 8.2],
			"rotation": {"angle": -22.5, "axis": "x", "origin": [4, 6.7, 7.4]},
			"faces": {
				"north": {"uv": [10.5, 7, 10.625, 8], "texture": "#0"},
				"east": {"uv": [7.5, 10.5, 7.625, 11.5], "texture": "#0"},
				"south": {"uv": [10.5, 8, 10.625, 9], "texture": "#0"},
				"west": {"uv": [9, 10.5, 9.125, 11.5], "texture": "#0"},
				"up": {"uv": [14.625, 2.625, 14.5, 2.5], "texture": "#0"},
				"down": {"uv": [14.625, 3, 14.5, 3.125], "texture": "#0"}
			}
		},
		{
			"from": [9.1, 8.56882, 7.4487],
			"to": [9.4, 9.76882, 7.7487],
			"rotation": {"angle": 22.5, "axis": "x", "origin": [9.25, 9.61882, 7.5987]},
			"faces": {
				"north": {"uv": [1.5, 12.5, 1.625, 13.125], "texture": "#0"},
				"east": {"uv": [2, 12.5, 2.125, 13.125], "texture": "#0"},
				"south": {"uv": [12.5, 2, 12.625, 2.625], "texture": "#0"},
				"west": {"uv": [2.5, 12.5, 2.625, 13.125], "texture": "#0"},
				"up": {"uv": [12.625, 14.125, 12.5, 14], "texture": "#0"},
				"down": {"uv": [14.125, 12.5, 14, 12.625], "texture": "#0"}
			}
		},
		{
			"from": [6.2, 6.9, 9.1],
			"to": [10, 8.6, 9.4],
			"rotation": {"angle": 22.5, "axis": "x", "origin": [7, 6.9, 8.9]},
			"faces": {
				"north": {"uv": [4, 5, 5.875, 5.875], "texture": "#0"},
				"east": {"uv": [10.5, 12, 10.625, 12.875], "texture": "#0"},
				"south": {"uv": [6, 0, 7.875, 0.875], "texture": "#0"},
				"west": {"uv": [11, 12, 11.125, 12.875], "texture": "#0"},
				"up": {"uv": [10.375, 4.125, 8.5, 4], "texture": "#0"},
				"down": {"uv": [6.375, 8.5, 4.5, 8.625], "texture": "#0"}
			}
		},
		{
			"from": [9.9, 6.8, 7.1],
			"to": [10.2, 8.4, 9.4],
			"rotation": {"angle": -22.5, "axis": "z", "origin": [10.05, 7.65, 8.25]},
			"faces": {
				"north": {"uv": [12.5, 0, 12.625, 0.75], "texture": "#0"},
				"east": {"uv": [6.5, 4, 7.625, 4.75], "texture": "#0"},
				"south": {"uv": [0.5, 12.5, 0.625, 13.25], "texture": "#0"},
				"west": {"uv": [6.5, 5, 7.625, 5.75], "texture": "#0"},
				"up": {"uv": [3.625, 10.125, 3.5, 9], "texture": "#0"},
				"down": {"uv": [6.125, 9, 6, 10.125], "texture": "#0"}
			}
		},
		{
			"from": [9.5, 6.8, 8.6],
			"to": [9.8, 8.9, 8.9],
			"rotation": {"angle": -22.5, "axis": "z", "origin": [9.65, 7.65, 8.85]},
			"faces": {
				"north": {"uv": [4.5, 12, 4.625, 13], "texture": "#0"},
				"east": {"uv": [5, 12, 5.125, 13], "texture": "#0"},
				"south": {"uv": [12, 5, 12.125, 6], "texture": "#0"},
				"west": {"uv": [5.5, 12, 5.625, 13], "texture": "#0"},
				"up": {"uv": [4.125, 15.125, 4, 15], "texture": "#0"},
				"down": {"uv": [15.125, 4, 15, 4.125], "texture": "#0"}
			}
		},
		{
			"from": [9.57654, 8.48478, 8.1],
			"to": [9.87654, 9.68478, 8.4],
			"rotation": {"angle": 22.5, "axis": "z", "origin": [9.72654, 9.53478, 8.25]},
			"faces": {
				"north": {"uv": [3, 14, 3.125, 14.625], "texture": "#0"},
				"east": {"uv": [14, 3, 14.125, 3.625], "texture": "#0"},
				"south": {"uv": [4, 14, 4.125, 14.625], "texture": "#0"},
				"west": {"uv": [14, 4, 14.125, 4.625], "texture": "#0"},
				"up": {"uv": [5.625, 15.125, 5.5, 15], "texture": "#0"},
				"down": {"uv": [15.125, 5.5, 15, 5.625], "texture": "#0"}
			}
		},
		{
			"from": [9.5, 6.8, 8.1],
			"to": [9.8, 8.9, 8.4],
			"rotation": {"angle": -22.5, "axis": "z", "origin": [9.65, 7.65, 8.35]},
			"faces": {
				"north": {"uv": [12, 6, 12.125, 7], "texture": "#0"},
				"east": {"uv": [6.5, 12, 6.625, 13], "texture": "#0"},
				"south": {"uv": [7, 12, 7.125, 13], "texture": "#0"},
				"west": {"uv": [12, 7, 12.125, 8], "texture": "#0"},
				"up": {"uv": [5.125, 15.125, 5, 15], "texture": "#0"},
				"down": {"uv": [15.125, 5, 15, 5.125], "texture": "#0"}
			}
		},
		{
			"from": [9.57654, 8.48478, 7.6],
			"to": [9.87654, 9.68478, 7.9],
			"rotation": {"angle": 22.5, "axis": "z", "origin": [9.72654, 9.53478, 7.75]},
			"faces": {
				"north": {"uv": [4.5, 14, 4.625, 14.625], "texture": "#0"},
				"east": {"uv": [5, 14, 5.125, 14.625], "texture": "#0"},
				"south": {"uv": [14, 5, 14.125, 5.625], "texture": "#0"},
				"west": {"uv": [5.5, 14, 5.625, 14.625], "texture": "#0"},
				"up": {"uv": [6.625, 15.125, 6.5, 15], "texture": "#0"},
				"down": {"uv": [15.125, 6.5, 15, 6.625], "texture": "#0"}
			}
		},
		{
			"from": [9.5, 6.8, 7.6],
			"to": [9.8, 8.9, 7.9],
			"rotation": {"angle": -22.5, "axis": "z", "origin": [9.65, 7.65, 7.85]},
			"faces": {
				"north": {"uv": [8, 12, 8.125, 13], "texture": "#0"},
				"east": {"uv": [12, 8, 12.125, 9], "texture": "#0"},
				"south": {"uv": [8.5, 12, 8.625, 13], "texture": "#0"},
				"west": {"uv": [12, 9, 12.125, 10], "texture": "#0"},
				"up": {"uv": [6.125, 15.125, 6, 15], "texture": "#0"},
				"down": {"uv": [15.125, 6, 15, 6.125], "texture": "#0"}
			}
		},
		{
			"from": [9.57654, 8.48478, 8.6],
			"to": [9.87654, 9.68478, 8.9],
			"rotation": {"angle": 22.5, "axis": "z", "origin": [9.72654, 9.53478, 8.75]},
			"faces": {
				"north": {"uv": [13.5, 13, 13.625, 13.625], "texture": "#0"},
				"east": {"uv": [14, 0, 14.125, 0.625], "texture": "#0"},
				"south": {"uv": [14, 1, 14.125, 1.625], "texture": "#0"},
				"west": {"uv": [14, 2, 14.125, 2.625], "texture": "#0"},
				"up": {"uv": [4.625, 15.125, 4.5, 15], "texture": "#0"},
				"down": {"uv": [15.125, 4.5, 15, 4.625], "texture": "#0"}
			}
		},
		{
			"from": [6.2, 6.6, 6.5],
			"to": [10, 8.3, 6.8],
			"rotation": {"angle": -22.5, "axis": "x", "origin": [7, 8.5, 6.5]},
			"faces": {
				"north": {"uv": [4, 3, 5.875, 3.875], "texture": "#0"},
				"east": {"uv": [9.5, 12, 9.625, 12.875], "texture": "#0"},
				"south": {"uv": [4, 4, 5.875, 4.875], "texture": "#0"},
				"west": {"uv": [12, 10, 12.125, 10.875], "texture": "#0"},
				"up": {"uv": [10.375, 3.125, 8.5, 3], "texture": "#0"},
				"down": {"uv": [10.375, 3.5, 8.5, 3.625], "texture": "#0"}
			}
		},
		{
			"from": [7.4, -2.6, 7.9],
			"to": [7.8, 0.8, 8.5],
			"rotation": {"angle": 0, "axis": "y", "origin": [7, -5.4, 6.9]},
			"faces": {
				"north": {"uv": [7, 7.5, 7.25, 9.25], "texture": "#0"},
				"east": {"uv": [7.5, 7, 7.75, 8.75], "texture": "#0"},
				"south": {"uv": [3, 8, 3.25, 9.75], "texture": "#0"},
				"west": {"uv": [8, 3, 8.25, 4.75], "texture": "#0"},
				"up": {"uv": [5.75, 8.25, 5.5, 8], "texture": "#0"},
				"down": {"uv": [9.75, 4.5, 9.5, 4.75], "texture": "#0"}
			}
		},
		{
			"from": [8.4, -2, 7.9],
			"to": [8.7, -0.4, 8.5],
			"rotation": {"angle": -22.5, "axis": "z", "origin": [8.5, -1.2, 8.4]},
			"faces": {
				"north": {"uv": [12, 11, 12.125, 11.75], "texture": "#0"},
				"east": {"uv": [3.5, 8, 3.75, 8.75], "texture": "#0"},
				"south": {"uv": [11.5, 12, 11.625, 12.75], "texture": "#0"},
				"west": {"uv": [6.5, 8.5, 6.75, 9.25], "texture": "#0"},
				"up": {"uv": [10.125, 4.75, 10, 4.5], "texture": "#0"},
				"down": {"uv": [14.125, 11, 14, 11.25], "texture": "#0"}
			}
		},
		{
			"from": [8.6, -0.8, 7.9],
			"to": [8.9, 0.8, 8.5],
			"rotation": {"angle": 0, "axis": "y", "origin": [8.2, -5.4, 6.9]},
			"faces": {
				"north": {"uv": [12, 12, 12.125, 12.75], "texture": "#0"},
				"east": {"uv": [8, 8.5, 8.25, 9.25], "texture": "#0"},
				"south": {"uv": [0, 12.5, 0.125, 13.25], "texture": "#0"},
				"west": {"uv": [8.5, 8.5, 8.75, 9.25], "texture": "#0"},
				"up": {"uv": [11.625, 14.25, 11.5, 14], "texture": "#0"},
				"down": {"uv": [14.125, 11.5, 14, 11.75], "texture": "#0"}
			}
		},
		{
			"from": [5.55, 6.75, 7.1],
			"to": [5.85, 8.35, 9.4],
			"rotation": {"angle": 22.5, "axis": "z", "origin": [5.8, 8.65, 8.25]},
			"faces": {
				"north": {"uv": [1, 12.5, 1.125, 13.25], "texture": "#0"},
				"east": {"uv": [6, 6.5, 7.125, 7.25], "texture": "#0"},
				"south": {"uv": [12.5, 1, 12.625, 1.75], "texture": "#0"},
				"west": {"uv": [4.5, 7, 5.625, 7.75], "texture": "#0"},
				"up": {"uv": [7.625, 10.125, 7.5, 9], "texture": "#0"},
				"down": {"uv": [9.125, 7.5, 9, 8.625], "texture": "#0"}
			}
		},
		{
			"from": [6.05, 6.75, 7.7],
			"to": [6.35, 8.95, 8],
			"rotation": {"angle": 22.5, "axis": "z", "origin": [6.3, 8.65, 8.25]},
			"faces": {
				"north": {"uv": [9, 9, 9.125, 10.125], "texture": "#0"},
				"east": {"uv": [4, 9.5, 4.125, 10.625], "texture": "#0"},
				"south": {"uv": [4.5, 9.5, 4.625, 10.625], "texture": "#0"},
				"west": {"uv": [5, 9.5, 5.125, 10.625], "texture": "#0"},
				"up": {"uv": [7.125, 15.125, 7, 15], "texture": "#0"},
				"down": {"uv": [15.125, 7, 15, 7.125], "texture": "#0"}
			}
		},
		{
			"from": [6.36376, 8.47263, 8.1],
			"to": [6.66376, 9.77263, 8.4],
			"rotation": {"angle": -22.5, "axis": "z", "origin": [6.51376, 9.57263, 8.25]},
			"faces": {
				"north": {"uv": [8, 14, 8.125, 14.625], "texture": "#0"},
				"east": {"uv": [14, 8, 14.125, 8.625], "texture": "#0"},
				"south": {"uv": [8.5, 14, 8.625, 14.625], "texture": "#0"},
				"west": {"uv": [14, 9, 14.125, 9.625], "texture": "#0"},
				"up": {"uv": [8.625, 15.125, 8.5, 15], "texture": "#0"},
				"down": {"uv": [15.125, 8.5, 15, 8.625], "texture": "#0"}
			}
		},
		{
			"from": [6.05, 6.75, 8.1],
			"to": [6.35, 8.95, 8.4],
			"rotation": {"angle": 22.5, "axis": "z", "origin": [6.3, 8.65, 8.65]},
			"faces": {
				"north": {"uv": [5.5, 9.5, 5.625, 10.625], "texture": "#0"},
				"east": {"uv": [9.5, 5.5, 9.625, 6.625], "texture": "#0"},
				"south": {"uv": [6.5, 9.5, 6.625, 10.625], "texture": "#0"},
				"west": {"uv": [7, 9.5, 7.125, 10.625], "texture": "#0"},
				"up": {"uv": [8.125, 15.125, 8, 15], "texture": "#0"},
				"down": {"uv": [15.125, 8, 15, 8.125], "texture": "#0"}
			}
		},
		{
			"from": [6.36376, 8.47263, 8.5],
			"to": [6.66376, 9.77263, 8.8],
			"rotation": {"angle": -22.5, "axis": "z", "origin": [6.51376, 9.57263, 8.65]},
			"faces": {
				"north": {"uv": [9.5, 14, 9.625, 14.625], "texture": "#0"},
				"east": {"uv": [14, 10, 14.125, 10.625], "texture": "#0"},
				"south": {"uv": [10.5, 14, 10.625, 14.625], "texture": "#0"},
				"west": {"uv": [11, 14, 11.125, 14.625], "texture": "#0"},
				"up": {"uv": [9.625, 15.125, 9.5, 15], "texture": "#0"},
				"down": {"uv": [15.125, 9.5, 15, 9.625], "texture": "#0"}
			}
		},
		{
			"from": [6.05, 6.75, 8.5],
			"to": [6.35, 8.95, 8.8],
			"rotation": {"angle": 22.5, "axis": "z", "origin": [6.3, 8.65, 9.05]},
			"faces": {
				"north": {"uv": [9.5, 7, 9.625, 8.125], "texture": "#0"},
				"east": {"uv": [8, 9.5, 8.125, 10.625], "texture": "#0"},
				"south": {"uv": [8.5, 9.5, 8.625, 10.625], "texture": "#0"},
				"west": {"uv": [9.5, 8.5, 9.625, 9.625], "texture": "#0"},
				"up": {"uv": [9.125, 15.125, 9, 15], "texture": "#0"},
				"down": {"uv": [15.125, 9, 15, 9.125], "texture": "#0"}
			}
		},
		{
			"from": [6.36376, 8.47263, 7.7],
			"to": [6.66376, 9.77263, 8],
			"rotation": {"angle": -22.5, "axis": "z", "origin": [6.51376, 9.57263, 7.85]},
			"faces": {
				"north": {"uv": [14, 6, 14.125, 6.625], "texture": "#0"},
				"east": {"uv": [6.5, 14, 6.625, 14.625], "texture": "#0"},
				"south": {"uv": [7, 14, 7.125, 14.625], "texture": "#0"},
				"west": {"uv": [14, 7, 14.125, 7.625], "texture": "#0"},
				"up": {"uv": [7.625, 15.125, 7.5, 15], "texture": "#0"},
				"down": {"uv": [15.125, 7.5, 15, 7.625], "texture": "#0"}
			}
		}
	],
	"display": {
		"thirdperson_righthand": {
			"rotation": [78.52, 87.48, -80.14],
			"translation": [0, 1.75, 1.75],
			"scale": [0.8, 0.8, 0.8]
		},
		"thirdperson_lefthand": {
			"rotation": [-49.36, -87.62, -50.57],
			"translation": [0, 2, 2],
			"scale": [0.8, 0.8, 0.8]
		},
		"firstperson_righthand": {
			"rotation": [-180, 89.25, -180],
			"translation": [1.25, 0, 0.25],
			"scale": [0.7, 0.7, 0.7]
		},
		"firstperson_lefthand": {
			"rotation": [-180, -80.5, 180],
			"translation": [2.25, 1, -0.25],
			"scale": [0.7, 0.7, 0.7]
		},
		"ground": {
			"rotation": [80.03, -10.58, -12.5],
			"scale": [0.8, 0.8, 0.8]
		},
		"gui": {
			"rotation": [0, 0, -47.75],
			"translation": [-3.5, -3.25, 0],
			"scale": [0.7, 0.7, 0.7]
		},
		"fixed": {
			"rotation": [0, 0, 47.25],
			"translation": [4.75, -4, 0]
		}
	}
}