{"display":{"thirdperson_righthand":{"rotation":[0,20,0],"translation":[0,-0.5,2],"scale":[0.8,0.8,0.8]},"thirdperson_lefthand":{"rotation":[0,20,0],"translation":[0,-0.5,2],"scale":[0.8,0.8,0.8]},"firstperson_righthand":{"rotation":[0,11,0],"translation":[1.75,-0.5,0.25],"scale":[0.7,0.7,0.7]},"firstperson_lefthand":{"rotation":[0,11,0],"translation":[1.75,-0.5,0.25],"scale":[0.7,0.7,0.7]},"ground":{"rotation":[20,64,0],"translation":[0,-2.5,0.75],"scale":[0.7,0.7,0.7]},"gui":{"rotation":[22.5,135,0],"translation":[1.5,-2,0],"scale":[0.9,0.9,0.9]},"head":{"rotation":[6,0,0],"translation":[0,-1,3],"scale":[1.84,1.84,1.84]},"fixed":{"translation":[0,-2.5,0]}},"texture_size":[64,64],"textures":{"1":"civilization:item/wearable/classhats/archer_hood","particle":"civilization:item/wearable/classhats/archer_hood"},"elements":[{"from":[4,9,2],"to":[12,13,10],"rotation":{"angle":0,"axis":"y","origin":[5,0,2]},"faces":{"north":{"uv":[5,2,7,3],"texture":"#1"},"east":{"uv":[5,3,7,4],"texture":"#1"},"south":{"uv":[0,5.5,2,6.5],"texture":"#1"},"west":{"uv":[2,6,4,7],"texture":"#1"},"up":{"uv":[5,2,3,0],"texture":"#1"},"down":{"uv":[5,2,3,4],"texture":"#1"}}},{"from":[3.9,8.9,1.9],"to":[12.1,13.1,10.1],"rotation":{"angle":0,"axis":"y","origin":[5,0,2]},"faces":{"north":{"uv":[4,6,6,7],"texture":"#1"},"east":{"uv":[6,4,8,5],"texture":"#1"},"south":{"uv":[6,5,8,6],"texture":"#1"},"west":{"uv":[6,6,8,7],"texture":"#1"},"up":{"uv":[6,6,4,4],"texture":"#1"},"down":{"uv":[7,0,5,2],"texture":"#1"}}},{"from":[3.89,9.09,1.89],"to":[12.11,11.31,10.11],"rotation":{"angle":0,"axis":"y","origin":[5,0,2]},"faces":{"north":{"uv":[5.5,7.5,7.5,8],"texture":"#1"},"east":{"uv":[7.5,7,9.5,7.5],"texture":"#1"},"south":{"uv":[7.5,7.5,9.5,8],"texture":"#1"},"west":{"uv":[7.75,0,9.75,0.5],"texture":"#1"},"up":{"uv":[2,5.5,0,3.5],"texture":"#1"},"down":{"uv":[4,4,2,6],"texture":"#1"}}},{"from":[6,9.2,1.3],"to":[10,12.2,2.3],"rotation":{"angle":22.5,"axis":"x","origin":[8,10.7,2]},"faces":{"north":{"uv":[7.75,2.5,8.75,3.25],"texture":"#1"},"east":{"uv":[6.75,8,7,8.75],"texture":"#1"},"south":{"uv":[3.75,7.75,4.75,8.5],"texture":"#1"},"west":{"uv":[7,8,7.25,8.75],"texture":"#1"},"up":{"uv":[3,3.75,2,3.5],"texture":"#1"},"down":{"uv":[3,3.75,2,4],"texture":"#1"}}},{"from":[5,9,-3],"to":[11,10,11],"rotation":{"angle":0,"axis":"y","origin":[5,0,2]},"faces":{"north":{"uv":[4.75,8,6.25,8.25],"texture":"#1"},"east":{"uv":[7.75,1.5,11.25,1.75],"texture":"#1"},"south":{"uv":[8,4.75,9.5,5],"texture":"#1"},"west":{"uv":[7.75,1.75,11.25,2],"texture":"#1"},"up":{"uv":[1.5,3.5,0,0],"texture":"#1"},"down":{"uv":[3,0,1.5,3.5],"texture":"#1"}}},{"from":[2.94529,8.42151,0],"to":[4.94529,9.42151,11],"rotation":{"angle":22.5,"axis":"z","origin":[3.51851,9.84829,8.5]},"faces":{"north":{"uv":[4.75,7.75,5.25,8],"texture":"#1"},"east":{"uv":[7.75,3.25,10.5,3.5],"texture":"#1"},"south":{"uv":[8,6.5,8.5,6.75],"texture":"#1"},"west":{"uv":[8,4,10.75,4.25],"texture":"#1"},"up":{"uv":[0.5,9.25,0,6.5],"texture":"#1"},"down":{"uv":[1,6.5,0.5,9.25],"texture":"#1"}}},{"from":[11.05471,8.42151,0],"to":[13.05471,9.42151,11],"rotation":{"angle":-22.5,"axis":"z","origin":[12.48149,9.84829,8.5]},"faces":{"north":{"uv":[8,6.75,8.5,7],"texture":"#1"},"east":{"uv":[8,4.25,10.75,4.5],"texture":"#1"},"south":{"uv":[7.25,8,7.75,8.25],"texture":"#1"},"west":{"uv":[8,4.5,10.75,4.75],"texture":"#1"},"up":{"uv":[1.5,9.25,1,6.5],"texture":"#1"},"down":{"uv":[2,6.5,1.5,9.25],"texture":"#1"}}},{"from":[12.73254,9.65538,4],"to":[12.73254,11.65538,11],"rotation":{"angle":-22.5,"axis":"z","origin":[11.73254,9.15538,6]},"faces":{"north":{"uv":[0,0,0,0.5],"texture":"#1"},"east":{"uv":[7.75,0.5,9.5,1],"texture":"#1"},"south":{"uv":[0,0,0,0.5],"texture":"#1"},"west":{"uv":[7.75,1,9.5,1.5],"texture":"#1"},"up":{"uv":[0,1.75,0,0],"texture":"#1"},"down":{"uv":[0,0,0,1.75],"texture":"#1"}}},{"from":[10.73254,9.65538,10.95],"to":[12.73254,11.65538,10.95],"rotation":{"angle":-22.5,"axis":"z","origin":[11.73254,9.15538,5.9]},"faces":{"north":{"uv":[8,5,8.5,5.5],"texture":"#1"},"east":{"uv":[0,0,0,0.5],"texture":"#1"},"south":{"uv":[8,5.5,8.5,6],"texture":"#1"},"west":{"uv":[0,0,0,0.5],"texture":"#1"},"up":{"uv":[0.5,0,0,0],"texture":"#1"},"down":{"uv":[0.5,0,0,0],"texture":"#1"}}},{"from":[3.26746,9.65538,4],"to":[3.26746,11.65538,11],"rotation":{"angle":22.5,"axis":"z","origin":[4.26746,9.15538,6]},"faces":{"north":{"uv":[0,0,0,0.5],"texture":"#1"},"east":{"uv":[2,7.75,3.75,8.25],"texture":"#1"},"south":{"uv":[0,0,0,0.5],"texture":"#1"},"west":{"uv":[7.75,2,9.5,2.5],"texture":"#1"},"up":{"uv":[0,1.75,0,0],"texture":"#1"},"down":{"uv":[0,0,0,1.75],"texture":"#1"}}},{"from":[3.26746,9.65538,10.95],"to":[5.26746,11.65538,10.95],"rotation":{"angle":22.5,"axis":"z","origin":[4.26746,9.15538,5.9]},"faces":{"north":{"uv":[8,6,8.5,6.5],"texture":"#1"},"east":{"uv":[0,0,0,0.5],"texture":"#1"},"south":{"uv":[6.25,8,6.75,8.5],"texture":"#1"},"west":{"uv":[0,0,0,0.5],"texture":"#1"},"up":{"uv":[0.5,0,0,0],"texture":"#1"},"down":{"uv":[0.5,0,0,0],"texture":"#1"}}},{"from":[4.03463,9.84776,10.95],"to":[12.03463,11.84776,10.95],"rotation":{"angle":0,"axis":"y","origin":[5.23463,10.84776,10.9]},"faces":{"north":{"uv":[7,3.5,9,4],"texture":"#1"},"east":{"uv":[0,0,0,0.5],"texture":"#1"},"south":{"uv":[5.5,7,7.5,7.5],"texture":"#1"},"west":{"uv":[0,0,0,0.5],"texture":"#1"},"up":{"uv":[2,0,0,0],"texture":"#1"},"down":{"uv":[2,0,0,0],"texture":"#1"}}},{"from":[12.7,9.0588,5.89235],"to":[12.7,16.0588,8.89235],"rotation":{"angle":-22.5,"axis":"z","origin":[12.1,12.5588,7.39235]},"faces":{"north":{"uv":[0,0,0,1.75],"texture":"#1"},"east":{"uv":[7,0,7.75,1.75],"texture":"#1"},"south":{"uv":[0,0,0,1.75],"texture":"#1"},"west":{"uv":[7,1.75,7.75,3.5],"texture":"#1"},"up":{"uv":[0,0.75,0,0],"texture":"#1"},"down":{"uv":[0,0,0,0.75],"texture":"#1"}}},{"from":[12.1,10.0588,5.30656],"to":[12.1,13.0588,12.30656],"rotation":{"angle":-45,"axis":"x","origin":[12.1,12.5588,8.80656]},"faces":{"north":{"uv":[0,0,0,0.75],"texture":"#1"},"east":{"uv":[2,7,3.75,7.75],"texture":"#1"},"south":{"uv":[0,0,0,0.75],"texture":"#1"},"west":{"uv":[3.75,7,5.5,7.75],"texture":"#1"},"up":{"uv":[0,1.75,0,0],"texture":"#1"},"down":{"uv":[0,0,0,1.75],"texture":"#1"}}}],"gui_light":"front"}