[
  {
    "title": "\"Megalo Strike Back BBT\"",
    "author": "\"Vitalik_BANANA\"",
    "duration": 227,
    "disc-namespace": "megalostrikebackbbtvitalikbananaone",
    "model-data": 1,
    "creeper-drop": true,
    "lores": [],
    "loot-tables": {
      "chests/trial_chambers/supply": 69,
      "chests/trial_chambers/intersection_barrel": 69,
      "chests/trial_chambers/intersection": 69,
      "chests/trial_chambers/entrance": 69,
      "chests/trial_chambers/corridor": 69,
      "pots/trial_chambers/corridor": 69,
      "spawners/trial_chamber/consumables": 69,
      "chests/desert_pyramid": 69,
      "chests/simple_dungeon": 69
    },
    "fragment-loot-tables": {}
  },
  {
    "title": "\"Tamponu Alenu\"",
    "author": "\"telik228228\"",
    "duration": 219,
    "disc-namespace": "tamponualenuteliktwotwoeighttwotwoeightone",
    "model-data": 2,
    "creeper-drop": true,
    "lores": [],
    "loot-tables": {
      "chests/trial_chambers/supply": 69,
      "chests/trial_chambers/intersection_barrel": 69,
      "chests/trial_chambers/intersection": 69,
      "chests/trial_chambers/entrance": 69,
      "chests/trial_chambers/corridor": 69,
      "pots/trial_chambers/corridor": 69,
      "spawners/trial_chamber/consumables": 69,
      "chests/desert_pyramid": 69,
      "chests/simple_dungeon": 69
    },
    "fragment-loot-tables": {}
  }
]