{
	"credit": "Made with Blockbench",
	"textures": {
		"2": "./bow",
		"particle": "./bow"
	},
	"elements": [
		{
			"name": "bow_0",
			"from": [9.6, 0, 0],
			"to": [10.4, 0.8, 3.2],
			"faces": {
				"north": {"uv": [10.4, 0, 9.6, 0.8], "texture": "#2"},
				"east": {"uv": [9.6, 0, 10.4, 3.2], "rotation": 90, "texture": "#2"},
				"south": {"uv": [9.6, 2.4, 10.4, 3.2], "texture": "#2"},
				"west": {"uv": [9.6, 0, 10.4, 3.2], "rotation": 270, "texture": "#2"},
				"up": {"uv": [9.6, 0, 10.4, 3.2], "texture": "#2"},
				"down": {"uv": [9.6, 3.2, 10.4, 0], "texture": "#2"}
			}
		},
		{
			"name": "bow_1",
			"from": [7.2, 0, 0.8],
			"to": [8, 0.8, 4.8],
			"faces": {
				"north": {"uv": [8, 0.8, 7.2, 1.6], "texture": "#2"},
				"east": {"uv": [7.2, 0.8, 8, 4.8], "rotation": 90, "texture": "#2"},
				"south": {"uv": [7.2, 4, 8, 4.8], "texture": "#2"},
				"west": {"uv": [7.2, 0.8, 8, 4.8], "rotation": 270, "texture": "#2"},
				"up": {"uv": [7.2, 0.8, 8, 4.8], "texture": "#2"},
				"down": {"uv": [7.2, 4.8, 8, 0.8], "texture": "#2"}
			}
		},
		{
			"name": "bow_2",
			"from": [8.8, 0, 0.8],
			"to": [9.6, 0.8, 3.2],
			"faces": {
				"north": {"uv": [9.6, 0.8, 8.8, 1.6], "texture": "#2"},
				"east": {"uv": [8.8, 0.8, 9.6, 3.2], "rotation": 90, "texture": "#2"},
				"south": {"uv": [8.8, 2.4, 9.6, 3.2], "texture": "#2"},
				"west": {"uv": [8.8, 0.8, 9.6, 3.2], "rotation": 270, "texture": "#2"},
				"up": {"uv": [8.8, 0.8, 9.6, 3.2], "texture": "#2"},
				"down": {"uv": [8.8, 3.2, 9.6, 0.8], "texture": "#2"}
			}
		},
		{
			"name": "bow_3",
			"from": [12.8, 0, 0.8],
			"to": [13.6, 0.8, 4],
			"faces": {
				"north": {"uv": [13.6, 0.8, 12.8, 1.6], "texture": "#2"},
				"east": {"uv": [12.8, 0.8, 13.6, 4], "rotation": 90, "texture": "#2"},
				"south": {"uv": [12.8, 3.2, 13.6, 4], "texture": "#2"},
				"west": {"uv": [12.8, 0.8, 13.6, 4], "rotation": 270, "texture": "#2"},
				"up": {"uv": [12.8, 0.8, 13.6, 4], "texture": "#2"},
				"down": {"uv": [12.8, 4, 13.6, 0.8], "texture": "#2"}
			}
		},
		{
			"name": "bow_4",
			"from": [5.6, 0, 1.6],
			"to": [6.4, 0.8, 6.4],
			"faces": {
				"north": {"uv": [6.4, 1.6, 5.6, 2.4], "texture": "#2"},
				"east": {"uv": [5.6, 1.6, 6.4, 6.4], "rotation": 90, "texture": "#2"},
				"south": {"uv": [5.6, 5.6, 6.4, 6.4], "texture": "#2"},
				"west": {"uv": [5.6, 1.6, 6.4, 6.4], "rotation": 270, "texture": "#2"},
				"up": {"uv": [5.6, 1.6, 6.4, 6.4], "texture": "#2"},
				"down": {"uv": [5.6, 6.4, 6.4, 1.6], "texture": "#2"}
			}
		},
		{
			"name": "bow_5",
			"from": [8, 0, 1.6],
			"to": [8.8, 0.8, 4.8],
			"faces": {
				"north": {"uv": [8.8, 1.6, 8, 2.4], "texture": "#2"},
				"east": {"uv": [8, 1.6, 8.8, 4.8], "rotation": 90, "texture": "#2"},
				"south": {"uv": [8, 4, 8.8, 4.8], "texture": "#2"},
				"west": {"uv": [8, 1.6, 8.8, 4.8], "rotation": 270, "texture": "#2"},
				"up": {"uv": [8, 1.6, 8.8, 4.8], "texture": "#2"},
				"down": {"uv": [8, 4.8, 8.8, 1.6], "texture": "#2"}
			}
		},
		{
			"name": "bow_6",
			"from": [10.4, 0, 1.6],
			"to": [12.8, 0.8, 3.2],
			"faces": {
				"north": {"uv": [12.8, 1.6, 10.4, 2.4], "texture": "#2"},
				"east": {"uv": [12, 1.6, 12.8, 3.2], "rotation": 90, "texture": "#2"},
				"south": {"uv": [10.4, 2.4, 12.8, 3.2], "texture": "#2"},
				"west": {"uv": [10.4, 1.6, 11.2, 3.2], "rotation": 270, "texture": "#2"},
				"up": {"uv": [10.4, 1.6, 12.8, 3.2], "texture": "#2"},
				"down": {"uv": [10.4, 3.2, 12.8, 1.6], "texture": "#2"}
			}
		},
		{
			"name": "bow_7",
			"from": [4, 0, 2.4],
			"to": [4.8, 0.8, 3.2],
			"faces": {
				"north": {"uv": [4.8, 2.4, 4, 3.2], "texture": "#2"},
				"east": {"uv": [4, 2.4, 4.8, 3.2], "rotation": 90, "texture": "#2"},
				"south": {"uv": [4, 2.4, 4.8, 3.2], "texture": "#2"},
				"west": {"uv": [4, 2.4, 4.8, 3.2], "rotation": 270, "texture": "#2"},
				"up": {"uv": [4, 2.4, 4.8, 3.2], "texture": "#2"},
				"down": {"uv": [4, 3.2, 4.8, 2.4], "texture": "#2"}
			}
		},
		{
			"name": "bow_8",
			"from": [6.4, 0, 2.4],
			"to": [7.2, 0.8, 5.6],
			"faces": {
				"north": {"uv": [7.2, 2.4, 6.4, 3.2], "texture": "#2"},
				"east": {"uv": [6.4, 2.4, 7.2, 5.6], "rotation": 90, "texture": "#2"},
				"south": {"uv": [6.4, 4.8, 7.2, 5.6], "texture": "#2"},
				"west": {"uv": [6.4, 2.4, 7.2, 5.6], "rotation": 270, "texture": "#2"},
				"up": {"uv": [6.4, 2.4, 7.2, 5.6], "texture": "#2"},
				"down": {"uv": [6.4, 5.6, 7.2, 2.4], "texture": "#2"}
			}
		},
		{
			"name": "bow_9",
			"from": [13.6, 0, 2.4],
			"to": [16, 0.8, 3.2],
			"faces": {
				"north": {"uv": [16, 2.4, 13.6, 3.2], "texture": "#2"},
				"east": {"uv": [15.2, 2.4, 16, 3.2], "rotation": 90, "texture": "#2"},
				"south": {"uv": [13.6, 2.4, 16, 3.2], "texture": "#2"},
				"west": {"uv": [13.6, 2.4, 14.4, 3.2], "rotation": 270, "texture": "#2"},
				"up": {"uv": [13.6, 2.4, 16, 3.2], "texture": "#2"},
				"down": {"uv": [13.6, 3.2, 16, 2.4], "texture": "#2"}
			}
		},
		{
			"name": "bow_10",
			"from": [4.8, 0, 3.2],
			"to": [5.6, 0.8, 4],
			"faces": {
				"north": {"uv": [5.6, 3.2, 4.8, 4], "texture": "#2"},
				"east": {"uv": [4.8, 3.2, 5.6, 4], "rotation": 90, "texture": "#2"},
				"south": {"uv": [4.8, 3.2, 5.6, 4], "texture": "#2"},
				"west": {"uv": [4.8, 3.2, 5.6, 4], "rotation": 270, "texture": "#2"},
				"up": {"uv": [4.8, 3.2, 5.6, 4], "texture": "#2"},
				"down": {"uv": [4.8, 4, 5.6, 3.2], "texture": "#2"}
			}
		},
		{
			"name": "bow_11",
			"from": [2.4, 0, 4],
			"to": [3.2, 0.8, 4.8],
			"faces": {
				"north": {"uv": [3.2, 4, 2.4, 4.8], "texture": "#2"},
				"east": {"uv": [2.4, 4, 3.2, 4.8], "rotation": 90, "texture": "#2"},
				"south": {"uv": [2.4, 4, 3.2, 4.8], "texture": "#2"},
				"west": {"uv": [2.4, 4, 3.2, 4.8], "rotation": 270, "texture": "#2"},
				"up": {"uv": [2.4, 4, 3.2, 4.8], "texture": "#2"},
				"down": {"uv": [2.4, 4.8, 3.2, 4], "texture": "#2"}
			}
		},
		{
			"name": "bow_12",
			"from": [12, 0, 4],
			"to": [12.8, 0.8, 4.8],
			"faces": {
				"north": {"uv": [12.8, 4, 12, 4.8], "texture": "#2"},
				"east": {"uv": [12, 4, 12.8, 4.8], "rotation": 90, "texture": "#2"},
				"south": {"uv": [12, 4, 12.8, 4.8], "texture": "#2"},
				"west": {"uv": [12, 4, 12.8, 4.8], "rotation": 270, "texture": "#2"},
				"up": {"uv": [12, 4, 12.8, 4.8], "texture": "#2"},
				"down": {"uv": [12, 4.8, 12.8, 4], "texture": "#2"}
			}
		},
		{
			"name": "bow_13",
			"from": [13.6, 0, 4],
			"to": [14.4, 0.8, 4.8],
			"faces": {
				"north": {"uv": [14.4, 4, 13.6, 4.8], "texture": "#2"},
				"east": {"uv": [13.6, 4, 14.4, 4.8], "rotation": 90, "texture": "#2"},
				"south": {"uv": [13.6, 4, 14.4, 4.8], "texture": "#2"},
				"west": {"uv": [13.6, 4, 14.4, 4.8], "rotation": 270, "texture": "#2"},
				"up": {"uv": [13.6, 4, 14.4, 4.8], "texture": "#2"},
				"down": {"uv": [13.6, 4.8, 14.4, 4], "texture": "#2"}
			}
		},
		{
			"name": "bow_14",
			"from": [3.2, 0, 4.8],
			"to": [4, 0.8, 8.8],
			"faces": {
				"north": {"uv": [4, 4.8, 3.2, 5.6], "texture": "#2"},
				"east": {"uv": [3.2, 4.8, 4, 8.8], "rotation": 90, "texture": "#2"},
				"south": {"uv": [3.2, 8, 4, 8.8], "texture": "#2"},
				"west": {"uv": [3.2, 4.8, 4, 8.8], "rotation": 270, "texture": "#2"},
				"up": {"uv": [3.2, 4.8, 4, 8.8], "texture": "#2"},
				"down": {"uv": [3.2, 8.8, 4, 4.8], "texture": "#2"}
			}
		},
		{
			"name": "bow_15",
			"from": [4.8, 0, 4.8],
			"to": [5.6, 0.8, 7.2],
			"faces": {
				"north": {"uv": [5.6, 4.8, 4.8, 5.6], "texture": "#2"},
				"east": {"uv": [4.8, 4.8, 5.6, 7.2], "rotation": 90, "texture": "#2"},
				"south": {"uv": [4.8, 6.4, 5.6, 7.2], "texture": "#2"},
				"west": {"uv": [4.8, 4.8, 5.6, 7.2], "rotation": 270, "texture": "#2"},
				"up": {"uv": [4.8, 4.8, 5.6, 7.2], "texture": "#2"},
				"down": {"uv": [4.8, 7.2, 5.6, 4.8], "texture": "#2"}
			}
		},
		{
			"name": "bow_16",
			"from": [11.2, 0, 4.8],
			"to": [12, 0.8, 5.6],
			"faces": {
				"north": {"uv": [12, 4.8, 11.2, 5.6], "texture": "#2"},
				"east": {"uv": [11.2, 4.8, 12, 5.6], "rotation": 90, "texture": "#2"},
				"south": {"uv": [11.2, 4.8, 12, 5.6], "texture": "#2"},
				"west": {"uv": [11.2, 4.8, 12, 5.6], "rotation": 270, "texture": "#2"},
				"up": {"uv": [11.2, 4.8, 12, 5.6], "texture": "#2"},
				"down": {"uv": [11.2, 5.6, 12, 4.8], "texture": "#2"}
			}
		},
		{
			"name": "bow_17",
			"from": [1.6, 0, 5.6],
			"to": [3.2, 0.8, 6.4],
			"faces": {
				"north": {"uv": [3.2, 5.6, 1.6, 6.4], "texture": "#2"},
				"east": {"uv": [2.4, 5.6, 3.2, 6.4], "rotation": 90, "texture": "#2"},
				"south": {"uv": [1.6, 5.6, 3.2, 6.4], "texture": "#2"},
				"west": {"uv": [1.6, 5.6, 2.4, 6.4], "rotation": 270, "texture": "#2"},
				"up": {"uv": [1.6, 5.6, 3.2, 6.4], "texture": "#2"},
				"down": {"uv": [1.6, 6.4, 3.2, 5.6], "texture": "#2"}
			}
		},
		{
			"name": "bow_18",
			"from": [4, 0, 5.6],
			"to": [4.8, 0.8, 8.8],
			"faces": {
				"north": {"uv": [4.8, 5.6, 4, 6.4], "texture": "#2"},
				"east": {"uv": [4, 5.6, 4.8, 8.8], "rotation": 90, "texture": "#2"},
				"south": {"uv": [4, 8, 4.8, 8.8], "texture": "#2"},
				"west": {"uv": [4, 5.6, 4.8, 8.8], "rotation": 270, "texture": "#2"},
				"up": {"uv": [4, 5.6, 4.8, 8.8], "texture": "#2"},
				"down": {"uv": [4, 8.8, 4.8, 5.6], "texture": "#2"}
			}
		},
		{
			"name": "bow_19",
			"from": [10.4, 0, 5.6],
			"to": [11.2, 0.8, 6.4],
			"faces": {
				"north": {"uv": [11.2, 5.6, 10.4, 6.4], "texture": "#2"},
				"east": {"uv": [10.4, 5.6, 11.2, 6.4], "rotation": 90, "texture": "#2"},
				"south": {"uv": [10.4, 5.6, 11.2, 6.4], "texture": "#2"},
				"west": {"uv": [10.4, 5.6, 11.2, 6.4], "rotation": 270, "texture": "#2"},
				"up": {"uv": [10.4, 5.6, 11.2, 6.4], "texture": "#2"},
				"down": {"uv": [10.4, 6.4, 11.2, 5.6], "texture": "#2"}
			}
		},
		{
			"name": "bow_20",
			"from": [2.4, 0, 6.4],
			"to": [3.2, 0.8, 16],
			"faces": {
				"north": {"uv": [3.2, 6.4, 2.4, 7.2], "texture": "#2"},
				"east": {"uv": [2.4, 6.4, 3.2, 16], "rotation": 90, "texture": "#2"},
				"south": {"uv": [2.4, 15.2, 3.2, 16], "texture": "#2"},
				"west": {"uv": [2.4, 6.4, 3.2, 16], "rotation": 270, "texture": "#2"},
				"up": {"uv": [2.4, 6.4, 3.2, 16], "texture": "#2"},
				"down": {"uv": [2.4, 16, 3.2, 6.4], "texture": "#2"}
			}
		},
		{
			"name": "bow_21",
			"from": [9.6, 0, 6.4],
			"to": [10.4, 0.8, 7.2],
			"faces": {
				"north": {"uv": [10.4, 6.4, 9.6, 7.2], "texture": "#2"},
				"east": {"uv": [9.6, 6.4, 10.4, 7.2], "rotation": 90, "texture": "#2"},
				"south": {"uv": [9.6, 6.4, 10.4, 7.2], "texture": "#2"},
				"west": {"uv": [9.6, 6.4, 10.4, 7.2], "rotation": 270, "texture": "#2"},
				"up": {"uv": [9.6, 6.4, 10.4, 7.2], "texture": "#2"},
				"down": {"uv": [9.6, 7.2, 10.4, 6.4], "texture": "#2"}
			}
		},
		{
			"name": "bow_22",
			"from": [0.8, 0, 7.2],
			"to": [2.4, 0.8, 8],
			"faces": {
				"north": {"uv": [2.4, 7.2, 0.8, 8], "texture": "#2"},
				"east": {"uv": [1.6, 7.2, 2.4, 8], "rotation": 90, "texture": "#2"},
				"south": {"uv": [0.8, 7.2, 2.4, 8], "texture": "#2"},
				"west": {"uv": [0.8, 7.2, 1.6, 8], "rotation": 270, "texture": "#2"},
				"up": {"uv": [0.8, 7.2, 2.4, 8], "texture": "#2"},
				"down": {"uv": [0.8, 8, 2.4, 7.2], "texture": "#2"}
			}
		},
		{
			"name": "bow_23",
			"from": [8.8, 0, 7.2],
			"to": [9.6, 0.8, 8],
			"faces": {
				"north": {"uv": [9.6, 7.2, 8.8, 8], "texture": "#2"},
				"east": {"uv": [8.8, 7.2, 9.6, 8], "rotation": 90, "texture": "#2"},
				"south": {"uv": [8.8, 7.2, 9.6, 8], "texture": "#2"},
				"west": {"uv": [8.8, 7.2, 9.6, 8], "rotation": 270, "texture": "#2"},
				"up": {"uv": [8.8, 7.2, 9.6, 8], "texture": "#2"},
				"down": {"uv": [8.8, 8, 9.6, 7.2], "texture": "#2"}
			}
		},
		{
			"name": "bow_24",
			"from": [1.6, 0, 8],
			"to": [2.4, 0.8, 13.6],
			"faces": {
				"north": {"uv": [2.4, 8, 1.6, 8.8], "texture": "#2"},
				"east": {"uv": [1.6, 8, 2.4, 13.6], "rotation": 90, "texture": "#2"},
				"south": {"uv": [1.6, 12.8, 2.4, 13.6], "texture": "#2"},
				"west": {"uv": [1.6, 8, 2.4, 13.6], "rotation": 270, "texture": "#2"},
				"up": {"uv": [1.6, 8, 2.4, 13.6], "texture": "#2"},
				"down": {"uv": [1.6, 13.6, 2.4, 8], "texture": "#2"}
			}
		},
		{
			"name": "bow_25",
			"from": [8, 0, 8],
			"to": [8.8, 0.8, 8.8],
			"faces": {
				"north": {"uv": [8.8, 8, 8, 8.8], "texture": "#2"},
				"east": {"uv": [8, 8, 8.8, 8.8], "rotation": 90, "texture": "#2"},
				"south": {"uv": [8, 8, 8.8, 8.8], "texture": "#2"},
				"west": {"uv": [8, 8, 8.8, 8.8], "rotation": 270, "texture": "#2"},
				"up": {"uv": [8, 8, 8.8, 8.8], "texture": "#2"},
				"down": {"uv": [8, 8.8, 8.8, 8], "texture": "#2"}
			}
		},
		{
			"name": "bow_26",
			"from": [0.8, 0, 8.8],
			"to": [1.6, 0.8, 10.4],
			"faces": {
				"north": {"uv": [1.6, 8.8, 0.8, 9.6], "texture": "#2"},
				"east": {"uv": [0.8, 8.8, 1.6, 10.4], "rotation": 90, "texture": "#2"},
				"south": {"uv": [0.8, 9.6, 1.6, 10.4], "texture": "#2"},
				"west": {"uv": [0.8, 8.8, 1.6, 10.4], "rotation": 270, "texture": "#2"},
				"up": {"uv": [0.8, 8.8, 1.6, 10.4], "texture": "#2"},
				"down": {"uv": [0.8, 10.4, 1.6, 8.8], "texture": "#2"}
			}
		},
		{
			"name": "bow_27",
			"from": [7.2, 0, 8.8],
			"to": [8, 0.8, 9.6],
			"faces": {
				"north": {"uv": [8, 8.8, 7.2, 9.6], "texture": "#2"},
				"east": {"uv": [7.2, 8.8, 8, 9.6], "rotation": 90, "texture": "#2"},
				"south": {"uv": [7.2, 8.8, 8, 9.6], "texture": "#2"},
				"west": {"uv": [7.2, 8.8, 8, 9.6], "rotation": 270, "texture": "#2"},
				"up": {"uv": [7.2, 8.8, 8, 9.6], "texture": "#2"},
				"down": {"uv": [7.2, 9.6, 8, 8.8], "texture": "#2"}
			}
		},
		{
			"name": "bow_28",
			"from": [0, 0, 9.6],
			"to": [0.8, 0.8, 10.4],
			"faces": {
				"north": {"uv": [0.8, 9.6, 0, 10.4], "texture": "#2"},
				"east": {"uv": [0, 9.6, 0.8, 10.4], "rotation": 90, "texture": "#2"},
				"south": {"uv": [0, 9.6, 0.8, 10.4], "texture": "#2"},
				"west": {"uv": [0, 9.6, 0.8, 10.4], "rotation": 270, "texture": "#2"},
				"up": {"uv": [0, 9.6, 0.8, 10.4], "texture": "#2"},
				"down": {"uv": [0, 10.4, 0.8, 9.6], "texture": "#2"}
			}
		},
		{
			"name": "bow_29",
			"from": [6.4, 0, 9.6],
			"to": [7.2, 0.8, 10.4],
			"faces": {
				"north": {"uv": [7.2, 9.6, 6.4, 10.4], "texture": "#2"},
				"east": {"uv": [6.4, 9.6, 7.2, 10.4], "rotation": 90, "texture": "#2"},
				"south": {"uv": [6.4, 9.6, 7.2, 10.4], "texture": "#2"},
				"west": {"uv": [6.4, 9.6, 7.2, 10.4], "rotation": 270, "texture": "#2"},
				"up": {"uv": [6.4, 9.6, 7.2, 10.4], "texture": "#2"},
				"down": {"uv": [6.4, 10.4, 7.2, 9.6], "texture": "#2"}
			}
		},
		{
			"name": "bow_30",
			"from": [5.6, 0, 10.4],
			"to": [6.4, 0.8, 11.2],
			"faces": {
				"north": {"uv": [6.4, 10.4, 5.6, 11.2], "texture": "#2"},
				"east": {"uv": [5.6, 10.4, 6.4, 11.2], "rotation": 90, "texture": "#2"},
				"south": {"uv": [5.6, 10.4, 6.4, 11.2], "texture": "#2"},
				"west": {"uv": [5.6, 10.4, 6.4, 11.2], "rotation": 270, "texture": "#2"},
				"up": {"uv": [5.6, 10.4, 6.4, 11.2], "texture": "#2"},
				"down": {"uv": [5.6, 11.2, 6.4, 10.4], "texture": "#2"}
			}
		},
		{
			"name": "bow_31",
			"from": [4.8, 0, 11.2],
			"to": [5.6, 0.8, 12],
			"faces": {
				"north": {"uv": [5.6, 11.2, 4.8, 12], "texture": "#2"},
				"east": {"uv": [4.8, 11.2, 5.6, 12], "rotation": 90, "texture": "#2"},
				"south": {"uv": [4.8, 11.2, 5.6, 12], "texture": "#2"},
				"west": {"uv": [4.8, 11.2, 5.6, 12], "rotation": 270, "texture": "#2"},
				"up": {"uv": [4.8, 11.2, 5.6, 12], "texture": "#2"},
				"down": {"uv": [4.8, 12, 5.6, 11.2], "texture": "#2"}
			}
		},
		{
			"name": "bow_32",
			"from": [4, 0, 12],
			"to": [4.8, 0.8, 12.8],
			"faces": {
				"north": {"uv": [4.8, 12, 4, 12.8], "texture": "#2"},
				"east": {"uv": [4, 12, 4.8, 12.8], "rotation": 90, "texture": "#2"},
				"south": {"uv": [4, 12, 4.8, 12.8], "texture": "#2"},
				"west": {"uv": [4, 12, 4.8, 12.8], "rotation": 270, "texture": "#2"},
				"up": {"uv": [4, 12, 4.8, 12.8], "texture": "#2"},
				"down": {"uv": [4, 12.8, 4.8, 12], "texture": "#2"}
			}
		},
		{
			"name": "bow_33",
			"from": [0.8, 0, 12.8],
			"to": [1.6, 0.8, 13.6],
			"faces": {
				"north": {"uv": [1.6, 12.8, 0.8, 13.6], "texture": "#2"},
				"east": {"uv": [0.8, 12.8, 1.6, 13.6], "rotation": 90, "texture": "#2"},
				"south": {"uv": [0.8, 12.8, 1.6, 13.6], "texture": "#2"},
				"west": {"uv": [0.8, 12.8, 1.6, 13.6], "rotation": 270, "texture": "#2"},
				"up": {"uv": [0.8, 12.8, 1.6, 13.6], "texture": "#2"},
				"down": {"uv": [0.8, 13.6, 1.6, 12.8], "texture": "#2"}
			}
		},
		{
			"name": "bow_34",
			"from": [3.2, 0, 12.8],
			"to": [4, 0.8, 13.6],
			"faces": {
				"north": {"uv": [4, 12.8, 3.2, 13.6], "texture": "#2"},
				"east": {"uv": [3.2, 12.8, 4, 13.6], "rotation": 90, "texture": "#2"},
				"south": {"uv": [3.2, 12.8, 4, 13.6], "texture": "#2"},
				"west": {"uv": [3.2, 12.8, 4, 13.6], "rotation": 270, "texture": "#2"},
				"up": {"uv": [3.2, 12.8, 4, 13.6], "texture": "#2"},
				"down": {"uv": [3.2, 13.6, 4, 12.8], "texture": "#2"}
			}
		},
		{
			"name": "bow_35",
			"from": [4, 0, 13.6],
			"to": [4.8, 0.8, 14.4],
			"faces": {
				"north": {"uv": [4.8, 13.6, 4, 14.4], "texture": "#2"},
				"east": {"uv": [4, 13.6, 4.8, 14.4], "rotation": 90, "texture": "#2"},
				"south": {"uv": [4, 13.6, 4.8, 14.4], "texture": "#2"},
				"west": {"uv": [4, 13.6, 4.8, 14.4], "rotation": 270, "texture": "#2"},
				"up": {"uv": [4, 13.6, 4.8, 14.4], "texture": "#2"},
				"down": {"uv": [4, 14.4, 4.8, 13.6], "texture": "#2"}
			}
		}
	],
	"gui_light": "front",
	"display": {
		"thirdperson_righthand": {
			"rotation": [45, 0, 90],
			"translation": [-7.75, -2.25, 3.75]
		},
		"thirdperson_lefthand": {
			"rotation": [45, 0, -90],
			"translation": [7.5, -2, 3.75]
		},
		"firstperson_righthand": {
			"rotation": [45, 0, 90],
			"translation": [-7.25, 4.5, 0.25]
		},
		"firstperson_lefthand": {
			"rotation": [-45, 0, 90],
			"translation": [-7.25, 4.5, 0.25]
		},
		"ground": {
			"rotation": [90, 0, 0],
			"translation": [0, 0, 7.5]
		},
		"gui": {
			"rotation": [90, 0, 0]
		},
		"fixed": {
			"rotation": [90, 0, 0],
			"translation": [0, 0, 7.5]
		}
	},
	"groups": [
		{
			"name": "bow",
			"origin": [8, 8, 8],
			"color": 0,
			"children": [0, 1, 2, 3, 4, 5, 6, 7, 8, 9, 10, 11, 12, 13, 14, 15, 16, 17, 18, 19, 20, 21, 22, 23, 24, 25, 26, 27, 28, 29, 30, 31, 32, 33, 34, 35]
		}
	]
}