{
	"texture_size": [32, 32],
	"textures": {
		"0": "item/apple_with_arrow",
		"particle": "item/apple_with_arrow"
	},
	"elements": [
		{
			"from": [6, 0, 6],
			"to": [10, 4, 10],
			"rotation": {"angle": 0, "axis": "y", "origin": [0, -8, 0]},
			"faces": {
				"north": {"uv": [0, 0, 4, 4], "texture": "#0"},
				"east": {"uv": [0, 4, 4, 8], "texture": "#0"},
				"south": {"uv": [4, 0, 8, 4], "texture": "#0"},
				"west": {"uv": [4, 4, 8, 8], "texture": "#0"},
				"up": {"uv": [16, 4, 12, 0], "texture": "#0"},
				"down": {"uv": [12, 0, 8, 4], "texture": "#0"}
			}
		},
		{
			"from": [8, 4, 8],
			"to": [9, 5, 9],
			"rotation": {"angle": 0, "axis": "y", "origin": [0, -8, 0]},
			"faces": {
				"north": {"uv": [6, 8, 7, 9], "texture": "#0"},
				"east": {"uv": [8, 6, 9, 7], "texture": "#0"},
				"south": {"uv": [7, 8, 8, 9], "texture": "#0"},
				"west": {"uv": [8, 7, 9, 8], "texture": "#0"},
				"up": {"uv": [9, 9, 8, 8], "texture": "#0"},
				"down": {"uv": [7, 9, 6, 10], "texture": "#0"}
			}
		},
		{
			"from": [6, 4, 8],
			"to": [8, 6, 8],
			"rotation": {"angle": -22.5, "axis": "y", "origin": [8, 4, 8]},
			"faces": {
				"north": {"uv": [4, 8, 6, 10], "texture": "#0"},
				"east": {"uv": [0, 0, 0, 2], "texture": "#0"},
				"south": {"uv": [6, 8, 4, 10], "texture": "#0"},
				"west": {"uv": [0, 0, 0, 2], "texture": "#0"},
				"up": {"uv": [2, 0, 0, 0], "texture": "#0"},
				"down": {"uv": [2, 0, 0, 0], "texture": "#0"}
			}
		},
		{
			"from": [8, -0.5, 0],
			"to": [8, 4.5, 16],
			"rotation": {"angle": 0, "axis": "y", "origin": [8, 0.5, 7]},
			"faces": {
				"north": {"uv": [0, 0, 2, 6], "texture": "#0"},
				"east": {"uv": [0, 11, 16, 16], "texture": "#0"},
				"south": {"uv": [0, 0, 2, 6], "texture": "#0"},
				"west": {"uv": [16, 11, 0, 16], "texture": "#0"},
				"up": {"uv": [0, 0, 32, 2], "rotation": 270, "texture": "#0"},
				"down": {"uv": [0, 0, 32, 2], "rotation": 90, "texture": "#0"}
			}
		},
		{
			"from": [5.5, 2, 0],
			"to": [10.5, 2, 16],
			"rotation": {"angle": 0, "axis": "y", "origin": [8, 0.5, 7]},
			"faces": {
				"north": {"uv": [0, 0, 5, 0], "texture": "#0"},
				"east": {"uv": [0, 0, 16, 0], "texture": "#0"},
				"south": {"uv": [0, 0, 5, 0], "texture": "#0"},
				"west": {"uv": [0, 0, 16, 0], "texture": "#0"},
				"up": {"uv": [0, 11, 16, 16], "rotation": 270, "texture": "#0"},
				"down": {"uv": [0, 11, 16, 16], "rotation": 90, "texture": "#0"}
			}
		},
		{
			"from": [5.5, -0.5, 1],
			"to": [10.5, 4.5, 1],
			"rotation": {"angle": 0, "axis": "y", "origin": [8, 0.5, 7]},
			"faces": {
				"north": {"uv": [11, 6, 16, 11], "texture": "#0"},
				"east": {"uv": [0, 0, 0, 5], "texture": "#0"},
				"south": {"uv": [11, 6, 16, 11], "texture": "#0"},
				"west": {"uv": [0, 0, 0, 5], "texture": "#0"},
				"up": {"uv": [0, 0, 0, 5], "rotation": 270, "texture": "#0"},
				"down": {"uv": [0, 0, 0, 5], "rotation": 90, "texture": "#0"}
			}
		}
	],
	"display": {
		"thirdperson_righthand": {
			"rotation": [75, 45, 0],
			"translation": [-1.75, 0.75, 1.75],
			"scale": [0.375, 0.375, 0.375]
		},
		"thirdperson_lefthand": {
			"rotation": [75, 45, 0],
			"translation": [-1.75, 0.75, 1.75],
			"scale": [0.375, 0.375, 0.375]
		},
		"firstperson_righthand": {
			"rotation": [0, 15, 15],
			"translation": [2, 7.25, 0],
			"scale": [-1, 1, -1]
		},
		"firstperson_lefthand": {
			"rotation": [0, 15, 15],
			"translation": [2, 7.25, 0],
			"scale": [-1, 1, -1]
		},
		"ground": {
			"translation": [0, 3, 0],
			"scale": [0.4, 0.4, 0.4]
		},
		"gui": {
			"rotation": [30, 225, 0],
			"translation": [0.5, 5.5, 0],
			"scale": [-1.2, 1.2, -1.2]
		},
		"head": {
			"translation": [0, 19, 0],
			"scale": [1.6, 1.6, 1.6]
		},
		"fixed": {
			"rotation": [0, -90, 0],
			"translation": [0, 7.25, -0.75],
			"scale": [1.3, 1.3, 1.3]
		}
	}
}