{
	"credit": "Designed by CreatorLabs with Cubik Studio - https://cubik.studio - Download 3D CreatorCraft at https://www.planetminecraft.com/texture_pack/3d-creatorcraft/",
	"texture_size": [32, 32],
	"textures": {
		"1": "./stone_texture_v_dark",
		"2": "./stone_texture_light",
		"3": "./ekscal",
		"particle": "./ekscal"
	},
	"elements": [
		{
			"name": "iron",
			"from": [6.5, 4, 7.5],
			"to": [7, 4.5, 9],
			"faces": {
				"north": {"uv": [0.5, 7.5, 1, 8], "texture": "#2"},
				"east": {"uv": [6.5, 0, 7.5, 0.5], "texture": "#2"},
				"south": {"uv": [1.5, 7.5, 2, 8], "texture": "#2"},
				"west": {"uv": [6.5, 0.5, 7.5, 1], "texture": "#2"},
				"up": {"uv": [7, 2, 6.5, 1], "texture": "#2"},
				"down": {"uv": [2, 6.5, 1.5, 7.5], "texture": "#2"}
			}
		},
		{
			"name": "iron1",
			"from": [7, 4, 7],
			"to": [9.5, 4.5, 7.5],
			"faces": {
				"north": {"uv": [2, 6, 3.5, 6.5], "texture": "#2"},
				"east": {"uv": [2, 7.5, 2.5, 8], "texture": "#2"},
				"south": {"uv": [6, 2, 7.5, 2.5], "texture": "#2"},
				"west": {"uv": [7.5, 2, 8, 2.5], "texture": "#2"},
				"up": {"uv": [7.5, 3, 6, 2.5], "texture": "#2"},
				"down": {"uv": [7.5, 3, 6, 3.5], "texture": "#2"}
			}
		},
		{
			"name": "iron2",
			"from": [7, 4, 9],
			"to": [9.5, 4.5, 9.5],
			"faces": {
				"north": {"uv": [3.5, 6, 5, 6.5], "texture": "#2"},
				"east": {"uv": [2.5, 7.5, 3, 8], "texture": "#2"},
				"south": {"uv": [6, 3.5, 7.5, 4], "texture": "#2"},
				"west": {"uv": [7.5, 2.5, 8, 3], "texture": "#2"},
				"up": {"uv": [7.5, 4.5, 6, 4], "texture": "#2"},
				"down": {"uv": [7.5, 4.5, 6, 5], "texture": "#2"}
			}
		},
		{
			"name": "iron3",
			"from": [7, 4.5, 8],
			"to": [9.5, 5, 8.5],
			"faces": {
				"north": {"uv": [5, 6, 6.5, 6.5], "texture": "#2"},
				"east": {"uv": [3, 7.5, 3.5, 8], "texture": "#2"},
				"south": {"uv": [6, 5, 7.5, 5.5], "texture": "#2"},
				"west": {"uv": [7.5, 3, 8, 3.5], "texture": "#2"},
				"up": {"uv": [7.5, 6, 6, 5.5], "texture": "#2"},
				"down": {"uv": [1.5, 6.5, 0, 7], "texture": "#2"}
			}
		},
		{
			"name": "iron4",
			"from": [7.4375, 0, 7.9375],
			"to": [9.0625, 0.5, 8.5625],
			"faces": {
				"north": {"uv": [2, 6.5, 3, 7], "texture": "#2"},
				"east": {"uv": [3.5, 7.5, 4, 8], "texture": "#2"},
				"south": {"uv": [3, 6.5, 4, 7], "texture": "#2"},
				"west": {"uv": [7.5, 3.5, 8, 4], "texture": "#2"},
				"up": {"uv": [5, 7, 4, 6.5], "texture": "#2"},
				"down": {"uv": [6, 6.5, 5, 7], "texture": "#2"}
			}
		},
		{
			"name": "iron_dark",
			"from": [7.5, 0.5, 8],
			"to": [9, 1, 8.5],
			"faces": {
				"north": {"uv": [6, 6.5, 7, 7], "texture": "#1"},
				"east": {"uv": [4, 7.5, 4.5, 8], "texture": "#1"},
				"south": {"uv": [6.5, 6, 7.5, 6.5], "texture": "#1"},
				"west": {"uv": [7.5, 4, 8, 4.5], "texture": "#1"},
				"up": {"uv": [1, 7.5, 0, 7], "texture": "#1"},
				"down": {"uv": [0, 0, 0, 0], "texture": "#1"}
			}
		},
		{
			"name": "iron_dark1",
			"from": [7.5, 1, 8],
			"to": [8, 4.5, 8.5],
			"faces": {
				"north": {"uv": [5.5, 0, 6, 2], "texture": "#1"},
				"east": {"uv": [5.5, 2, 6, 4], "texture": "#1"},
				"south": {"uv": [5.5, 4, 6, 6], "texture": "#1"},
				"west": {"uv": [6, 0, 6.5, 2], "texture": "#1"},
				"up": {"uv": [0, 0, 0, 0], "texture": "#1"},
				"down": {"uv": [0, 0, 0, 0], "texture": "#1"}
			}
		},
		{
			"name": "iron5",
			"from": [7.5, 4.5, 7.5],
			"to": [9, 5, 8],
			"faces": {
				"north": {"uv": [7, 1, 8, 1.5], "texture": "#2"},
				"east": {"uv": [4.5, 7.5, 5, 8], "texture": "#2"},
				"south": {"uv": [0, 0, 0, 0], "texture": "#2"},
				"west": {"uv": [7.5, 4.5, 8, 5], "texture": "#2"},
				"up": {"uv": [8, 2, 7, 1.5], "texture": "#2"},
				"down": {"uv": [3, 7, 2, 7.5], "texture": "#2"}
			}
		},
		{
			"name": "iron6",
			"from": [7.5, 4.5, 8.5],
			"to": [9, 5, 9],
			"faces": {
				"north": {"uv": [0, 0, 0, 0], "texture": "#2"},
				"east": {"uv": [5, 7.5, 5.5, 8], "texture": "#2"},
				"south": {"uv": [3, 7, 4, 7.5], "texture": "#2"},
				"west": {"uv": [7.5, 5, 8, 5.5], "texture": "#2"},
				"up": {"uv": [5, 7.5, 4, 7], "texture": "#2"},
				"down": {"uv": [6, 7, 5, 7.5], "texture": "#2"}
			}
		},
		{
			"name": "gold_light",
			"from": [7.5, 5, 8.0625],
			"to": [8, 16.5, 8.4375],
			"faces": {
				"north": {"uv": [2, 0, 2.5, 6], "texture": "#3"},
				"east": {"uv": [2.5, 0, 3, 6], "texture": "#3"},
				"south": {"uv": [3, 0, 3.5, 6], "texture": "#3"},
				"west": {"uv": [3.5, 0, 4, 6], "texture": "#3"},
				"up": {"uv": [6, 8, 5.5, 7.5], "texture": "#3"},
				"down": {"uv": [0, 0, 0, 0], "texture": "#3"}
			}
		},
		{
			"name": "iron7",
			"from": [8, 1, 7.9375],
			"to": [8.5, 1.5, 8.5625],
			"faces": {
				"north": {"uv": [7.5, 5.5, 8, 6], "texture": "#2"},
				"east": {"uv": [7.5, 6, 8, 6.5], "texture": "#2"},
				"south": {"uv": [7, 7.5, 7.5, 8], "texture": "#2"},
				"west": {"uv": [7.5, 7.5, 8, 8], "texture": "#2"},
				"up": {"uv": [8.5, 0.5, 8, 0], "texture": "#2"},
				"down": {"uv": [1, 8, 0.5, 8.5], "texture": "#2"}
			}
		},
		{
			"name": "iron_dark2",
			"from": [8, 1.5, 8],
			"to": [9, 2, 8.5],
			"faces": {
				"north": {"uv": [8, 0.5, 8.5, 1], "texture": "#1"},
				"east": {"uv": [1, 8, 1.5, 8.5], "texture": "#1"},
				"south": {"uv": [8, 1, 8.5, 1.5], "texture": "#1"},
				"west": {"uv": [0, 0, 0, 0], "texture": "#1"},
				"up": {"uv": [2, 8.5, 1.5, 8], "texture": "#1"},
				"down": {"uv": [8.5, 1.5, 8, 2], "texture": "#1"}
			}
		},
		{
			"name": "iron8",
			"from": [8, 2, 7.9375],
			"to": [8.5, 2.5, 8.5625],
			"faces": {
				"north": {"uv": [2, 8, 2.5, 8.5], "texture": "#2"},
				"east": {"uv": [8, 2, 8.5, 2.5], "texture": "#2"},
				"south": {"uv": [2.5, 8, 3, 8.5], "texture": "#2"},
				"west": {"uv": [8, 2.5, 8.5, 3], "texture": "#2"},
				"up": {"uv": [3.5, 8.5, 3, 8], "texture": "#2"},
				"down": {"uv": [8.5, 3, 8, 3.5], "texture": "#2"}
			}
		},
		{
			"name": "iron_dark3",
			"from": [8, 2.5, 8],
			"to": [9, 3, 8.5],
			"faces": {
				"north": {"uv": [3.5, 8, 4, 8.5], "texture": "#1"},
				"east": {"uv": [8, 3.5, 8.5, 4], "texture": "#1"},
				"south": {"uv": [4, 8, 4.5, 8.5], "texture": "#1"},
				"west": {"uv": [0, 0, 0, 0], "texture": "#1"},
				"up": {"uv": [8.5, 4.5, 8, 4], "texture": "#1"},
				"down": {"uv": [5, 8, 4.5, 8.5], "texture": "#1"}
			}
		},
		{
			"name": "iron9",
			"from": [8, 3, 7.9375],
			"to": [8.5, 3.5, 8.5625],
			"faces": {
				"north": {"uv": [8, 4.5, 8.5, 5], "texture": "#2"},
				"east": {"uv": [5, 8, 5.5, 8.5], "texture": "#2"},
				"south": {"uv": [8, 5, 8.5, 5.5], "texture": "#2"},
				"west": {"uv": [5.5, 8, 6, 8.5], "texture": "#2"},
				"up": {"uv": [8.5, 6, 8, 5.5], "texture": "#2"},
				"down": {"uv": [6.5, 8, 6, 8.5], "texture": "#2"}
			}
		},
		{
			"name": "iron_dark4",
			"from": [8, 3.5, 8],
			"to": [9, 4.5, 8.5],
			"faces": {
				"north": {"uv": [8, 6, 8.5, 6.5], "texture": "#1"},
				"east": {"uv": [6.5, 8, 7, 8.5], "texture": "#1"},
				"south": {"uv": [8, 6.5, 8.5, 7], "texture": "#1"},
				"west": {"uv": [0, 0, 0, 0], "texture": "#1"},
				"up": {"uv": [0, 0, 0, 0], "texture": "#1"},
				"down": {"uv": [7.5, 8, 7, 8.5], "texture": "#1"}
			}
		},
		{
			"name": "gold10",
			"from": [8, 4.5, 8],
			"to": [8.5, 16, 8.5],
			"rotation": {"angle": 0, "axis": "y", "origin": [0, 0.5, 0]},
			"faces": {
				"north": {"uv": [4, 0, 4.5, 6], "texture": "#3"},
				"east": {"uv": [0, 0, 0, 0], "texture": "#3"},
				"south": {"uv": [4.5, 0, 5, 6], "texture": "#3"},
				"west": {"uv": [5, 0, 5.5, 6], "texture": "#3"},
				"up": {"uv": [8.5, 7.5, 8, 7], "texture": "#3"},
				"down": {"uv": [8, 8, 7.5, 8.5], "texture": "#3"}
			}
		},
		{
			"name": "gold11",
			"from": [8, 16, 8],
			"to": [8.5, 16.5, 8.5],
			"faces": {
				"north": {"uv": [8, 7.5, 8.5, 8], "texture": "#3"},
				"east": {"uv": [0, 0, 0, 0], "texture": "#3"},
				"south": {"uv": [8, 8, 8.5, 8.5], "texture": "#3"},
				"west": {"uv": [0, 8.5, 0.5, 9], "texture": "#3"},
				"up": {"uv": [9, 0.5, 8.5, 0], "texture": "#3"},
				"down": {"uv": [1, 8.5, 0.5, 9], "texture": "#3"}
			}
		},
		{
			"name": "gold_light1",
			"from": [8, 16.5, 8.0625],
			"to": [8.5, 18, 8.4375],
			"faces": {
				"north": {"uv": [1, 7, 1.5, 8], "texture": "#3"},
				"east": {"uv": [0, 0, 0, 0], "texture": "#3"},
				"south": {"uv": [6, 7, 6.5, 8], "texture": "#3"},
				"west": {"uv": [6.5, 7, 7, 8], "texture": "#3"},
				"up": {"uv": [9, 1, 8.5, 0.5], "texture": "#3"},
				"down": {"uv": [0, 0, 0, 0], "texture": "#3"}
			}
		},
		{
			"name": "iron_dark5",
			"from": [8.5, 1, 8],
			"to": [9, 1.5, 8.5],
			"faces": {
				"north": {"uv": [1, 8.5, 1.5, 9], "texture": "#1"},
				"east": {"uv": [8.5, 1, 9, 1.5], "texture": "#1"},
				"south": {"uv": [1.5, 8.5, 2, 9], "texture": "#1"},
				"west": {"uv": [0, 0, 0, 0], "texture": "#1"},
				"up": {"uv": [0, 0, 0, 0], "texture": "#1"},
				"down": {"uv": [0, 0, 0, 0], "texture": "#1"}
			}
		},
		{
			"name": "iron_dark6",
			"from": [8.5, 2, 8],
			"to": [9, 2.5, 8.5],
			"faces": {
				"north": {"uv": [8.5, 1.5, 9, 2], "texture": "#1"},
				"east": {"uv": [2, 8.5, 2.5, 9], "texture": "#1"},
				"south": {"uv": [8.5, 2, 9, 2.5], "texture": "#1"},
				"west": {"uv": [0, 0, 0, 0], "texture": "#1"},
				"up": {"uv": [0, 0, 0, 0], "texture": "#1"},
				"down": {"uv": [0, 0, 0, 0], "texture": "#1"}
			}
		},
		{
			"name": "iron_dark7",
			"from": [8.5, 3, 8],
			"to": [9, 3.5, 8.5],
			"faces": {
				"north": {"uv": [2.5, 8.5, 3, 9], "texture": "#1"},
				"east": {"uv": [8.5, 2.5, 9, 3], "texture": "#1"},
				"south": {"uv": [3, 8.5, 3.5, 9], "texture": "#1"},
				"west": {"uv": [0, 0, 0, 0], "texture": "#1"},
				"up": {"uv": [0, 0, 0, 0], "texture": "#1"},
				"down": {"uv": [0, 0, 0, 0], "texture": "#1"}
			}
		},
		{
			"name": "gold12",
			"from": [8.5, 5, 8],
			"to": [9, 18, 8.5],
			"faces": {
				"north": {"uv": [0, 0, 0.5, 6.5], "texture": "#3"},
				"east": {"uv": [0.5, 0, 1, 6.5], "texture": "#3"},
				"south": {"uv": [1, 0, 1.5, 6.5], "texture": "#3"},
				"west": {"uv": [1.5, 0, 2, 6.5], "texture": "#3"},
				"up": {"uv": [9, 3.5, 8.5, 3], "texture": "#3"},
				"down": {"uv": [0, 0, 0, 0], "texture": "#3"}
			}
		},
		{
			"name": "gold_light2",
			"from": [8.5, 18, 8.0625],
			"to": [9, 19, 8.4375],
			"faces": {
				"north": {"uv": [3.5, 8.5, 4, 9], "texture": "#3"},
				"east": {"uv": [8.5, 3.5, 9, 4], "texture": "#3"},
				"south": {"uv": [4, 8.5, 4.5, 9], "texture": "#3"},
				"west": {"uv": [8.5, 4, 9, 4.5], "texture": "#3"},
				"up": {"uv": [5, 9, 4.5, 8.5], "texture": "#3"},
				"down": {"uv": [0, 0, 0, 0], "texture": "#3"}
			}
		},
		{
			"name": "iron10",
			"from": [7, 4, 7.5],
			"to": [7.5, 4.5, 8],
			"faces": {
				"north": {"uv": [0, 0, 0, 0], "texture": "#2"},
				"east": {"uv": [8.5, 4.5, 9, 5], "texture": "#2"},
				"south": {"uv": [5, 8.5, 5.5, 9], "texture": "#2"},
				"west": {"uv": [0, 0, 0, 0], "texture": "#2"},
				"up": {"uv": [9, 5.5, 8.5, 5], "texture": "#2"},
				"down": {"uv": [6, 8.5, 5.5, 9], "texture": "#2"}
			}
		},
		{
			"name": "iron11",
			"from": [9.5, 4, 7.5],
			"to": [10, 4.5, 9],
			"faces": {
				"north": {"uv": [8.5, 5.5, 9, 6], "texture": "#2"},
				"east": {"uv": [7, 6.5, 8, 7], "texture": "#2"},
				"south": {"uv": [6, 8.5, 6.5, 9], "texture": "#2"},
				"west": {"uv": [7, 7, 8, 7.5], "texture": "#2"},
				"up": {"uv": [0.5, 8.5, 0, 7.5], "texture": "#2"},
				"down": {"uv": [8, 0, 7.5, 1], "texture": "#2"}
			}
		},
		{
			"name": "iron12",
			"from": [9, 4, 7.5],
			"to": [9.5, 4.5, 8],
			"faces": {
				"north": {"uv": [0, 0, 0, 0], "texture": "#2"},
				"east": {"uv": [0, 0, 0, 0], "texture": "#2"},
				"south": {"uv": [8.5, 6, 9, 6.5], "texture": "#2"},
				"west": {"uv": [6.5, 8.5, 7, 9], "texture": "#2"},
				"up": {"uv": [9, 7, 8.5, 6.5], "texture": "#2"},
				"down": {"uv": [7.5, 8.5, 7, 9], "texture": "#2"}
			}
		},
		{
			"name": "iron13",
			"from": [9, 4, 8.5],
			"to": [9.5, 4.5, 9],
			"faces": {
				"north": {"uv": [8.5, 7, 9, 7.5], "texture": "#2"},
				"east": {"uv": [0, 0, 0, 0], "texture": "#2"},
				"south": {"uv": [0, 0, 0, 0], "texture": "#2"},
				"west": {"uv": [7.5, 8.5, 8, 9], "texture": "#2"},
				"up": {"uv": [9, 8, 8.5, 7.5], "texture": "#2"},
				"down": {"uv": [8.5, 8.5, 8, 9], "texture": "#2"}
			}
		},
		{
			"name": "iron14",
			"from": [7, 4, 8.5],
			"to": [7.5, 4.5, 9],
			"faces": {
				"north": {"uv": [8.5, 8, 9, 8.5], "texture": "#2"},
				"east": {"uv": [8.5, 8.5, 9, 9], "texture": "#2"},
				"south": {"uv": [0, 0, 0, 0], "texture": "#2"},
				"west": {"uv": [0, 0, 0, 0], "texture": "#2"},
				"up": {"uv": [0.5, 9.5, 0, 9], "texture": "#2"},
				"down": {"uv": [9.5, 0, 9, 0.5], "texture": "#2"}
			}
		}
	],
	"display": {
		"thirdperson_righthand": {
			"rotation": [0, -90, 0],
			"translation": [0, 4.3, 0.6956]
		},
		"thirdperson_lefthand": {
			"rotation": [0, 90, 0],
			"translation": [0, 4.3, 0.6956]
		},
		"firstperson_righthand": {
			"rotation": [0, -95, 0],
			"translation": [0, 5.5652, 0]
		},
		"firstperson_lefthand": {
			"rotation": [0, 95, 0],
			"translation": [0, 5.5652, 0]
		},
		"ground": {
			"translation": [0, 4.8695, 0],
			"scale": [0.6, 0.6, 0.6]
		},
		"gui": {
			"rotation": [22, 20, -45],
			"translation": [-1.391, -0.695, 0]
		},
		"fixed": {
			"translation": [0, -1.391, 0.5],
			"scale": [0.8, 0.8, 0.8]
		}
	}
}