{
	"credit": "Made with Blockbench",
	"texture_size": [32, 32],
	"textures": {
		"0": "./end_staff",
		"particle": "./end_staff"
	},
	"elements": [
		{
			"from": [7.3, 0, 8.1],
			"to": [8.5, 17.2, 9],
			"rotation": {"angle": 0, "axis": "y", "origin": [7, 0, 7]},
			"faces": {
				"north": {"uv": [0, 0, 0.625, 8.625], "texture": "#0"},
				"east": {"uv": [2, 0, 2.5, 8.625], "texture": "#0"},
				"south": {"uv": [1, 0, 1.625, 8.625], "texture": "#0"},
				"west": {"uv": [2.5, 0, 3, 8.625], "texture": "#0"},
				"up": {"uv": [4.625, 9.5, 4, 9], "texture": "#0"},
				"down": {"uv": [5.625, 9, 5, 9.5], "texture": "#0"}
			}
		},
		{
			"from": [5.5, 17.1, 7.8],
			"to": [10.3, 17.7, 9.2],
			"rotation": {"angle": 0, "axis": "y", "origin": [7, 0, 7]},
			"faces": {
				"north": {"uv": [8, 3.5, 10.375, 3.75], "texture": "#0"},
				"east": {"uv": [9.5, 0, 10.25, 0.25], "texture": "#0"},
				"south": {"uv": [8, 4, 10.375, 4.25], "texture": "#0"},
				"west": {"uv": [9.5, 0.5, 10.25, 0.75], "texture": "#0"},
				"up": {"uv": [5.375, 0.75, 3, 0], "texture": "#0"},
				"down": {"uv": [5.375, 1, 3, 1.75], "texture": "#0"}
			}
		},
		{
			"from": [5.5, 21.3, 7.8],
			"to": [10.3, 21.9, 9.2],
			"rotation": {"angle": 0, "axis": "y", "origin": [7, 4.2, 7]},
			"faces": {
				"north": {"uv": [8, 4.5, 10.375, 4.75], "texture": "#0"},
				"east": {"uv": [9.5, 3, 10.25, 3.25], "texture": "#0"},
				"south": {"uv": [8.5, 5, 10.875, 5.25], "texture": "#0"},
				"west": {"uv": [5, 9.5, 5.75, 9.75], "texture": "#0"},
				"up": {"uv": [7.375, 2.75, 5, 2], "texture": "#0"},
				"down": {"uv": [7.375, 3, 5, 3.75], "texture": "#0"}
			}
		},
		{
			"from": [9.7, 17.7, 7.8],
			"to": [10.3, 21.3, 9.2],
			"rotation": {"angle": 0, "axis": "z", "origin": [10, 19.5, 8.5]},
			"faces": {
				"north": {"uv": [6, 7.5, 6.25, 9.875], "texture": "#0"},
				"east": {"uv": [3, 2, 3.75, 4.375], "texture": "#0"},
				"south": {"uv": [6.5, 7.5, 6.75, 9.875], "texture": "#0"},
				"west": {"uv": [4, 2, 4.75, 4.375], "texture": "#0"},
				"up": {"uv": [9.75, 1.75, 9.5, 1], "texture": "#0"},
				"down": {"uv": [9.75, 2, 9.5, 2.75], "texture": "#0"}
			}
		},
		{
			"from": [5.5, 17.7, 7.8],
			"to": [6.1, 21.3, 9.2],
			"rotation": {"angle": 0, "axis": "y", "origin": [5.8, 19.5, 8.5]},
			"faces": {
				"north": {"uv": [7.5, 8.5, 7.75, 10.875], "texture": "#0"},
				"east": {"uv": [3, 4.5, 3.75, 6.875], "texture": "#0"},
				"south": {"uv": [8, 8.5, 8.25, 10.875], "texture": "#0"},
				"west": {"uv": [4, 4.5, 4.75, 6.875], "texture": "#0"},
				"up": {"uv": [4.25, 10.25, 4, 9.5], "texture": "#0"},
				"down": {"uv": [4.75, 9.5, 4.5, 10.25], "texture": "#0"}
			}
		},
		{
			"from": [7.4, 13.2, 7.9],
			"to": [8.6, 14.4, 9.3],
			"rotation": {"angle": 45, "axis": "z", "origin": [8, 13.6, 8.55]},
			"faces": {
				"north": {"uv": [2, 9, 2.625, 9.625], "texture": "#0"},
				"east": {"uv": [8.5, 5.5, 9.25, 6.125], "texture": "#0"},
				"south": {"uv": [3, 9, 3.625, 9.625], "texture": "#0"},
				"west": {"uv": [8.5, 8.5, 9.25, 9.125], "texture": "#0"},
				"up": {"uv": [0.625, 9.75, 0, 9], "texture": "#0"},
				"down": {"uv": [1.625, 9, 1, 9.75], "texture": "#0"}
			}
		},
		{
			"from": [7.4, -1, 7.9],
			"to": [9.6, 1.2, 9.3],
			"rotation": {"angle": 45, "axis": "z", "origin": [8, -0.6, 8.55]},
			"faces": {
				"north": {"uv": [5, 4, 6.125, 5.125], "texture": "#0"},
				"east": {"uv": [5, 7.5, 5.75, 8.625], "texture": "#0"},
				"south": {"uv": [5.5, 0, 6.625, 1.125], "texture": "#0"},
				"west": {"uv": [7.5, 5, 8.25, 6.125], "texture": "#0"},
				"up": {"uv": [8.625, 7.25, 7.5, 6.5], "texture": "#0"},
				"down": {"uv": [8.625, 7.5, 7.5, 8.25], "texture": "#0"}
			}
		},
		{
			"from": [8.5, 13.9, 8.1],
			"to": [9.5, 17, 9],
			"rotation": {"angle": -45, "axis": "z", "origin": [9, 15.1, 8.55]},
			"faces": {
				"north": {"uv": [3, 7, 3.5, 8.875], "texture": "#0"},
				"east": {"uv": [3.5, 7, 4, 8.875], "texture": "#0"},
				"south": {"uv": [4, 7, 4.5, 8.875], "texture": "#0"},
				"west": {"uv": [4.5, 7, 5, 8.875], "texture": "#0"},
				"up": {"uv": [7, 5.5, 6.5, 5], "texture": "#0"},
				"down": {"uv": [7.5, 1, 7, 1.5], "texture": "#0"}
			}
		},
		{
			"from": [9.5, 15.9, 8.1],
			"to": [11.1, 17, 9],
			"rotation": {"angle": -45, "axis": "z", "origin": [9, 15.1, 8.55]},
			"faces": {
				"north": {"uv": [5.5, 1.5, 6.75, 2], "texture": "#0"},
				"east": {"uv": [7, 9, 7.5, 9.5], "texture": "#0"},
				"south": {"uv": [8, 0, 9.25, 0.5], "texture": "#0"},
				"west": {"uv": [9, 7, 9.5, 7.5], "texture": "#0"},
				"up": {"uv": [9.25, 1, 8, 0.5], "texture": "#0"},
				"down": {"uv": [9.25, 1, 8, 1.5], "texture": "#0"}
			}
		},
		{
			"from": [6.2, 13.9, 8.1],
			"to": [7.2, 17, 9],
			"rotation": {"angle": 45, "axis": "z", "origin": [6.7, 15.1, 8.55]},
			"faces": {
				"north": {"uv": [7, 5, 7.5, 6.875], "texture": "#0"},
				"east": {"uv": [7, 7, 7.5, 8.875], "texture": "#0"},
				"south": {"uv": [7.5, 1, 8, 2.875], "texture": "#0"},
				"west": {"uv": [7.5, 3, 8, 4.875], "texture": "#0"},
				"up": {"uv": [7.5, 2, 7, 1.5], "texture": "#0"},
				"down": {"uv": [9.5, 6.5, 9, 7], "texture": "#0"}
			}
		},
		{
			"from": [4.6, 16, 8.1],
			"to": [6.2, 17, 9],
			"rotation": {"angle": 45, "axis": "z", "origin": [6.7, 15.1, 8.55]},
			"faces": {
				"north": {"uv": [8, 1.5, 9.25, 2], "texture": "#0"},
				"east": {"uv": [9, 7.5, 9.5, 8], "texture": "#0"},
				"south": {"uv": [8, 2, 9.25, 2.5], "texture": "#0"},
				"west": {"uv": [9, 8, 9.5, 8.5], "texture": "#0"},
				"up": {"uv": [9.25, 3, 8, 2.5], "texture": "#0"},
				"down": {"uv": [9.25, 3, 8, 3.5], "texture": "#0"}
			}
		},
		{
			"from": [6.5, 17.6, 7.5],
			"to": [8.5, 19.6, 9.5],
			"rotation": {"angle": 45, "axis": "z", "origin": [6.5, 19.6, 7.5]},
			"faces": {
				"north": {"uv": [5, 5.5, 6, 6.5], "texture": "#0"},
				"east": {"uv": [6, 5.5, 7, 6.5], "texture": "#0"},
				"south": {"uv": [6.5, 4, 7.5, 5], "texture": "#0"},
				"west": {"uv": [5, 6.5, 6, 7.5], "texture": "#0"},
				"up": {"uv": [7, 7.5, 6, 6.5], "texture": "#0"},
				"down": {"uv": [8, 0, 7, 1], "texture": "#0"}
			}
		}
	],
	"display": {
		"thirdperson_righthand": {
			"rotation": [0, 90, 0],
			"translation": [0, 0, 1.25]
		},
		"thirdperson_lefthand": {
			"rotation": [0, 90, 0],
			"translation": [0, 0, 1.75]
		},
		"firstperson_righthand": {
			"rotation": [7.75, 90, 0],
			"translation": [0, 0, 0.25],
			"scale": [0.8, 0.8, 0.8]
		},
		"firstperson_lefthand": {
			"rotation": [7.75, 90, 0],
			"translation": [0, 0, 1],
			"scale": [0.8, 0.8, 0.8]
		},
		"ground": {
			"rotation": [-84.07, 13.03, -5.01]
		},
		"gui": {
			"rotation": [0, 0, -45.75],
			"translation": [-1.5, -1.25, 0],
			"scale": [0.8, 0.8, 0.8]
		},
		"fixed": {
			"rotation": [0, 0, 39.75],
			"translation": [1.25, -1.5, 0]
		}
	}
}