{"texture_size":[32,32],"elements":[{"from":[4,0.5,6],"to":[12,4.5,10],"rotation":{"angle":0,"axis":"y","origin":[5,1,7]},"faces":{"north":{"uv":[0,0,4,2],"texture":"#0"},"east":{"uv":[0,6,2,8],"texture":"#0"},"south":{"uv":[0,2,4,4],"texture":"#0"},"west":{"uv":[2,6,4,8],"texture":"#0"},"up":{"uv":[4,6,0,4],"texture":"#0"},"down":{"uv":[8,0,4,2],"texture":"#0"}}},{"from":[3.8,0.3,5.8],"to":[12.2,4.7,8.2],"rotation":{"angle":0,"axis":"y","origin":[5,1,7]},"faces":{"north":{"uv":[4,2,8,4],"texture":"#0"},"east":{"uv":[3,10.5,4,12.5],"texture":"#0"},"south":{"uv":[4,4,8,6],"texture":"#0"},"west":{"uv":[4,10.5,5,12.5],"texture":"#0"},"up":{"uv":[6,9,2,8],"texture":"#0"},"down":{"uv":[12,2,8,3],"texture":"#0"}}},{"from":[3,0.5,8],"to":[5,4.5,12],"rotation":{"angle":0,"axis":"y","origin":[5,1,7]},"faces":{"north":{"uv":[10,0,11,2],"texture":"#0"},"east":{"uv":[4,6,6,8],"texture":"#0"},"south":{"uv":[10,3,11,5],"texture":"#0"},"west":{"uv":[6,6,8,8],"texture":"#0"},"up":{"uv":[11,7,10,5],"texture":"#0"},"down":{"uv":[7,10,6,12],"texture":"#0"}}},{"from":[4.5,4.13644,5.9609],"to":[6.5,5.13644,7.9609],"rotation":{"angle":0,"axis":"y","origin":[6.5,5.13644,5.9609]},"faces":{"north":{"uv":[11,13,12,13.5],"texture":"#0"},"east":{"uv":[12,13,13,13.5],"texture":"#0"},"south":{"uv":[13,12,14,12.5],"texture":"#0"},"west":{"uv":[13,12.5,14,13],"texture":"#0"},"up":{"uv":[8,13,7,12],"texture":"#0"},"down":{"uv":[13,8,12,9],"texture":"#0"}}},{"from":[4.9,4.63644,5.8609],"to":[4.9,6.63644,9.8609],"rotation":{"angle":-22.5,"axis":"y","origin":[3.5,5.63644,6.9609]},"faces":{"north":{"uv":[0,0,0,1],"texture":"#0"},"east":{"uv":[10,11,12,12],"texture":"#0"},"south":{"uv":[0,0,0,1],"texture":"#0"},"west":{"uv":[0,11.5,2,12.5],"texture":"#0"},"up":{"uv":[0,2,0,0],"texture":"#0"},"down":{"uv":[0,0,0,2],"texture":"#0"}}},{"from":[11.1,4.63644,5.8609],"to":[11.1,6.63644,9.8609],"rotation":{"angle":22.5,"axis":"y","origin":[12.5,5.63644,6.9609]},"faces":{"north":{"uv":[0,0,0,1],"texture":"#0"},"east":{"uv":[12,0,14,1],"texture":"#0"},"south":{"uv":[0,0,0,1],"texture":"#0"},"west":{"uv":[12,1,14,2],"texture":"#0"},"up":{"uv":[0,2,0,0],"texture":"#0"},"down":{"uv":[0,0,0,2],"texture":"#0"}}},{"from":[9.5,4.13644,5.9609],"to":[11.5,5.13644,7.9609],"rotation":{"angle":0,"axis":"y","origin":[9.5,5.13644,5.9609]},"faces":{"north":{"uv":[13,13,14,13.5],"texture":"#0"},"east":{"uv":[0,13.5,1,14],"texture":"#0"},"south":{"uv":[1,13.5,2,14],"texture":"#0"},"west":{"uv":[2,13.5,3,14],"texture":"#0"},"up":{"uv":[13,10,12,9],"texture":"#0"},"down":{"uv":[11,12,10,13],"texture":"#0"}}},{"from":[6,-0.5,6],"to":[10,0.5,7],"rotation":{"angle":0,"axis":"y","origin":[5,1,7]},"faces":{"north":{"uv":[12,2,14,2.5],"texture":"#0"},"east":{"uv":[3,13.5,3.5,14],"texture":"#0"},"south":{"uv":[12,2.5,14,3],"texture":"#0"},"west":{"uv":[3.5,13.5,4,14],"texture":"#0"},"up":{"uv":[14,3.5,12,3],"texture":"#0"},"down":{"uv":[14,3.5,12,4],"texture":"#0"}}},{"from":[4.5,-0.86356,5.9609],"to":[6.5,1.13644,7.9609],"rotation":{"angle":0,"axis":"y","origin":[6.5,5.13644,5.9609]},"faces":{"north":{"uv":[12,10,13,11],"texture":"#0"},"east":{"uv":[11,12,12,13],"texture":"#0"},"south":{"uv":[12,11,13,12],"texture":"#0"},"west":{"uv":[12,12,13,13],"texture":"#0"},"up":{"uv":[1,13.5,0,12.5],"texture":"#0"},"down":{"uv":[2,12.5,1,13.5],"texture":"#0"}}},{"from":[7,-0.86356,5.9609],"to":[9,1.13644,7.9609],"rotation":{"angle":0,"axis":"y","origin":[6.5,5.13644,5.9609]},"faces":{"north":{"uv":[12.5,6,13.5,7],"texture":"#0"},"east":{"uv":[12.5,7,13.5,8],"texture":"#0"},"south":{"uv":[8,12.5,9,13.5],"texture":"#0"},"west":{"uv":[9,12.5,10,13.5],"texture":"#0"},"up":{"uv":[8,14,7,13],"texture":"#0"},"down":{"uv":[14,8,13,9],"texture":"#0"}}},{"from":[9.5,-0.86356,5.9609],"to":[11.5,1.13644,7.9609],"rotation":{"angle":0,"axis":"y","origin":[9.5,5.13644,5.9609]},"faces":{"north":{"uv":[2,12.5,3,13.5],"texture":"#0"},"east":{"uv":[3,12.5,4,13.5],"texture":"#0"},"south":{"uv":[4,12.5,5,13.5],"texture":"#0"},"west":{"uv":[12.5,4,13.5,5],"texture":"#0"},"up":{"uv":[6,13.5,5,12.5],"texture":"#0"},"down":{"uv":[13.5,5,12.5,6],"texture":"#0"}}},{"from":[11.58239,1.18687,10],"to":[12.58239,4.18687,14],"rotation":{"angle":-22.5,"axis":"x","origin":[12.08239,5.38687,10]},"faces":{"north":{"uv":[10.5,13,11,14.5],"texture":"#0"},"east":{"uv":[8,9,10,10.5],"texture":"#0"},"south":{"uv":[13,10.5,13.5,12],"texture":"#0"},"west":{"uv":[0,10,2,11.5],"texture":"#0"},"up":{"uv":[12.5,8,12,6],"texture":"#0"},"down":{"uv":[7,12,6.5,14],"texture":"#0"}}},{"from":[3.41761,1.18687,10],"to":[4.41761,4.18687,14],"rotation":{"angle":-22.5,"axis":"x","origin":[3.91761,5.38687,10]},"faces":{"north":{"uv":[13,9,13.5,10.5],"texture":"#0"},"east":{"uv":[2,9,4,10.5],"texture":"#0"},"south":{"uv":[10,13,10.5,14.5],"texture":"#0"},"west":{"uv":[4,9,6,10.5],"texture":"#0"},"up":{"uv":[12.5,6,12,4],"texture":"#0"},"down":{"uv":[6.5,12,6,14],"texture":"#0"}}},{"from":[11,0.5,8],"to":[13,4.5,12],"rotation":{"angle":0,"axis":"y","origin":[11,1,7]},"faces":{"north":{"uv":[7,10,8,12],"texture":"#0"},"east":{"uv":[0,8,2,10],"texture":"#0"},"south":{"uv":[10,7,11,9],"texture":"#0"},"west":{"uv":[8,0,10,2],"texture":"#0"},"up":{"uv":[11,11,10,9],"texture":"#0"},"down":{"uv":[3,10.5,2,12.5],"texture":"#0"}}},{"from":[2.8,0.3,7.8],"to":[5.2,4.7,12.2],"rotation":{"angle":0,"axis":"y","origin":[5,1,7]},"faces":{"north":{"uv":[11,3,12,5],"texture":"#0"},"east":{"uv":[6,8,8,10],"texture":"#0"},"south":{"uv":[11,5,12,7],"texture":"#0"},"west":{"uv":[8,7,10,9],"texture":"#0"},"up":{"uv":[12,9,11,7],"texture":"#0"},"down":{"uv":[12,9,11,11],"texture":"#0"}}},{"from":[10.8,0.3,7.8],"to":[13.2,4.7,12.2],"rotation":{"angle":0,"axis":"y","origin":[11,1,7]},"faces":{"north":{"uv":[5,10.5,6,12.5],"texture":"#0"},"east":{"uv":[8,3,10,5],"texture":"#0"},"south":{"uv":[8,10.5,9,12.5],"texture":"#0"},"west":{"uv":[8,5,10,7],"texture":"#0"},"up":{"uv":[10,12.5,9,10.5],"texture":"#0"},"down":{"uv":[12,0,11,2],"texture":"#0"}}}],"display":{"thirdperson_righthand":{"rotation":[-1,25,0],"translation":[0,5.75,0]},"thirdperson_lefthand":{"rotation":[-1,25,0],"translation":[0,5.75,0]},"firstperson_righthand":{"rotation":[0,14,0],"translation":[0,5.75,0]},"firstperson_lefthand":{"rotation":[0,14,0],"translation":[0,5.75,0]},"ground":{"rotation":[21,0,28],"translation":[0,2,0],"scale":[0.6,0.6,0.6]},"gui":{"rotation":[22.5,135,0],"translation":[-1.5,4,0]},"head":{"translation":[0,9.75,-4.25],"scale":[1.85,1.85,1.85]},"fixed":{"translation":[0,5,0]}}}