{"texture_size":[32,32],"elements":[{"from":[8.5,6,-3.5],"to":[10.5,7,-1.5],"rotation":{"angle":0,"axis":"y","origin":[8,5.5,-3]},"faces":{"north":{"uv":[11,7,10,7.5],"texture":"#0"},"east":{"uv":[10,10.5,9,11],"texture":"#0"},"south":{"uv":[9,10.5,8,11],"texture":"#0"},"west":{"uv":[9,10,8,10.5],"texture":"#0"},"up":{"uv":[10,6,11,5],"texture":"#0"},"down":{"uv":[6,10,7,11],"texture":"#0"}}},{"from":[5,4,-3.5],"to":[11,6,2.5],"rotation":{"angle":0,"axis":"y","origin":[8,6.5,-1]},"faces":{"north":{"uv":[9,3,12,4],"texture":"#0"},"east":{"uv":[6,10,3,11],"texture":"#0"},"south":{"uv":[0,10,3,11],"texture":"#0"},"west":{"uv":[3,10,6,11],"texture":"#0"},"up":{"uv":[12,3,9,0],"texture":"#0"},"down":{"uv":[12,7.5,9,10.5],"texture":"#0"}}},{"from":[7.5,6,0.5],"to":[8.5,7,2.5],"rotation":{"angle":0,"axis":"y","origin":[8,4.5,-2]},"faces":{"north":{"uv":[5.5,11,6,11.5],"texture":"#0"},"east":{"uv":[10,10.5,11,11],"texture":"#0"},"south":{"uv":[11,5.5,11.5,6],"texture":"#0"},"west":{"uv":[0,11,1,11.5],"texture":"#0"},"up":{"uv":[1.5,12,1,11],"texture":"#0"},"down":{"uv":[2,11,1.5,12],"texture":"#0"}}},{"from":[10,3,-3.5],"to":[11,4,-2.5],"rotation":{"angle":0,"axis":"y","origin":[8,6.5,-6]},"faces":{"north":{"uv":[11.5,7,11,7.5],"texture":"#0"},"east":{"uv":[9.5,11,9,11.5],"texture":"#0"},"south":{"uv":[9,11,8.5,11.5],"texture":"#0"},"west":{"uv":[8.5,11,8,11.5],"texture":"#0"},"up":{"uv":[9.5,11.5,10,11],"texture":"#0"},"down":{"uv":[10,11,10.5,11.5],"texture":"#0"}}},{"from":[10,3,1.5],"to":[11,4,2.5],"rotation":{"angle":0,"axis":"y","origin":[8,6.5,-1]},"faces":{"north":{"uv":[11.5,7,11,7.5],"texture":"#0"},"east":{"uv":[9.5,11,9,11.5],"texture":"#0"},"south":{"uv":[9,11,8.5,11.5],"texture":"#0"},"west":{"uv":[8.5,11,8,11.5],"texture":"#0"},"up":{"uv":[9.5,11.5,10,11],"texture":"#0"},"down":{"uv":[10,11,10.5,11.5],"texture":"#0"}}},{"from":[5,3,-3.5],"to":[6,4,-2.5],"rotation":{"angle":0,"axis":"y","origin":[8,6.5,-6]},"faces":{"north":{"uv":[11,7,11.5,7.5],"texture":"#0"},"east":{"uv":[8,11,8.5,11.5],"texture":"#0"},"south":{"uv":[8.5,11,9,11.5],"texture":"#0"},"west":{"uv":[9,11,9.5,11.5],"texture":"#0"},"up":{"uv":[10,11.5,9.5,11],"texture":"#0"},"down":{"uv":[10.5,11,10,11.5],"texture":"#0"}}},{"from":[5,3,-2],"to":[6,4,-1],"rotation":{"angle":0,"axis":"y","origin":[8,6.5,-4.5]},"faces":{"north":{"uv":[11,7,11.5,7.5],"texture":"#0"},"east":{"uv":[8,11,8.5,11.5],"texture":"#0"},"south":{"uv":[8.5,11,9,11.5],"texture":"#0"},"west":{"uv":[9,11,9.5,11.5],"texture":"#0"},"up":{"uv":[10,11.5,9.5,11],"texture":"#0"},"down":{"uv":[10.5,11,10,11.5],"texture":"#0"}}},{"from":[5,3,-0.25],"to":[6,4,0.75],"rotation":{"angle":0,"axis":"y","origin":[8,6.5,-2.75]},"faces":{"north":{"uv":[11,7,11.5,7.5],"texture":"#0"},"east":{"uv":[8,11,8.5,11.5],"texture":"#0"},"south":{"uv":[8.5,11,9,11.5],"texture":"#0"},"west":{"uv":[9,11,9.5,11.5],"texture":"#0"},"up":{"uv":[10,11.5,9.5,11],"texture":"#0"},"down":{"uv":[10.5,11,10,11.5],"texture":"#0"}}},{"from":[10,3,-2],"to":[11,4,-1],"rotation":{"angle":0,"axis":"y","origin":[8,6.5,-4.5]},"faces":{"north":{"uv":[11.5,7,11,7.5],"texture":"#0"},"east":{"uv":[9.5,11,9,11.5],"texture":"#0"},"south":{"uv":[9,11,8.5,11.5],"texture":"#0"},"west":{"uv":[8.5,11,8,11.5],"texture":"#0"},"up":{"uv":[9.5,11.5,10,11],"texture":"#0"},"down":{"uv":[10,11,10.5,11.5],"texture":"#0"}}},{"from":[10,3,-0.25],"to":[11,4,0.75],"rotation":{"angle":0,"axis":"y","origin":[8,6.5,-2.75]},"faces":{"north":{"uv":[11.5,7,11,7.5],"texture":"#0"},"east":{"uv":[9.5,11,9,11.5],"texture":"#0"},"south":{"uv":[9,11,8.5,11.5],"texture":"#0"},"west":{"uv":[8.5,11,8,11.5],"texture":"#0"},"up":{"uv":[9.5,11.5,10,11],"texture":"#0"},"down":{"uv":[10,11,10.5,11.5],"texture":"#0"}}},{"from":[6.7,3,-3.5],"to":[7.7,4,-2.5],"rotation":{"angle":0,"axis":"y","origin":[9.7,6.5,-6]},"faces":{"north":{"uv":[11,7,11.5,7.5],"texture":"#0"},"east":{"uv":[8,11,8.5,11.5],"texture":"#0"},"south":{"uv":[8.5,11,9,11.5],"texture":"#0"},"west":{"uv":[9,11,9.5,11.5],"texture":"#0"},"up":{"uv":[10,11.5,9.5,11],"texture":"#0"},"down":{"uv":[10.5,11,10,11.5],"texture":"#0"}}},{"from":[8.3,3,-3.5],"to":[9.3,4,-2.5],"rotation":{"angle":0,"axis":"y","origin":[6.3,6.5,-6]},"faces":{"north":{"uv":[11.5,7,11,7.5],"texture":"#0"},"east":{"uv":[9.5,11,9,11.5],"texture":"#0"},"south":{"uv":[9,11,8.5,11.5],"texture":"#0"},"west":{"uv":[8.5,11,8,11.5],"texture":"#0"},"up":{"uv":[9.5,11.5,10,11],"texture":"#0"},"down":{"uv":[10,11,10.5,11.5],"texture":"#0"}}},{"from":[5,3,1.5],"to":[6,4,2.5],"rotation":{"angle":0,"axis":"y","origin":[8,6.5,-1]},"faces":{"north":{"uv":[11,7,11.5,7.5],"texture":"#0"},"east":{"uv":[8,11,8.5,11.5],"texture":"#0"},"south":{"uv":[8.5,11,9,11.5],"texture":"#0"},"west":{"uv":[9,11,9.5,11.5],"texture":"#0"},"up":{"uv":[10,11.5,9.5,11],"texture":"#0"},"down":{"uv":[10.5,11,10,11.5],"texture":"#0"}}},{"from":[3.5,4,2.5],"to":[12.5,9,12.5],"rotation":{"angle":0,"axis":"y","origin":[8,6.5,8]},"faces":{"north":{"uv":[0,7.5,4.5,10],"texture":"#0"},"east":{"uv":[10,5,5,7.5],"texture":"#0"},"south":{"uv":[4.5,7.5,9,10],"texture":"#0"},"west":{"uv":[5,5,10,7.5],"texture":"#0"},"up":{"uv":[4.5,5,0,0],"texture":"#0"},"down":{"uv":[9,0,4.5,5],"texture":"#0"}}},{"from":[7.5,9,8.5],"to":[8.5,10,11.5],"rotation":{"angle":0,"axis":"y","origin":[8,7.5,7]},"faces":{"north":{"uv":[5,11,5.5,11.5],"texture":"#0"},"east":{"uv":[10,6,11.5,6.5],"texture":"#0"},"south":{"uv":[11,5,11.5,5.5],"texture":"#0"},"west":{"uv":[10,6.5,11.5,7],"texture":"#0"},"up":{"uv":[7.5,11.5,7,10],"texture":"#0"},"down":{"uv":[8,10,7.5,11.5],"texture":"#0"}}},{"from":[7.5,9,4.5],"to":[8.5,10,6.5],"rotation":{"angle":0,"axis":"y","origin":[8,7.5,2]},"faces":{"north":{"uv":[6,11,6.5,11.5],"texture":"#0"},"east":{"uv":[2,11,3,11.5],"texture":"#0"},"south":{"uv":[6.5,11,7,11.5],"texture":"#0"},"west":{"uv":[3,11,4,11.5],"texture":"#0"},"up":{"uv":[4.5,12,4,11],"texture":"#0"},"down":{"uv":[5,11,4.5,12],"texture":"#0"}}},{"from":[5.5,6,-3.5],"to":[7.5,7,-1.5],"rotation":{"angle":0,"axis":"y","origin":[8,5.5,-3]},"faces":{"north":{"uv":[10,7,11,7.5],"texture":"#0"},"east":{"uv":[8,10,9,10.5],"texture":"#0"},"south":{"uv":[8,10.5,9,11],"texture":"#0"},"west":{"uv":[9,10.5,10,11],"texture":"#0"},"up":{"uv":[11,6,10,5],"texture":"#0"},"down":{"uv":[7,10,6,11],"texture":"#0"}}}],"gui_light":"front","display":{"thirdperson_righthand":{"rotation":[68,10,0],"scale":[0.7,0.7,0.7]},"thirdperson_lefthand":{"rotation":[68,10,0],"scale":[0.7,0.7,0.7]},"firstperson_righthand":{"rotation":[0,15,0],"translation":[1,3,0],"scale":[0.7,0.7,0.7]},"firstperson_lefthand":{"rotation":[0,15,0],"translation":[1,3,0],"scale":[0.7,0.7,0.7]},"ground":{"translation":[0,4,0],"scale":[0.7,0.7,0.7]},"gui":{"rotation":[22.5,135,0],"translation":[1.75,2.25,0],"scale":[0.88,0.88,0.88]},"head":{"rotation":[7.5,0,0],"translation":[0,6.5,1],"scale":[1.61,1.61,1.61]},"fixed":{"rotation":[-85,0,0],"translation":[0,6.25,-7.5],"scale":[1.8,1.8,1.8]}}}