{"texture_size":[64,64],"elements":[{"from":[4,8,4],"to":[4,16,12],"rotation":{"angle":0,"axis":"y","origin":[7,1,8]},"faces":{"north":{"uv":[0,0,2,2],"texture":"#0"},"east":{"uv":[0,2,2,4],"texture":"#0"},"south":{"uv":[2,0,4,2],"texture":"#0"},"west":{"uv":[2,2,4,4],"texture":"#0"},"up":{"uv":[2,6,0,4],"texture":"#0"},"down":{"uv":[6,0,4,2],"texture":"#0"}}},{"from":[4,8,4],"to":[12,8,12],"rotation":{"angle":0,"axis":"y","origin":[7,1,8]},"faces":{"north":{"uv":[0,0,2,2],"texture":"#0"},"east":{"uv":[0,2,2,4],"texture":"#0"},"south":{"uv":[2,0,4,2],"texture":"#0"},"west":{"uv":[2,2,4,4],"texture":"#0"},"up":{"uv":[6,2,4,0],"texture":"#0"},"down":{"uv":[6,0,4,2],"texture":"#0"}}},{"from":[4,8,4],"to":[12,16,4],"rotation":{"angle":0,"axis":"y","origin":[7,1,8]},"faces":{"north":{"uv":[0,0,2,2],"texture":"#0"},"east":{"uv":[0,2,2,4],"texture":"#0"},"south":{"uv":[0,0,2,2],"texture":"#0"},"west":{"uv":[2,2,4,4],"texture":"#0"},"up":{"uv":[2,6,0,4],"texture":"#0"},"down":{"uv":[6,0,4,2],"texture":"#0"}}},{"from":[4,16,4],"to":[12,16,12],"rotation":{"angle":0,"axis":"y","origin":[7,1,8]},"faces":{"north":{"uv":[2,6,0,4],"texture":"#0"},"east":{"uv":[2,6,0,4],"texture":"#0"},"south":{"uv":[2,6,0,4],"texture":"#0"},"west":{"uv":[2,6,0,4],"texture":"#0"},"up":{"uv":[2,6,0,4],"texture":"#0"},"down":{"uv":[2,4,0,6],"texture":"#0"}}},{"from":[4,8,12],"to":[12,16,12],"rotation":{"angle":0,"axis":"y","origin":[7,1,8]},"faces":{"north":{"uv":[2,0,4,2],"texture":"#0"},"east":{"uv":[0,2,2,4],"texture":"#0"},"south":{"uv":[2,0,4,2],"texture":"#0"},"west":{"uv":[2,2,4,4],"texture":"#0"},"up":{"uv":[2,6,0,4],"texture":"#0"},"down":{"uv":[6,0,4,2],"texture":"#0"}}},{"from":[12,8,4],"to":[12,16,12],"rotation":{"angle":0,"axis":"y","origin":[7,1,8]},"faces":{"north":{"uv":[0,0,2,2],"texture":"#0"},"east":{"uv":[0,2,2,4],"texture":"#0"},"south":{"uv":[2,0,4,2],"texture":"#0"},"west":{"uv":[2,2,4,4],"texture":"#0"},"up":{"uv":[2,6,0,4],"texture":"#0"},"down":{"uv":[6,0,4,2],"texture":"#0"}}},{"from":[3.75,7.75,3.75],"to":[12.25,16.25,12.25],"rotation":{"angle":0,"axis":"y","origin":[7,1,8]},"faces":{"north":{"uv":[2,4,4,6],"texture":"#0"},"east":{"uv":[4,2,6,4],"texture":"#0"},"south":{"uv":[4,4,6,6],"texture":"#0"},"west":{"uv":[0,6,2,8],"texture":"#0"},"up":{"uv":[8,2,6,0],"texture":"#0"},"down":{"uv":[4,6,2,8],"texture":"#0"}}},{"from":[3,14,7],"to":[4,16,12],"rotation":{"angle":-22.5,"axis":"x","origin":[3.5,13.5,9]},"faces":{"north":{"uv":[2.75,8.25,3,8.75],"texture":"#0"},"east":{"uv":[6,4.75,7.25,5.25],"texture":"#0"},"south":{"uv":[3,8.25,3.25,8.75],"texture":"#0"},"west":{"uv":[6,5.25,7.25,5.75],"texture":"#0"},"up":{"uv":[7.5,9,7.25,7.75],"texture":"#0"},"down":{"uv":[0.75,8,0.5,9.25],"texture":"#0"}}},{"from":[3,13,7],"to":[4,14,11],"rotation":{"angle":-22.5,"axis":"x","origin":[3.5,13.5,9]},"faces":{"north":{"uv":[7.25,3.5,7.5,3.75],"texture":"#0"},"east":{"uv":[6,5.75,7,6],"texture":"#0"},"south":{"uv":[8.25,7.75,8.5,8],"texture":"#0"},"west":{"uv":[1,8,2,8.25],"texture":"#0"},"up":{"uv":[2.25,9,2,8],"texture":"#0"},"down":{"uv":[8.25,2,8,3],"texture":"#0"}}},{"from":[12.01,14,7],"to":[13.01,16,12],"rotation":{"angle":-22.5,"axis":"x","origin":[12.5,13.5,9]},"faces":{"north":{"uv":[3,8.25,2.75,8.75],"texture":"#0"},"east":{"uv":[7.25,5.25,6,5.75],"texture":"#0"},"south":{"uv":[3.25,8.25,3,8.75],"texture":"#0"},"west":{"uv":[7.25,4.75,6,5.25],"texture":"#0"},"up":{"uv":[7.25,9,7.5,7.75],"texture":"#0"},"down":{"uv":[0.5,8,0.75,9.25],"texture":"#0"}}},{"from":[12.01,13,7],"to":[13.01,14,11],"rotation":{"angle":-22.5,"axis":"x","origin":[12.5,13.5,9]},"faces":{"north":{"uv":[7.5,3.5,7.25,3.75],"texture":"#0"},"east":{"uv":[2,8,1,8.25],"texture":"#0"},"south":{"uv":[8.5,7.75,8.25,8],"texture":"#0"},"west":{"uv":[7,5.75,6,6],"texture":"#0"},"up":{"uv":[2,9,2.25,8],"texture":"#0"},"down":{"uv":[8,2,8.25,3],"texture":"#0"}}}],"gui_light":"front","display":{"thirdperson_righthand":{"rotation":[0,20,0],"translation":[0,-2,-1],"scale":[0.8,0.8,0.8]},"thirdperson_lefthand":{"rotation":[0,20,0],"translation":[0,-2,-1],"scale":[0.8,0.8,0.8]},"firstperson_righthand":{"rotation":[0,11,0],"translation":[2.5,-0.75,-0.75],"scale":[0.7,0.7,0.7]},"firstperson_lefthand":{"rotation":[0,11,0],"translation":[2.5,-0.75,-0.75],"scale":[0.7,0.7,0.7]},"ground":{"rotation":[20,64,0],"translation":[0,-2.25,0.75],"scale":[0.7,0.7,0.7]},"gui":{"rotation":[22.5,135,0],"translation":[0,-4.5,0]},"head":{"translation":[0,-6.75,0],"scale":[1.85,1.85,1.85]},"fixed":{"translation":[0,-4.25,0]}}}