{
	"credit": "Made by pikachurro",
	"texture_size": [32, 32],
	"textures": {
		"0": "./bow"
	},
	"elements": [
		{
			"from": [18.39719, 0.99, 2.00534],
			"to": [19.39719, 0.99, 3.00534],
			"rotation": {"angle": -22.5, "axis": "y", "origin": [8.01175, 1.74, 6.3313]},
			"faces": {
				"north": {"uv": [0, 0, 0.5, 0], "texture": "#0"},
				"east": {"uv": [0, 0, 0.5, 0], "texture": "#0"},
				"south": {"uv": [0, 0, 0.5, 0], "texture": "#0"},
				"west": {"uv": [0, 0, 0.5, 0], "texture": "#0"},
				"up": {"uv": [8.5, 1, 9, 1.5], "texture": "#0"},
				"down": {"uv": [9, 1, 9.5, 1.5], "texture": "#0"}
			}
		},
		{
			"from": [5.5, 0, 2.75],
			"to": [6.75, 1.75, 5.25],
			"faces": {
				"north": {"uv": [7, 1.5, 7.625, 2.375], "texture": "#0"},
				"east": {"uv": [7, 1.5, 8.25, 2.375], "texture": "#0"},
				"south": {"uv": [7, 1.5, 7.625, 2.375], "texture": "#0"},
				"west": {"uv": [7, 1.5, 8.25, 2.375], "texture": "#0"},
				"up": {"uv": [7, 1.5, 7.625, 2.75], "texture": "#0"},
				"down": {"uv": [7, 1.5, 7.625, 2.75], "texture": "#0"}
			}
		},
		{
			"from": [8.70324, 0.24, 2.22356],
			"to": [13.70324, 1.49, 4.22356],
			"rotation": {"angle": -22.5, "axis": "y", "origin": [8.01175, 1.74, 6.3313]},
			"faces": {
				"north": {"uv": [1, 1, 3.5, 2], "texture": "#0"},
				"east": {"uv": [4, 7, 5, 8], "texture": "#0"},
				"south": {"uv": [1, 2, 3.5, 3], "texture": "#0"},
				"west": {"uv": [5, 7, 6, 8], "texture": "#0"},
				"up": {"uv": [3.5, 4, 1, 3], "texture": "#0"},
				"down": {"uv": [6, 1, 3.5, 2], "texture": "#0"}
			}
		},
		{
			"from": [13.39719, 0.99, 1.50534],
			"to": [14.39719, 0.99, 2.50534],
			"rotation": {"angle": -22.5, "axis": "y", "origin": [8.01175, 1.74, 6.3313]},
			"faces": {
				"north": {"uv": [0, 0, 0.5, 0], "texture": "#0"},
				"east": {"uv": [0, 0, 0.5, 0], "texture": "#0"},
				"south": {"uv": [0, 0, 0.5, 0], "texture": "#0"},
				"west": {"uv": [0, 0, 0.5, 0], "texture": "#0"},
				"up": {"uv": [8.5, 1, 9, 1.5], "texture": "#0"},
				"down": {"uv": [9, 1, 9.5, 1.5], "texture": "#0"}
			}
		},
		{
			"from": [2.29676, 0.24, 2.22356],
			"to": [7.29676, 1.49, 4.22356],
			"rotation": {"angle": 22.5, "axis": "y", "origin": [7.98825, 1.74, 6.3313]},
			"faces": {
				"north": {"uv": [3.5, 1, 1, 2], "texture": "#0"},
				"east": {"uv": [6, 7, 5, 8], "texture": "#0"},
				"south": {"uv": [3.5, 2, 1, 3], "texture": "#0"},
				"west": {"uv": [5, 7, 4, 8], "texture": "#0"},
				"up": {"uv": [1, 4, 3.5, 3], "texture": "#0"},
				"down": {"uv": [3.5, 1, 6, 2], "texture": "#0"}
			}
		},
		{
			"from": [-2.70324, 0.49, 2.72356],
			"to": [2.29676, 1.24, 3.72356],
			"rotation": {"angle": 22.5, "axis": "y", "origin": [7.98825, 1.74, 6.3313]},
			"faces": {
				"north": {"uv": [3.5, 1, 1, 2], "texture": "#0"},
				"east": {"uv": [6, 7, 5, 8], "texture": "#0"},
				"south": {"uv": [3.5, 2, 1, 3], "texture": "#0"},
				"west": {"uv": [5, 7, 4, 8], "texture": "#0"},
				"up": {"uv": [1, 4, 3.5, 3], "texture": "#0"},
				"down": {"uv": [3.5, 1, 6, 2], "texture": "#0"}
			}
		},
		{
			"from": [1.60281, 0.99, 1.50534],
			"to": [2.60281, 0.99, 2.50534],
			"rotation": {"angle": 22.5, "axis": "y", "origin": [7.98825, 1.74, 6.3313]},
			"faces": {
				"north": {"uv": [0.5, 0, 0, 0], "texture": "#0"},
				"east": {"uv": [0.5, 0, 0, 0], "texture": "#0"},
				"south": {"uv": [0.5, 0, 0, 0], "texture": "#0"},
				"west": {"uv": [0.5, 0, 0, 0], "texture": "#0"},
				"up": {"uv": [9, 1, 8.5, 1.5], "texture": "#0"},
				"down": {"uv": [9.5, 1, 9, 1.5], "texture": "#0"}
			}
		},
		{
			"from": [-3.39719, 0.99, 2.00534],
			"to": [-2.39719, 0.99, 3.00534],
			"rotation": {"angle": 22.5, "axis": "y", "origin": [7.98825, 1.74, 6.3313]},
			"faces": {
				"north": {"uv": [0.5, 0, 0, 0], "texture": "#0"},
				"east": {"uv": [0.5, 0, 0, 0], "texture": "#0"},
				"south": {"uv": [0.5, 0, 0, 0], "texture": "#0"},
				"west": {"uv": [0.5, 0, 0, 0], "texture": "#0"},
				"up": {"uv": [9, 1, 8.5, 1.5], "texture": "#0"},
				"down": {"uv": [9.5, 1, 9, 1.5], "texture": "#0"}
			}
		},
		{
			"from": [17.42696, 0.49, 5.12951],
			"to": [20.42696, 1.24, 6.12951],
			"rotation": {"angle": -22.5, "axis": "y", "origin": [14.47353, 0.865, 5.48951]},
			"faces": {
				"north": {"uv": [4.5, 4.5, 3, 4.875], "texture": "#0"},
				"east": {"uv": [8.5, 6, 8, 6.375], "texture": "#0"},
				"south": {"uv": [4.5, 4, 3, 4.375], "texture": "#0"},
				"west": {"uv": [3, 7.5, 2.5, 7.875], "texture": "#0"},
				"up": {"uv": [3.5, 5, 3, 6.5], "rotation": 90, "texture": "#0"},
				"down": {"uv": [4, 6.5, 3.5, 5], "rotation": 270, "texture": "#0"}
			}
		},
		{
			"from": [14.17696, 0.49, 5.12951],
			"to": [17.42696, 1.24, 6.12951],
			"rotation": {"angle": -22.5, "axis": "y", "origin": [14.47353, 0.865, 5.48951]},
			"faces": {
				"north": {"uv": [4.5, 4.5, 3, 4.875], "texture": "#0"},
				"east": {"uv": [8.5, 6, 8, 6.375], "texture": "#0"},
				"south": {"uv": [4.5, 4, 3, 4.375], "texture": "#0"},
				"west": {"uv": [3, 7.5, 2.5, 7.875], "texture": "#0"},
				"up": {"uv": [3.5, 5, 3, 6.5], "rotation": 90, "texture": "#0"},
				"down": {"uv": [4, 6.5, 3.5, 5], "rotation": 270, "texture": "#0"}
			}
		},
		{
			"from": [9.25, 0, 2.75],
			"to": [10.5, 1.75, 5.25],
			"rotation": {"angle": 0, "axis": "y", "origin": [16, 0, 0]},
			"faces": {
				"north": {"uv": [7.625, 1.5, 7, 2.375], "texture": "#0"},
				"east": {"uv": [8.25, 1.5, 7, 2.375], "texture": "#0"},
				"south": {"uv": [7.625, 1.5, 7, 2.375], "texture": "#0"},
				"west": {"uv": [8.25, 1.5, 7, 2.375], "texture": "#0"},
				"up": {"uv": [7.625, 1.5, 7, 2.75], "texture": "#0"},
				"down": {"uv": [7.625, 1.5, 7, 2.75], "texture": "#0"}
			}
		},
		{
			"name": "string",
			"from": [-2.75, 0.66, 7.27],
			"to": [8, 1.06, 7.77],
			"rotation": {"angle": 0, "axis": "y", "origin": [8.94186, 1.615, 8.52]},
			"faces": {
				"north": {"uv": [5, 0.5, 0.5, 0.7], "texture": "#0"},
				"east": {"uv": [0.25, 0.5, 0, 0.7], "texture": "#0"},
				"south": {"uv": [5, 0.75, 0.5, 0.95], "texture": "#0"},
				"west": {"uv": [0.25, 0.5, 0, 0.7], "texture": "#0"},
				"up": {"uv": [0.5, 0.5, 5, 0.25], "texture": "#0"},
				"down": {"uv": [0.5, 0, 5, 0.25], "texture": "#0"}
			}
		},
		{
			"name": "string",
			"from": [8, 0.66, 7.27],
			"to": [18.75, 1.06, 7.77],
			"rotation": {"angle": 0, "axis": "y", "origin": [7.05814, 1.615, 8.52]},
			"faces": {
				"north": {"uv": [0.5, 0.5, 5, 0.7], "texture": "#0"},
				"east": {"uv": [0, 0.5, 0.25, 0.7], "texture": "#0"},
				"south": {"uv": [0.5, 0.75, 5, 0.95], "texture": "#0"},
				"west": {"uv": [0, 0.5, 0.25, 0.7], "texture": "#0"},
				"up": {"uv": [5, 0.5, 0.5, 0.25], "texture": "#0"},
				"down": {"uv": [5, 0, 0.5, 0.25], "texture": "#0"}
			}
		},
		{
			"from": [6, 0.25, 3.25],
			"to": [8, 1, 4.75],
			"faces": {
				"north": {"uv": [6, 2.625, 7, 3], "texture": "#0"},
				"east": {"uv": [6, 2.125, 6.75, 2.5], "texture": "#0"},
				"south": {"uv": [6, 2.625, 7, 3], "texture": "#0"},
				"west": {"uv": [6, 2.125, 6.75, 2.5], "texture": "#0"},
				"up": {"uv": [6, 1.125, 7, 1.875], "texture": "#0"},
				"down": {"uv": [6, 1.125, 7, 1.875], "texture": "#0"}
			}
		},
		{
			"from": [8, 0.25, 3.25],
			"to": [10, 1, 4.75],
			"rotation": {"angle": 0, "axis": "y", "origin": [16, 0, 0]},
			"faces": {
				"north": {"uv": [7, 2.625, 6, 3], "texture": "#0"},
				"east": {"uv": [6.75, 2.125, 6, 2.5], "texture": "#0"},
				"south": {"uv": [7, 2.625, 6, 3], "texture": "#0"},
				"west": {"uv": [6.75, 2.125, 6, 2.5], "texture": "#0"},
				"up": {"uv": [7, 1.125, 6, 1.875], "texture": "#0"},
				"down": {"uv": [7, 1.125, 6, 1.875], "texture": "#0"}
			}
		}
	],
	"gui_light": "front",
	"overrides": [
		{"model": "item/bow_pulling_0", "predicate": {"pulling": 1}},
		{"model": "item/bow_pulling_1", "predicate": {"pull": 0.65, "pulling": 1}},
		{"model": "item/bow_pulling_2", "predicate": {"pull": 0.9, "pulling": 1}}
	],
	"display": {
		"thirdperson_righthand": {
			"rotation": [0, 0, 90],
			"translation": [-7.5, -2.75, 3.25]
		},
		"thirdperson_lefthand": {
			"rotation": [0, 0, 90],
			"translation": [-7.5, -1, 3.25]
		},
		"firstperson_righthand": {
			"rotation": [14.53, 4.1, 88.9],
			"translation": [-3.75, 2, 0.75]
		},
		"firstperson_lefthand": {
			"rotation": [14.53, 4.1, 88.9],
			"translation": [-3.75, 2, 0.75]
		},
		"ground": {
			"rotation": [37.74, -3.64, -86.39],
			"translation": [3.5, 5, 1.25],
			"scale": [0.5, 0.5, 0.5]
		},
		"gui": {
			"rotation": [90, 45, 0],
			"translation": [0.5, -0.5, 0],
			"scale": [0.88, 0.88, 0.88]
		},
		"head": {
			"translation": [0, 15.75, 0]
		},
		"fixed": {
			"rotation": [90, -45, 0],
			"translation": [-0.75, 1, 7.25]
		}
	},
	"groups": [
		{
			"name": "group",
			"origin": [9.01175, 1.74, 6.3313],
			"color": 0,
			"children": [0, 1, 2, 3]
		},
		{
			"name": "group",
			"origin": [-0.94186, 1.615, 8.52],
			"color": 0,
			"children": []
		},
		{
			"name": "group",
			"origin": [9.01175, 1.74, 6.3313],
			"color": 0,
			"children": []
		},
		{
			"name": "group",
			"origin": [9.01175, 1.74, 6.3313],
			"color": 0,
			"children": []
		},
		{
			"name": "group",
			"origin": [9.01175, 1.74, 6.3313],
			"color": 0,
			"children": []
		},
		{
			"name": "group",
			"origin": [9.01175, 1.74, 6.3313],
			"color": 0,
			"children": []
		},
		{
			"name": "group",
			"origin": [6.98825, 1.74, 6.3313],
			"color": 0,
			"children": [4, 5, 6, 7, 8, 9, 10]
		},
		{
			"name": "group",
			"origin": [16.94186, 1.615, 8.52],
			"color": 0,
			"children": [11]
		},
		{
			"name": "group",
			"origin": [-0.94186, 1.615, 8.52],
			"color": 0,
			"children": [12]
		},
		13,
		14
	]
}