{
	"credit": "Made by pikachurro",
	"texture_size": [32, 32],
	"textures": {
		"0": "./bow",
		"1": "./3dbow_arrow"
	},
	"elements": [
		{
			"from": [5.5, 0, 2.75],
			"to": [6.75, 1.75, 5.25],
			"faces": {
				"north": {"uv": [7, 1.5, 7.625, 2.375], "texture": "#0"},
				"east": {"uv": [7, 1.5, 8.25, 2.375], "texture": "#0"},
				"south": {"uv": [7, 1.5, 7.625, 2.375], "texture": "#0"},
				"west": {"uv": [7, 1.5, 8.25, 2.375], "texture": "#0"},
				"up": {"uv": [7, 1.5, 7.625, 2.75], "texture": "#0"},
				"down": {"uv": [7, 1.5, 7.625, 2.75], "texture": "#0"}
			}
		},
		{
			"from": [14.18233, 0.49, 5.00668],
			"to": [15.18233, 1.24, 9.00668],
			"rotation": {"angle": 22.5, "axis": "y", "origin": [14.33687, 0.9275, 5.9542]},
			"faces": {
				"north": {"uv": [5, 7, 5.5, 7.375], "texture": "#0"},
				"east": {"uv": [1.5, 1, 3.5, 1.375], "texture": "#0"},
				"south": {"uv": [4, 7, 4.5, 7.375], "texture": "#0"},
				"west": {"uv": [1.5, 2, 3.5, 2.375], "texture": "#0"},
				"up": {"uv": [1.5, 3, 3.5, 3.5], "rotation": 270, "texture": "#0"},
				"down": {"uv": [4, 1.5, 6, 1], "rotation": 90, "texture": "#0"}
			}
		},
		{
			"from": [14.18378, 0.49, 9.00036],
			"to": [15.18378, 1.24, 11.00036],
			"rotation": {"angle": 22.5, "axis": "y", "origin": [14.33687, 0.9275, 5.9542]},
			"faces": {
				"north": {"uv": [5, 7, 5.5, 7.375], "texture": "#0"},
				"east": {"uv": [1.5, 1, 2.5, 1.375], "texture": "#0"},
				"south": {"uv": [4, 7, 4.5, 7.375], "texture": "#0"},
				"west": {"uv": [1.5, 2, 2.5, 2.375], "texture": "#0"},
				"up": {"uv": [1.5, 3, 2.5, 3.5], "rotation": 270, "texture": "#0"},
				"down": {"uv": [4, 1.5, 5, 1], "rotation": 90, "texture": "#0"}
			}
		},
		{
			"from": [14.02297, 0.99, 3.89715],
			"to": [15.02297, 0.99, 4.89715],
			"rotation": {"angle": -22.5, "axis": "y", "origin": [14.33687, 0.9275, 5.9542]},
			"faces": {
				"north": {"uv": [0, 0, 0.5, 0], "texture": "#0"},
				"east": {"uv": [0, 0, 0.5, 0], "texture": "#0"},
				"south": {"uv": [0, 0, 0.5, 0], "texture": "#0"},
				"west": {"uv": [0, 0, 0.5, 0], "texture": "#0"},
				"up": {"uv": [8.5, 1, 9, 1.5], "texture": "#0"},
				"down": {"uv": [9, 1, 9.5, 1.5], "texture": "#0"}
			}
		},
		{
			"from": [14.802, 0.99, 10.47431],
			"to": [15.802, 0.99, 11.47431],
			"rotation": {"angle": 22.5, "axis": "y", "origin": [14.33687, 0.9275, 5.9542]},
			"faces": {
				"north": {"uv": [0, 0, 0.5, 0], "texture": "#0"},
				"east": {"uv": [0, 0, 0.5, 0], "texture": "#0"},
				"south": {"uv": [0, 0, 0.5, 0], "texture": "#0"},
				"west": {"uv": [0, 0, 0.5, 0], "texture": "#0"},
				"up": {"uv": [9, 1.5, 8.5, 1], "rotation": 270, "texture": "#0"},
				"down": {"uv": [9.5, 1.5, 9, 1], "rotation": 90, "texture": "#0"}
			}
		},
		{
			"from": [8.70324, 0.24, 2.22356],
			"to": [13.70324, 1.49, 4.22356],
			"rotation": {"angle": -22.5, "axis": "y", "origin": [8.01175, 1.74, 6.3313]},
			"faces": {
				"north": {"uv": [1, 1, 3.5, 2], "texture": "#0"},
				"east": {"uv": [4, 7, 5, 8], "texture": "#0"},
				"south": {"uv": [1, 2, 3.5, 3], "texture": "#0"},
				"west": {"uv": [5, 7, 6, 8], "texture": "#0"},
				"up": {"uv": [3.5, 4, 1, 3], "texture": "#0"},
				"down": {"uv": [6, 1, 3.5, 2], "texture": "#0"}
			}
		},
		{
			"from": [0.81767, 0.49, 5.00668],
			"to": [1.81767, 1.24, 9.00668],
			"rotation": {"angle": -22.5, "axis": "y", "origin": [1.66313, 0.9275, 5.9542]},
			"faces": {
				"north": {"uv": [5.5, 7, 5, 7.375], "texture": "#0"},
				"east": {"uv": [3.5, 2, 1.5, 2.375], "texture": "#0"},
				"south": {"uv": [4.5, 7, 4, 7.375], "texture": "#0"},
				"west": {"uv": [3.5, 1, 1.5, 1.375], "texture": "#0"},
				"up": {"uv": [1.5, 3.5, 3.5, 3], "rotation": 270, "texture": "#0"},
				"down": {"uv": [4, 1, 6, 1.5], "rotation": 90, "texture": "#0"}
			}
		},
		{
			"from": [0.81622, 0.49, 9.00036],
			"to": [1.81622, 1.24, 11.00036],
			"rotation": {"angle": -22.5, "axis": "y", "origin": [1.66313, 0.9275, 5.9542]},
			"faces": {
				"north": {"uv": [5.5, 7, 5, 7.375], "texture": "#0"},
				"east": {"uv": [2.5, 2, 1.5, 2.375], "texture": "#0"},
				"south": {"uv": [4.5, 7, 4, 7.375], "texture": "#0"},
				"west": {"uv": [2.5, 1, 1.5, 1.375], "texture": "#0"},
				"up": {"uv": [1.5, 3.5, 2.5, 3], "rotation": 270, "texture": "#0"},
				"down": {"uv": [4, 1, 5, 1.5], "rotation": 90, "texture": "#0"}
			}
		},
		{
			"from": [0.97703, 0.99, 3.89715],
			"to": [1.97703, 0.99, 4.89715],
			"rotation": {"angle": 22.5, "axis": "y", "origin": [1.66313, 0.9275, 5.9542]},
			"faces": {
				"north": {"uv": [0.5, 0, 0, 0], "texture": "#0"},
				"east": {"uv": [0.5, 0, 0, 0], "texture": "#0"},
				"south": {"uv": [0.5, 0, 0, 0], "texture": "#0"},
				"west": {"uv": [0.5, 0, 0, 0], "texture": "#0"},
				"up": {"uv": [9, 1, 8.5, 1.5], "texture": "#0"},
				"down": {"uv": [9.5, 1, 9, 1.5], "texture": "#0"}
			}
		},
		{
			"from": [0.198, 0.99, 10.47431],
			"to": [1.198, 0.99, 11.47431],
			"rotation": {"angle": -22.5, "axis": "y", "origin": [1.66313, 0.9275, 5.9542]},
			"faces": {
				"north": {"uv": [0.5, 0, 0, 0], "texture": "#0"},
				"east": {"uv": [0.5, 0, 0, 0], "texture": "#0"},
				"south": {"uv": [0.5, 0, 0, 0], "texture": "#0"},
				"west": {"uv": [0.5, 0, 0, 0], "texture": "#0"},
				"up": {"uv": [9, 1, 8.5, 1.5], "rotation": 270, "texture": "#0"},
				"down": {"uv": [9.5, 1, 9, 1.5], "rotation": 90, "texture": "#0"}
			}
		},
		{
			"from": [9.25, 0, 2.75],
			"to": [10.5, 1.75, 5.25],
			"rotation": {"angle": 0, "axis": "y", "origin": [16, 0, 0]},
			"faces": {
				"north": {"uv": [7.625, 1.5, 7, 2.375], "texture": "#0"},
				"east": {"uv": [8.25, 1.5, 7, 2.375], "texture": "#0"},
				"south": {"uv": [7.625, 1.5, 7, 2.375], "texture": "#0"},
				"west": {"uv": [8.25, 1.5, 7, 2.375], "texture": "#0"},
				"up": {"uv": [7.625, 1.5, 7, 2.75], "texture": "#0"},
				"down": {"uv": [7.625, 1.5, 7, 2.75], "texture": "#0"}
			}
		},
		{
			"from": [2.29676, 0.24, 2.22356],
			"to": [7.29676, 1.49, 4.22356],
			"rotation": {"angle": 22.5, "axis": "y", "origin": [7.98825, 1.74, 6.3313]},
			"faces": {
				"north": {"uv": [3.5, 1, 1, 2], "texture": "#0"},
				"east": {"uv": [6, 7, 5, 8], "texture": "#0"},
				"south": {"uv": [3.5, 2, 1, 3], "texture": "#0"},
				"west": {"uv": [5, 7, 4, 8], "texture": "#0"},
				"up": {"uv": [1, 4, 3.5, 3], "texture": "#0"},
				"down": {"uv": [3.5, 1, 6, 2], "texture": "#0"}
			}
		},
		{
			"name": "string",
			"from": [-0.5, 0.66, 9.27],
			"to": [3.5, 1.06, 9.77],
			"rotation": {"angle": 0, "axis": "y", "origin": [8.94186, 1.615, 8.52]},
			"faces": {
				"north": {"uv": [2.5, 0.5, 0.5, 0.7], "texture": "#0"},
				"east": {"uv": [0.25, 0.5, 0, 0.7], "texture": "#0"},
				"south": {"uv": [3, 0.75, 1, 0.95], "texture": "#0"},
				"west": {"uv": [0.25, 0.5, 0, 0.7], "texture": "#0"},
				"up": {"uv": [0.5, 0.5, 2.5, 0.25], "texture": "#0"},
				"down": {"uv": [0.5, 0, 2.5, 0.25], "texture": "#0"}
			}
		},
		{
			"name": "string",
			"from": [6.5, 0.66, 10.27],
			"to": [8, 1.06, 10.77],
			"rotation": {"angle": 0, "axis": "y", "origin": [8.94186, 1.615, 8.52]},
			"faces": {
				"north": {"uv": [2.25, 0.5, 1.5, 0.7], "texture": "#0"},
				"east": {"uv": [3.25, 0.5, 3, 0.7], "texture": "#0"},
				"south": {"uv": [2, 0.75, 1.25, 0.95], "texture": "#0"},
				"west": {"uv": [3.75, 0, 3.5, 0.2], "texture": "#0"},
				"up": {"uv": [1.5, 0.5, 2.25, 0.25], "texture": "#0"},
				"down": {"uv": [1.5, 0, 2.25, 0.25], "texture": "#0"}
			}
		},
		{
			"name": "string",
			"from": [3.5, 0.66, 9.77],
			"to": [6.5, 1.06, 10.27],
			"rotation": {"angle": 0, "axis": "y", "origin": [8.94186, 1.615, 8.52]},
			"faces": {
				"north": {"uv": [2, 0.5, 0.5, 0.7], "texture": "#0"},
				"east": {"uv": [3.75, 0.5, 3.5, 0.7], "texture": "#0"},
				"south": {"uv": [3, 0.75, 1.5, 0.95], "texture": "#0"},
				"west": {"uv": [0.25, 1, 0, 1.2], "texture": "#0"},
				"up": {"uv": [0.5, 0.5, 2, 0.25], "texture": "#0"},
				"down": {"uv": [0.5, 0, 2, 0.25], "texture": "#0"}
			}
		},
		{
			"name": "string",
			"from": [9.5, 0.66, 9.77],
			"to": [12.5, 1.06, 10.27],
			"rotation": {"angle": 0, "axis": "y", "origin": [7.05814, 1.615, 8.52]},
			"faces": {
				"north": {"uv": [0.5, 0.5, 2, 0.7], "texture": "#0"},
				"east": {"uv": [0, 1, 0.25, 1.2], "texture": "#0"},
				"south": {"uv": [1.5, 0.75, 3, 0.95], "texture": "#0"},
				"west": {"uv": [3.5, 0.5, 3.75, 0.7], "texture": "#0"},
				"up": {"uv": [2, 0.5, 0.5, 0.25], "texture": "#0"},
				"down": {"uv": [2, 0, 0.5, 0.25], "texture": "#0"}
			}
		},
		{
			"name": "string",
			"from": [8, 0.66, 10.27],
			"to": [9.5, 1.06, 10.77],
			"rotation": {"angle": 0, "axis": "y", "origin": [7.05814, 1.615, 8.52]},
			"faces": {
				"north": {"uv": [1.5, 0.5, 2.25, 0.7], "texture": "#0"},
				"east": {"uv": [3.5, 0, 3.75, 0.2], "texture": "#0"},
				"south": {"uv": [1.25, 0.75, 2, 0.95], "texture": "#0"},
				"west": {"uv": [3, 0.5, 3.25, 0.7], "texture": "#0"},
				"up": {"uv": [2.25, 0.5, 1.5, 0.25], "texture": "#0"},
				"down": {"uv": [2.25, 0, 1.5, 0.25], "texture": "#0"}
			}
		},
		{
			"from": [6.001, 0.251, 3.251],
			"to": [7.999, 0.999, 4.749],
			"faces": {
				"north": {"uv": [6, 2.625, 7, 3], "texture": "#0"},
				"east": {"uv": [6, 2.125, 6.75, 2.5], "texture": "#0"},
				"south": {"uv": [6, 2.625, 7, 3], "texture": "#0"},
				"west": {"uv": [6, 2.125, 6.75, 2.5], "texture": "#0"},
				"up": {"uv": [6, 1.125, 7, 1.875], "texture": "#0"},
				"down": {"uv": [6, 1.125, 7, 1.875], "texture": "#0"}
			}
		},
		{
			"name": "arrow_3",
			"from": [7.96967, 0.75967, 9.75],
			"to": [7.96967, 1.25967, 10.25],
			"rotation": {"angle": -45, "axis": "z", "origin": [7.96967, 1.00967, 6.25]},
			"faces": {
				"north": {"uv": [0.5, 1, 0, 1.5], "texture": "#1"},
				"east": {"uv": [0, 1, 0.5, 1.5], "texture": "#1"},
				"south": {"uv": [0.5, 1, 0, 1.5], "texture": "#1"},
				"west": {"uv": [0.5, 1, 0, 1.5], "texture": "#1"},
				"up": {"uv": [0.5, 1, 0, 1.5], "rotation": 90, "texture": "#1"},
				"down": {"uv": [0.5, 1, 0, 1.5], "rotation": 270, "texture": "#1"}
			}
		},
		{
			"name": "arrow_1",
			"from": [7.96967, 0.25967, 8.25],
			"to": [7.96967, 1.75967, 9.75],
			"rotation": {"angle": -45, "axis": "z", "origin": [7.96967, 1.00967, 6.25]},
			"faces": {
				"north": {"uv": [2, 0.5, 1.5, 2], "texture": "#1"},
				"east": {"uv": [0.5, 0.5, 2, 2], "texture": "#1"},
				"south": {"uv": [1, 0.5, 0.5, 2], "texture": "#1"},
				"west": {"uv": [2, 0.5, 0.5, 2], "texture": "#1"},
				"up": {"uv": [2, 0.5, 0.5, 1], "rotation": 90, "texture": "#1"},
				"down": {"uv": [2, 1.5, 0.5, 2], "rotation": 270, "texture": "#1"}
			}
		},
		{
			"name": "arrow_0",
			"from": [7.96967, 1.75967, 8.75],
			"to": [7.96967, 2.25967, 10.25],
			"rotation": {"angle": -45, "axis": "z", "origin": [7.96967, 1.00967, 6.25]},
			"faces": {
				"north": {"uv": [1.5, 0, 1, 0.5], "texture": "#1"},
				"east": {"uv": [0, 0, 1.5, 0.5], "texture": "#1"},
				"south": {"uv": [0.5, 0, 0, 0.5], "texture": "#1"},
				"west": {"uv": [1.5, 0, 0, 0.5], "texture": "#1"},
				"up": {"uv": [1.5, 0, 0, 0.5], "rotation": 90, "texture": "#1"},
				"down": {"uv": [1.5, 0, 0, 0.5], "rotation": 270, "texture": "#1"}
			}
		},
		{
			"name": "arrow_6",
			"from": [7.96967, -0.24033, 8.75],
			"to": [7.96967, 0.25967, 10.25],
			"rotation": {"angle": -45, "axis": "z", "origin": [7.96967, 1.00967, 6.25]},
			"faces": {
				"north": {"uv": [1.5, 2, 1, 2.5], "texture": "#1"},
				"east": {"uv": [0, 2, 1.5, 2.5], "texture": "#1"},
				"south": {"uv": [0.5, 2, 0, 2.5], "texture": "#1"},
				"west": {"uv": [1.5, 2, 0, 2.5], "texture": "#1"},
				"up": {"uv": [1.5, 2, 0, 2.5], "rotation": 90, "texture": "#1"},
				"down": {"uv": [1.5, 2, 0, 2.5], "rotation": 270, "texture": "#1"}
			}
		},
		{
			"name": "arrow_4",
			"from": [7.96967, 0.75967, 3.75],
			"to": [7.96967, 1.25967, 8.25],
			"rotation": {"angle": -45, "axis": "z", "origin": [7.96967, 1.00967, 6.25]},
			"faces": {
				"north": {"uv": [6.5, 1, 6, 1.5], "texture": "#1"},
				"east": {"uv": [2, 1, 6.5, 1.5], "texture": "#1"},
				"south": {"uv": [2.5, 1, 2, 1.5], "texture": "#1"},
				"west": {"uv": [6.5, 1, 2, 1.5], "texture": "#1"},
				"up": {"uv": [6.5, 1, 2, 1.5], "rotation": 90, "texture": "#1"},
				"down": {"uv": [6.5, 1, 2, 1.5], "rotation": 270, "texture": "#1"}
			}
		},
		{
			"name": "arrow_2",
			"from": [7.96967, 0.25967, 2.75],
			"to": [7.96967, 1.75967, 3.75],
			"rotation": {"angle": -45, "axis": "z", "origin": [7.96967, 1.00967, 6.25]},
			"faces": {
				"north": {"uv": [7.5, 0.5, 7, 2], "texture": "#1"},
				"east": {"uv": [6.5, 0.5, 7.5, 2], "texture": "#1"},
				"south": {"uv": [7, 0.5, 6.5, 2], "texture": "#1"},
				"west": {"uv": [7.5, 0.5, 6.5, 2], "texture": "#1"},
				"up": {"uv": [7.5, 0.5, 6.5, 1], "rotation": 90, "texture": "#1"},
				"down": {"uv": [7.5, 1.5, 6.5, 2], "rotation": 270, "texture": "#1"}
			}
		},
		{
			"name": "arrow_5",
			"from": [7.96967, 0.75967, 2.25],
			"to": [7.96967, 1.25967, 2.75],
			"rotation": {"angle": -45, "axis": "z", "origin": [7.96967, 1.00967, 6.25]},
			"faces": {
				"north": {"uv": [8, 1, 7.5, 1.5], "texture": "#1"},
				"east": {"uv": [7.5, 1, 8, 1.5], "texture": "#1"},
				"south": {"uv": [8, 1, 7.5, 1.5], "texture": "#1"},
				"west": {"uv": [8, 1, 7.5, 1.5], "texture": "#1"},
				"up": {"uv": [8, 1, 7.5, 1.5], "rotation": 90, "texture": "#1"},
				"down": {"uv": [8, 1, 7.5, 1.5], "rotation": 270, "texture": "#1"}
			}
		},
		{
			"name": "arrow_4",
			"from": [7.71967, 1.00967, 9.75],
			"to": [8.21967, 1.00967, 10.25],
			"rotation": {"angle": -45, "axis": "z", "origin": [7.96967, 1.00967, 6.25]},
			"faces": {
				"north": {"uv": [0.5, 1, 0, 1.5], "rotation": 90, "texture": "#1"},
				"east": {"uv": [0.5, 1, 0, 1.5], "rotation": 180, "texture": "#1"},
				"south": {"uv": [0.5, 1, 0, 1.5], "rotation": 270, "texture": "#1"},
				"west": {"uv": [0.5, 1, 0, 1.5], "texture": "#1"},
				"up": {"uv": [0, 1, 0.5, 1.5], "rotation": 270, "texture": "#1"},
				"down": {"uv": [0.5, 1, 0, 1.5], "rotation": 270, "texture": "#1"}
			}
		},
		{
			"name": "arrow_2",
			"from": [7.21967, 1.00967, 8.25],
			"to": [8.71967, 1.00967, 9.75],
			"rotation": {"angle": -45, "axis": "z", "origin": [7.96967, 1.00967, 6.25]},
			"faces": {
				"north": {"uv": [2, 0.5, 1.5, 2], "rotation": 90, "texture": "#1"},
				"east": {"uv": [2, 1.5, 0.5, 2], "rotation": 180, "texture": "#1"},
				"south": {"uv": [1, 0.5, 0.5, 2], "rotation": 270, "texture": "#1"},
				"west": {"uv": [2, 0.5, 0.5, 1], "texture": "#1"},
				"up": {"uv": [0.5, 0.5, 2, 2], "rotation": 270, "texture": "#1"},
				"down": {"uv": [2, 0.5, 0.5, 2], "rotation": 270, "texture": "#1"}
			}
		},
		{
			"name": "arrow_1",
			"from": [6.71967, 1.00967, 8.75],
			"to": [7.21967, 1.00967, 10.25],
			"rotation": {"angle": -45, "axis": "z", "origin": [7.96967, 1.00967, 6.25]},
			"faces": {
				"north": {"uv": [1.5, 0, 1, 0.5], "rotation": 90, "texture": "#1"},
				"east": {"uv": [1.5, 0, 0, 0.5], "rotation": 180, "texture": "#1"},
				"south": {"uv": [0.5, 0, 0, 0.5], "rotation": 270, "texture": "#1"},
				"west": {"uv": [1.5, 0, 0, 0.5], "texture": "#1"},
				"up": {"uv": [0, 0, 1.5, 0.5], "rotation": 270, "texture": "#1"},
				"down": {"uv": [1.5, 0, 0, 0.5], "rotation": 270, "texture": "#1"}
			}
		},
		{
			"name": "arrow_7",
			"from": [8.71967, 1.00967, 8.75],
			"to": [9.21967, 1.00967, 10.25],
			"rotation": {"angle": -45, "axis": "z", "origin": [7.96967, 1.00967, 6.25]},
			"faces": {
				"north": {"uv": [1.5, 0.5, 1, 0], "rotation": 90, "texture": "#1"},
				"east": {"uv": [0, 0, 1.5, 0.5], "texture": "#1"},
				"south": {"uv": [0.5, 0.5, 0, 0], "rotation": 270, "texture": "#1"},
				"west": {"uv": [0, 0, 1.5, 0.5], "rotation": 180, "texture": "#1"},
				"up": {"uv": [0, 0.5, 1.5, 0], "rotation": 270, "texture": "#1"},
				"down": {"uv": [1.5, 0.5, 0, 0], "rotation": 270, "texture": "#1"}
			}
		},
		{
			"name": "arrow_5",
			"from": [7.71967, 1.00967, 3.75],
			"to": [8.21967, 1.00967, 8.25],
			"rotation": {"angle": -45, "axis": "z", "origin": [7.96967, 1.00967, 6.25]},
			"faces": {
				"north": {"uv": [6.5, 1, 6, 1.5], "rotation": 90, "texture": "#1"},
				"east": {"uv": [6.5, 1, 2, 1.5], "rotation": 180, "texture": "#1"},
				"south": {"uv": [2.5, 1, 2, 1.5], "rotation": 270, "texture": "#1"},
				"west": {"uv": [6.5, 1, 2, 1.5], "texture": "#1"},
				"up": {"uv": [2, 1, 6.5, 1.5], "rotation": 270, "texture": "#1"},
				"down": {"uv": [6.5, 1, 2, 1.5], "rotation": 270, "texture": "#1"}
			}
		},
		{
			"name": "arrow_3",
			"from": [7.21967, 1.00967, 2.75],
			"to": [8.71967, 1.00967, 3.75],
			"rotation": {"angle": -45, "axis": "z", "origin": [7.96967, 1.00967, 6.25]},
			"faces": {
				"north": {"uv": [7.5, 0.5, 7, 2], "rotation": 90, "texture": "#1"},
				"east": {"uv": [7.5, 1.5, 6.5, 2], "rotation": 180, "texture": "#1"},
				"south": {"uv": [7, 0.5, 6.5, 2], "rotation": 270, "texture": "#1"},
				"west": {"uv": [7.5, 0.5, 6.5, 1], "texture": "#1"},
				"up": {"uv": [6.5, 0.5, 7.5, 2], "rotation": 270, "texture": "#1"},
				"down": {"uv": [7.5, 0.5, 6.5, 2], "rotation": 270, "texture": "#1"}
			}
		},
		{
			"name": "arrow_6",
			"from": [7.71967, 1.00967, 2.25],
			"to": [8.21967, 1.00967, 2.75],
			"rotation": {"angle": -45, "axis": "z", "origin": [7.96967, 1.00967, 6.25]},
			"faces": {
				"north": {"uv": [8, 1, 7.5, 1.5], "rotation": 90, "texture": "#1"},
				"east": {"uv": [8, 1, 7.5, 1.5], "rotation": 180, "texture": "#1"},
				"south": {"uv": [8, 1, 7.5, 1.5], "rotation": 270, "texture": "#1"},
				"west": {"uv": [8, 1, 7.5, 1.5], "texture": "#1"},
				"up": {"uv": [7.5, 1, 8, 1.5], "rotation": 270, "texture": "#1"},
				"down": {"uv": [8, 1, 7.5, 1.5], "rotation": 270, "texture": "#1"}
			}
		},
		{
			"from": [8.001, 0.251, 3.251],
			"to": [9.999, 0.999, 4.749],
			"rotation": {"angle": 0, "axis": "y", "origin": [16, 0, 0]},
			"faces": {
				"north": {"uv": [7, 2.625, 6, 3], "texture": "#0"},
				"east": {"uv": [6.75, 2.125, 6, 2.5], "texture": "#0"},
				"south": {"uv": [7, 2.625, 6, 3], "texture": "#0"},
				"west": {"uv": [6.75, 2.125, 6, 2.5], "texture": "#0"},
				"up": {"uv": [7, 1.125, 6, 1.875], "texture": "#0"},
				"down": {"uv": [7, 1.125, 6, 1.875], "texture": "#0"}
			}
		},
		{
			"name": "string",
			"from": [12.5, 0.66, 9.27],
			"to": [16.5, 1.06, 9.77],
			"rotation": {"angle": 0, "axis": "y", "origin": [7.05814, 1.615, 8.52]},
			"faces": {
				"north": {"uv": [0.5, 0.5, 2.5, 0.7], "texture": "#0"},
				"east": {"uv": [0, 0.5, 0.25, 0.7], "texture": "#0"},
				"south": {"uv": [1, 0.75, 3, 0.95], "texture": "#0"},
				"west": {"uv": [0, 0.5, 0.25, 0.7], "texture": "#0"},
				"up": {"uv": [2.5, 0.5, 0.5, 0.25], "texture": "#0"},
				"down": {"uv": [2.5, 0, 0.5, 0.25], "texture": "#0"}
			}
		}
	],
	"gui_light": "front",
	"display": {
		"thirdperson_righthand": {
			"rotation": [0, 0, 90],
			"translation": [-7.5, -2.75, 3.25]
		},
		"thirdperson_lefthand": {
			"rotation": [0, 0, 90],
			"translation": [-7.5, -1, 3.25]
		},
		"firstperson_righthand": {
			"rotation": [20.06, 29.43, 88.14],
			"translation": [-4, 2.5, 4.5],
			"scale": [0.66, 0.66, 0.66]
		},
		"firstperson_lefthand": {
			"rotation": [23.14, -31, 95.13],
			"translation": [-4.25, 3.5, 0.25],
			"scale": [0.66, 0.66, 0.66]
		},
		"ground": {
			"rotation": [37.74, -3.64, -86.39],
			"translation": [3.5, 5, 1.25],
			"scale": [0.5, 0.5, 0.5]
		},
		"gui": {
			"rotation": [90, 45, 0],
			"translation": [0, 0.25, 0],
			"scale": [0.88, 0.88, 0.88]
		},
		"head": {
			"translation": [0, 15.75, 0]
		},
		"fixed": {
			"rotation": [90, -45, 0],
			"translation": [-0.75, 1, 7.25]
		}
	},
	"groups": [
		{
			"name": "group",
			"origin": [9.01175, 1.74, 6.3313],
			"color": 0,
			"nbt": "{}",
			"children": [
				0,
				{
					"name": "group",
					"origin": [17.04107, 0.9275, 7.24945],
					"color": 0,
					"nbt": "{}",
					"children": [1, 2, 3, 4]
				},
				5
			]
		},
		{
			"name": "group",
			"origin": [-0.94186, 1.615, 8.52],
			"color": 0,
			"nbt": "{}",
			"children": []
		},
		{
			"name": "group",
			"origin": [9.01175, 1.74, 6.3313],
			"color": 0,
			"nbt": "{}",
			"children": []
		},
		{
			"name": "group",
			"origin": [9.01175, 1.74, 6.3313],
			"color": 0,
			"nbt": "{}",
			"children": []
		},
		{
			"name": "group",
			"origin": [9.01175, 1.74, 6.3313],
			"color": 0,
			"nbt": "{}",
			"children": []
		},
		{
			"name": "group",
			"origin": [9.01175, 1.74, 6.3313],
			"color": 0,
			"nbt": "{}",
			"children": []
		},
		{
			"name": "group",
			"origin": [6.98825, 1.74, 6.3313],
			"color": 0,
			"nbt": "{}",
			"children": [
				{
					"name": "group",
					"origin": [-1.04107, 0.9275, 7.24945],
					"color": 0,
					"nbt": "{}",
					"children": [6, 7, 8, 9]
				},
				10,
				11
			]
		},
		{
			"name": "group",
			"origin": [16.94186, 1.615, 8.52],
			"color": 0,
			"nbt": "{}",
			"children": [12, 13, 14]
		},
		{
			"name": "group",
			"origin": [-0.94186, 1.615, 8.52],
			"color": 0,
			"nbt": "{}",
			"children": [15, 16]
		},
		17,
		{
			"name": "arrow",
			"origin": [8, 8, 8],
			"color": 0,
			"nbt": "{}",
			"children": [
				{
					"name": "group",
					"origin": [16, 0, 0],
					"color": 0,
					"nbt": "{}",
					"children": [18, 19, 20, 21, 22, 23, 24]
				},
				{
					"name": "group",
					"origin": [16, 0, 0],
					"color": 0,
					"nbt": "{}",
					"children": [25, 26, 27, 28, 29, 30, 31]
				}
			]
		},
		32,
		{
			"name": "group",
			"origin": [-0.94186, 1.615, 8.52],
			"color": 0,
			"nbt": "{}",
			"children": [33]
		}
	]
}