{"texture_size":[32,32],"elements":[{"from":[3.5,4,3],"to":[12.5,9,8],"rotation":{"angle":0,"axis":"y","origin":[7,4,7.5]},"faces":{"north":{"uv":[0,0,4.5,2.5],"texture":"#0"},"east":{"uv":[0,7.5,2.5,10],"texture":"#0"},"south":{"uv":[0,2.5,4.5,5],"texture":"#0"},"west":{"uv":[2.5,7.5,5,10],"texture":"#0"},"up":{"uv":[9,2.5,4.5,0],"texture":"#0"},"down":{"uv":[9,2.5,4.5,5],"texture":"#0"}}},{"from":[3.5,5,8],"to":[12.5,7,13],"rotation":{"angle":0,"axis":"y","origin":[7,5,13.5]},"faces":{"north":{"uv":[9,0,13.5,1],"texture":"#0"},"east":{"uv":[9,6,11.5,7],"texture":"#0"},"south":{"uv":[9,1,13.5,2],"texture":"#0"},"west":{"uv":[8,9.5,10.5,10.5],"texture":"#0"},"up":{"uv":[4.5,7.5,0,5],"texture":"#0"},"down":{"uv":[9,5,4.5,7.5],"texture":"#0"}}},{"name":"cube inverted","from":[12.5,7,13],"to":[3.5,5,8],"rotation":{"angle":0,"axis":"y","origin":[7,5,13.5]},"faces":{"north":{"uv":[9,2,13.5,1],"texture":"#0"},"east":{"uv":[8,10.5,10.5,9.5],"texture":"#0"},"south":{"uv":[9,1,13.5,0],"texture":"#0"},"west":{"uv":[9,7,11.5,6],"texture":"#0"},"up":{"uv":[4.5,5,9,7.5],"texture":"#0"},"down":{"uv":[0,7.5,4.5,5],"texture":"#0"}}},{"from":[-1.5,4.5,4],"to":[3.5,8.5,5],"rotation":{"angle":0,"axis":"y","origin":[7,4,8.5]},"faces":{"north":{"uv":[5,7.5,7.5,9.5],"texture":"#0"},"east":{"uv":[2,12.5,2.5,14.5],"texture":"#0"},"south":{"uv":[7.5,7.5,10,9.5],"texture":"#0"},"west":{"uv":[2.5,12.5,3,14.5],"texture":"#0"},"up":{"uv":[14.5,11,12,10.5],"texture":"#0"},"down":{"uv":[14.5,11,12,11.5],"texture":"#0"}}},{"from":[10,9.25,0.75],"to":[11,10.25,7.75],"rotation":{"angle":22.5,"axis":"x","origin":[10.5,9,3]},"faces":{"north":{"uv":[9,7,9.5,7.5],"texture":"#0"},"east":{"uv":[11,5.5,14.5,6],"texture":"#0"},"south":{"uv":[9.5,7,10,7.5],"texture":"#0"},"west":{"uv":[11.5,6,15,6.5],"texture":"#0"},"up":{"uv":[5,13.5,4.5,10],"texture":"#0"},"down":{"uv":[4.5,11.5,4,15],"texture":"#0"}}},{"from":[9.5,8.75,-1.25],"to":[11.5,10.75,1.75],"rotation":{"angle":22.5,"axis":"x","origin":[10.5,9,3]},"faces":{"north":{"uv":[0,12.5,1,13.5],"texture":"#0"},"east":{"uv":[8,12,9.5,13],"texture":"#0"},"south":{"uv":[1,12.5,2,13.5],"texture":"#0"},"west":{"uv":[12,8,13.5,9],"texture":"#0"},"up":{"uv":[13,10.5,12,9],"texture":"#0"},"down":{"uv":[10.5,12,9.5,13.5],"texture":"#0"}}},{"from":[6.5,9,3],"to":[9.5,10,8],"rotation":{"angle":0,"axis":"y","origin":[7,5,7.5]},"faces":{"north":{"uv":[12,11.5,13.5,12],"texture":"#0"},"east":{"uv":[12,5,14.5,5.5],"texture":"#0"},"south":{"uv":[12.5,2,14,2.5],"texture":"#0"},"west":{"uv":[10.5,12,13,12.5],"texture":"#0"},"up":{"uv":[6.5,12,5,9.5],"texture":"#0"},"down":{"uv":[8,9.5,6.5,12],"texture":"#0"}}},{"from":[3.5,9,3],"to":[6.5,12,5],"rotation":{"angle":0,"axis":"y","origin":[9,5,7.5]},"faces":{"north":{"uv":[9.5,10.5,11,12],"texture":"#0"},"east":{"uv":[11.5,6.5,12.5,8],"texture":"#0"},"south":{"uv":[11,2,12.5,3.5],"texture":"#0"},"west":{"uv":[12,3.5,13,5],"texture":"#0"},"up":{"uv":[6.5,13,5,12],"texture":"#0"},"down":{"uv":[8,12,6.5,13],"texture":"#0"}}},{"from":[5,5.5,0.25],"to":[8,8.5,3.25],"rotation":{"angle":0,"axis":"y","origin":[6,5,7.75]},"faces":{"north":{"uv":[0,10,1.5,11.5],"texture":"#0"},"east":{"uv":[1.5,10,3,11.5],"texture":"#0"},"south":{"uv":[3,10,4.5,11.5],"texture":"#0"},"west":{"uv":[10,7,11.5,8.5],"texture":"#0"},"up":{"uv":[9.5,12,8,10.5],"texture":"#0"},"down":{"uv":[12,8.5,10.5,10],"texture":"#0"}}},{"from":[4,4.5,-1.75],"to":[9,9.5,0.25],"rotation":{"angle":0,"axis":"y","origin":[6,5,7.75]},"faces":{"north":{"uv":[13,12,15.5,14.5],"texture":"#0"},"east":{"uv":[9,2,10,4.5],"texture":"#0"},"south":{"uv":[13.5,7.5,16,10],"texture":"#0"},"west":{"uv":[10,2,11,4.5],"texture":"#0"},"up":{"uv":[11.5,5.5,9,4.5],"texture":"#0"},"down":{"uv":[2.5,11.5,0,12.5],"texture":"#0"}}}],"gui_light":"front","display":{"thirdperson_righthand":{"rotation":[68,0,0],"translation":[0,-1,1],"scale":[0.8,0.8,0.8]},"thirdperson_lefthand":{"rotation":[68,0,0],"translation":[0,-1,1],"scale":[0.8,0.8,0.8]},"firstperson_righthand":{"translation":[2.5,1.5,0],"scale":[0.9,0.9,0.9]},"firstperson_lefthand":{"translation":[1.5,1.5,0],"scale":[0.9,0.9,0.9]},"ground":{"translation":[0,2,2],"scale":[0.8,0.8,0.8]},"gui":{"rotation":[22.5,135,0],"translation":[1,1.75,0]},"head":{"rotation":[7,0,0],"translation":[0,6,0],"scale":[1.61,1.61,1.61]},"fixed":{"rotation":[-90,0,0],"translation":[0,4,-8],"scale":[2,2,2]}}}