{"texture_size":[32,32],"elements":[{"from":[3,2,3],"to":[13,12,13],"rotation":{"angle":0,"axis":"y","origin":[7,0,7]},"faces":{"north":{"uv":[6,0,11,5],"texture":"#0"},"east":{"uv":[6,0,11,5],"texture":"#0"},"south":{"uv":[6,0,11,5],"texture":"#0"},"west":{"uv":[6,0,11,5],"texture":"#0"},"up":{"uv":[16,5,11,0],"texture":"#0"},"down":{"uv":[16,5,11,10],"texture":"#0"}}},{"from":[2,-2.75,1.75],"to":[14,2.25,2.75],"rotation":{"angle":0,"axis":"y","origin":[7,0.25,6.75]},"faces":{"north":{"uv":[9.5,13.5,15.5,16],"texture":"#0"},"east":{"uv":[9,13.5,9.5,16],"texture":"#0"},"west":{"uv":[15.5,13.5,16,16],"texture":"#0"},"up":{"uv":[15.5,13,9.5,12.5],"texture":"#0"},"down":{"uv":[15.5,13,9.5,13.5],"texture":"#0"}}},{"name":"cube inverted","from":[14,2.25,2.75],"to":[2,-2.75,1.75],"rotation":{"angle":0,"axis":"y","origin":[7,0.25,6.75]},"faces":{"east":{"uv":[15.5,16,16,13.5],"texture":"#0"},"south":{"uv":[9.5,16,15.5,13.5],"texture":"#0"},"west":{"uv":[9,16,9.5,13.5],"texture":"#0"},"up":{"uv":[9.5,13,15.5,13.5],"texture":"#0"},"down":{"uv":[9.5,13,15.5,12.5],"texture":"#0"}}},{"from":[3,2.25,2.75],"to":[13,6.25,2.75],"rotation":{"angle":0,"axis":"y","origin":[7,0.25,6.75]},"faces":{"north":{"uv":[10,10.5,15,12.5],"texture":"#0"},"east":{"uv":[6,7.5,6,9.5],"texture":"#0"},"south":{"uv":[10,10.5,15,12.5],"texture":"#0"},"west":{"uv":[6,7.5,6,9.5],"texture":"#0"},"up":{"uv":[15,10.5,10,10.5],"texture":"#0"},"down":{"uv":[15,10.5,10,10.5],"texture":"#0"}}},{"from":[2,0,2],"to":[14,2,14],"rotation":{"angle":0,"axis":"y","origin":[7,0,7]},"faces":{"north":{"uv":[0,12,6,13],"texture":"#0"},"east":{"uv":[0,12,6,13],"texture":"#0"},"south":{"uv":[0,12,6,13],"texture":"#0"},"west":{"uv":[0,12,6,13],"texture":"#0"},"up":{"uv":[6,6,0,0],"texture":"#0"},"down":{"uv":[6,6,0,12],"texture":"#0"}}}],"gui_light":"front","display":{"thirdperson_righthand":{"rotation":[40,0,0],"translation":[0,1.5,0],"scale":[0.7,0.7,0.7]},"thirdperson_lefthand":{"rotation":[40,0,0],"translation":[0,1.5,0],"scale":[0.7,0.7,0.7]},"firstperson_righthand":{"translation":[1,2,0],"scale":[0.7,0.7,0.7]},"firstperson_lefthand":{"translation":[1,2,0],"scale":[0.7,0.7,0.7]},"ground":{"translation":[0,5,0],"scale":[0.75,0.75,0.75]},"gui":{"rotation":[22.5,135,0],"translation":[0,1.75,0],"scale":[0.85,0.85,0.85]},"head":{"translation":[0,4.25,0],"scale":[1.61,1.61,1.61]},"fixed":{"rotation":[-90,0,0],"translation":[0,0,-21.5],"scale":[2.7,2.7,2.7]}}}