{
	"texture_size": [32, 32],
	"textures": {
		"0": "./balaklava",
		"particle": "./balaklava"
	},
	"elements": [
		{
			"from": [4, 0, 4],
			"to": [12, 8, 12],
			"faces": {
				"north": {"uv": [0, 0, 4, 4], "texture": "#0"},
				"east": {"uv": [0, 4, 4, 8], "texture": "#0"},
				"south": {"uv": [4, 0, 8, 4], "texture": "#0"},
				"west": {"uv": [4, 4, 8, 8], "texture": "#0"},
				"up": {"uv": [4, 12, 0, 8], "texture": "#0"},
				"down": {"uv": [12, 0, 8, 4], "texture": "#0"}
			}
		},
		{
			"from": [3.7, -0.4, 3.7],
			"to": [12.3, 8.2, 12.3],
			"faces": {
				"north": {"uv": [12, 12, 8, 16], "texture": "#0"},
				"east": {"uv": [16, 12, 12, 16], "texture": "#0"},
				"south": {"uv": [8, 12, 4, 16], "texture": "#0"},
				"west": {"uv": [16, 12, 12, 16], "texture": "#0"},
				"up": {"uv": [4, 16, 0, 12], "texture": "#0"},
				"down": {"uv": [16, 8, 12, 12], "texture": "#0"}
			}
		}
	],
	"display": {
		"thirdperson_righthand": {
			"rotation": [45, 0, 0],
			"translation": [0, 0, 0.25],
			"scale": [0.51, 0.6, 0.3]
		},
		"thirdperson_lefthand": {
			"rotation": [45, 0, 0],
			"translation": [0, 0, 0.25],
			"scale": [0.51, 0.6, 0.3]
		},
		"firstperson_righthand": {
			"rotation": [0, 0, 15],
			"translation": [1.13, 3.2, 1.13],
			"scale": [0.68, 0.68, 0.68]
		},
		"firstperson_lefthand": {
			"rotation": [0, 0, 15],
			"translation": [1.13, 3.2, 1.13],
			"scale": [0.68, 0.68, 0.68]
		},
		"ground": {
			"translation": [0, 3, 0],
			"scale": [0.25, 0.25, 0.25]
		},
		"gui": {
			"rotation": [30, 225, 0],
			"translation": [0.25, 3.25, 0]
		},
		"head": {
			"translation": [0, 6.75, 0],
			"scale": [1.7, 1.7, 1.7]
		},
		"fixed": {
			"translation": [0, 5.5, 0.75],
			"scale": [1.4, 1.45, 1.2]
		}
	}
}