{
	"credit": "Made with Blockbench",
	"texture_size": [32, 32],
	"textures": {
		"0": "./scythe_texture",
		"particle": "./scythe_texture"
	},
	"elements": [
		{
			"from": [7.4, -3, 8.6],
			"to": [8.6, 10.9, 9.4],
			"rotation": {"angle": 0, "axis": "y", "origin": [7, 0, 8]},
			"faces": {
				"north": {"uv": [0, 0, 0.625, 6.9375], "texture": "#0"},
				"east": {"uv": [2, 0, 2.375, 6.9375], "texture": "#0"},
				"south": {"uv": [1, 0, 1.625, 6.9375], "texture": "#0"},
				"west": {"uv": [2.5, 0, 2.875, 6.9375], "texture": "#0"},
				"up": {"uv": [1.125, 11.375, 0.5, 11], "texture": "#0"},
				"down": {"uv": [2.125, 11, 1.5, 11.375], "texture": "#0"}
			}
		},
		{
			"from": [7.4, 11.4, 8.6],
			"to": [8.6, 15.7, 9.4],
			"rotation": {"angle": 22.5, "axis": "z", "origin": [8, 12.4, 9]},
			"faces": {
				"north": {"uv": [4.5, 6, 5.125, 8.125], "texture": "#0"},
				"east": {"uv": [3.5, 7.5, 3.875, 9.625], "texture": "#0"},
				"south": {"uv": [5.5, 6, 6.125, 8.125], "texture": "#0"},
				"west": {"uv": [4, 7.5, 4.375, 9.625], "texture": "#0"},
				"up": {"uv": [11.625, 4.875, 11, 4.5], "texture": "#0"},
				"down": {"uv": [11.625, 5, 11, 5.375], "texture": "#0"}
			}
		},
		{
			"from": [5.5997, 12.0997, 8.6997],
			"to": [7.9003, 13.0003, 9.3003],
			"rotation": {"angle": -22.5, "axis": "z", "origin": [6.9, 12.4, 9]},
			"faces": {
				"north": {"uv": [5.5, 3.5, 6.625, 3.9375], "texture": "#0"},
				"east": {"uv": [2.5, 7, 2.8125, 7.4375], "texture": "#0"},
				"south": {"uv": [9, 1, 10.125, 1.4375], "texture": "#0"},
				"west": {"uv": [11.5, 1.5, 11.8125, 1.9375], "texture": "#0"},
				"up": {"uv": [7.125, 10.3125, 6, 10], "texture": "#0"},
				"down": {"uv": [11.125, 6.5, 10, 6.8125], "texture": "#0"}
			}
		},
		{
			"from": [4.10552, 14.26788, 8.7],
			"to": [5.00552, 16.86788, 9.3],
			"rotation": {"angle": -22.5, "axis": "z", "origin": [4.40552, 15.26788, 9]},
			"faces": {
				"north": {"uv": [9, 9, 9.4375, 10.3125], "texture": "#0"},
				"east": {"uv": [4.5, 10, 4.8125, 11.3125], "texture": "#0"},
				"south": {"uv": [0, 9.5, 0.4375, 10.8125], "texture": "#0"},
				"west": {"uv": [5, 10, 5.3125, 11.3125], "texture": "#0"},
				"up": {"uv": [3.9375, 11.8125, 3.5, 11.5], "texture": "#0"},
				"down": {"uv": [11.9375, 3.5, 11.5, 3.8125], "texture": "#0"}
			}
		},
		{
			"from": [4.78918, 12.53956, 8.7],
			"to": [5.68918, 15.13956, 9.3],
			"rotation": {"angle": 45, "axis": "z", "origin": [5.08918, 13.53956, 9]},
			"faces": {
				"north": {"uv": [8, 9, 8.4375, 10.3125], "texture": "#0"},
				"east": {"uv": [4, 10, 4.3125, 11.3125], "texture": "#0"},
				"south": {"uv": [8.5, 9, 8.9375, 10.3125], "texture": "#0"},
				"west": {"uv": [10, 4, 10.3125, 5.3125], "texture": "#0"},
				"up": {"uv": [11.9375, 2.8125, 11.5, 2.5], "texture": "#0"},
				"down": {"uv": [11.9375, 3, 11.5, 3.3125], "texture": "#0"}
			}
		},
		{
			"from": [7.3, 13.6, 8.5],
			"to": [8.7, 15.4, 9.5],
			"rotation": {"angle": 22.5, "axis": "z", "origin": [8, 12.4, 9]},
			"faces": {
				"north": {"uv": [1, 9, 1.6875, 9.875], "texture": "#0"},
				"east": {"uv": [1, 10, 1.5, 10.875], "texture": "#0"},
				"south": {"uv": [9, 2, 9.6875, 2.875], "texture": "#0"},
				"west": {"uv": [1.5, 10, 2, 10.875], "texture": "#0"},
				"up": {"uv": [10.6875, 7.5, 10, 7], "texture": "#0"},
				"down": {"uv": [10.6875, 7.5, 10, 8], "texture": "#0"}
			}
		},
		{
			"from": [7.3, 10.1, 8.5],
			"to": [8.7, 10.5, 9.5],
			"rotation": {"angle": 0, "axis": "z", "origin": [8, 7.8, 9]},
			"faces": {
				"north": {"uv": [4, 11.5, 4.6875, 11.6875], "texture": "#0"},
				"east": {"uv": [11.5, 7.5, 12, 7.6875], "texture": "#0"},
				"south": {"uv": [11.5, 4, 12.1875, 4.1875], "texture": "#0"},
				"west": {"uv": [11.5, 8, 12, 8.1875], "texture": "#0"},
				"up": {"uv": [10.1875, 10.5, 9.5, 10], "texture": "#0"},
				"down": {"uv": [11.1875, 1, 10.5, 1.5], "texture": "#0"}
			}
		},
		{
			"from": [7.3, 3.9, 8.5],
			"to": [8.7, 6.9, 9.5],
			"rotation": {"angle": 0, "axis": "y", "origin": [8, 2.9, 9]},
			"faces": {
				"north": {"uv": [6.5, 7, 7.1875, 8.5], "texture": "#0"},
				"east": {"uv": [2, 8, 2.5, 9.5], "texture": "#0"},
				"south": {"uv": [2.5, 7.5, 3.1875, 9], "texture": "#0"},
				"west": {"uv": [4.5, 8.5, 5, 10], "texture": "#0"},
				"up": {"uv": [11.1875, 4, 10.5, 3.5], "texture": "#0"},
				"down": {"uv": [11.1875, 4, 10.5, 4.5], "texture": "#0"}
			}
		},
		{
			"from": [7.1, -2, 8.4],
			"to": [8.9, -1.6, 9.6],
			"rotation": {"angle": 0, "axis": "y", "origin": [8, -4.3, 9]},
			"faces": {
				"north": {"uv": [1, 11.5, 1.875, 11.6875], "texture": "#0"},
				"east": {"uv": [11.5, 6.5, 12.125, 6.6875], "texture": "#0"},
				"south": {"uv": [11.5, 1, 12.375, 1.1875], "texture": "#0"},
				"west": {"uv": [11.5, 7, 12.125, 7.1875], "texture": "#0"},
				"up": {"uv": [10.375, 9.625, 9.5, 9], "texture": "#0"},
				"down": {"uv": [10.875, 0, 10, 0.625], "texture": "#0"}
			}
		},
		{
			"from": [7.3, -3, 8.5],
			"to": [8.7, -1.8, 9.5],
			"rotation": {"angle": 0, "axis": "y", "origin": [8, -5.3, 9]},
			"faces": {
				"north": {"uv": [10, 1.5, 10.6875, 2.125], "texture": "#0"},
				"east": {"uv": [10.5, 4.5, 11, 5.125], "texture": "#0"},
				"south": {"uv": [2.5, 10, 3.1875, 10.625], "texture": "#0"},
				"west": {"uv": [10.5, 5.5, 11, 6.125], "texture": "#0"},
				"up": {"uv": [11.1875, 3, 10.5, 2.5], "texture": "#0"},
				"down": {"uv": [11.1875, 3, 10.5, 3.5], "texture": "#0"}
			}
		},
		{
			"from": [7.1, -4.2, 8.3],
			"to": [8.9, -2.4, 9.7],
			"rotation": {"angle": -45, "axis": "z", "origin": [8, -3.3, 9]},
			"faces": {
				"north": {"uv": [1, 8, 1.875, 8.875], "texture": "#0"},
				"east": {"uv": [2.5, 9, 3.1875, 9.875], "texture": "#0"},
				"south": {"uv": [7.5, 8, 8.375, 8.875], "texture": "#0"},
				"west": {"uv": [9, 3, 9.6875, 3.875], "texture": "#0"},
				"up": {"uv": [5.875, 9.6875, 5, 9], "texture": "#0"},
				"down": {"uv": [6.875, 9, 6, 9.6875], "texture": "#0"}
			}
		},
		{
			"from": [7.2997, 13.9997, 8.5997],
			"to": [11.8003, 15.4003, 9.4003],
			"rotation": {"angle": 22.5, "axis": "z", "origin": [8, 12.4, 9]},
			"faces": {
				"north": {"uv": [5, 4, 7.25, 4.6875], "texture": "#0"},
				"east": {"uv": [10.5, 8, 10.875, 8.6875], "texture": "#0"},
				"south": {"uv": [5, 5, 7.25, 5.6875], "texture": "#0"},
				"west": {"uv": [9, 10.5, 9.375, 11.1875], "texture": "#0"},
				"up": {"uv": [9.75, 5.375, 7.5, 5], "texture": "#0"},
				"down": {"uv": [9.75, 5.5, 7.5, 5.875], "texture": "#0"}
			}
		},
		{
			"from": [7.2997, 12.8997, 8.9997],
			"to": [11.8003, 14.0003, 9.0003],
			"rotation": {"angle": 22.5, "axis": "z", "origin": [8, 12.4, 9]},
			"faces": {
				"north": {"uv": [6.5, 6, 8.75, 6.5625], "texture": "#0"},
				"east": {"uv": [0, 0, 0, 0.5625], "texture": "#0"},
				"south": {"uv": [0, 7, 2.25, 7.5625], "texture": "#0"},
				"west": {"uv": [0, 0, 0, 0.5625], "texture": "#0"},
				"up": {"uv": [2.25, 0, 0, 0], "texture": "#0"},
				"down": {"uv": [2.25, 0, 0, 0], "texture": "#0"}
			}
		},
		{
			"from": [3.30184, 13.61808, 8.6],
			"to": [7.50184, 15.01808, 9.4],
			"rotation": {"angle": 0, "axis": "z", "origin": [5.25184, 14.31808, 9]},
			"faces": {
				"north": {"uv": [3, 0, 5.5, 0.6875], "texture": "#0"},
				"east": {"uv": [10.5, 9, 10.875, 9.6875], "texture": "#0"},
				"south": {"uv": [3, 1, 5.5, 1.6875], "texture": "#0"},
				"west": {"uv": [9.5, 10.5, 9.875, 11.1875], "texture": "#0"},
				"up": {"uv": [10, 4.375, 7.5, 4], "texture": "#0"},
				"down": {"uv": [10, 4.5, 7.5, 4.875], "texture": "#0"}
			}
		},
		{
			"from": [3.40184, 13.51808, 8.3],
			"to": [4.10184, 15.11808, 9.7],
			"rotation": {"angle": 0, "axis": "y", "origin": [6.25184, 14.31808, 9]},
			"faces": {
				"north": {"uv": [6, 10.5, 6.375, 11.3125], "texture": "#0"},
				"east": {"uv": [9, 6, 9.6875, 6.8125], "texture": "#0"},
				"south": {"uv": [6.5, 10.5, 6.875, 11.3125], "texture": "#0"},
				"west": {"uv": [9.5, 8, 10.1875, 8.8125], "texture": "#0"},
				"up": {"uv": [10.375, 11.1875, 10, 10.5], "texture": "#0"},
				"down": {"uv": [10.875, 10, 10.5, 10.6875], "texture": "#0"}
			}
		},
		{
			"from": [10.36269, 13.92584, 9],
			"to": [14.86269, 15.42584, 9],
			"rotation": {"angle": 0, "axis": "z", "origin": [11.06269, 13.62584, 9]},
			"faces": {
				"north": {"uv": [3, 2, 5.25, 2.75], "texture": "#0"},
				"east": {"uv": [0, 0, 0, 0.75], "texture": "#0"},
				"south": {"uv": [3, 3, 5.25, 3.75], "texture": "#0"},
				"west": {"uv": [0, 0, 0, 0.75], "texture": "#0"},
				"up": {"uv": [2.25, 0, 0, 0], "texture": "#0"},
				"down": {"uv": [2.25, 0, 0, 0], "texture": "#0"}
			}
		},
		{
			"from": [10.36269, 15.32584, 8.6],
			"to": [14.86269, 16.62584, 9.4],
			"rotation": {"angle": 0, "axis": "y", "origin": [11.06269, 13.62584, 9]},
			"faces": {
				"north": {"uv": [5.5, 0, 7.75, 0.625], "texture": "#0"},
				"east": {"uv": [8.5, 11, 8.875, 11.625], "texture": "#0"},
				"south": {"uv": [5.5, 1, 7.75, 1.625], "texture": "#0"},
				"west": {"uv": [11, 10, 11.375, 10.625], "texture": "#0"},
				"up": {"uv": [9.75, 7.375, 7.5, 7], "texture": "#0"},
				"down": {"uv": [9.75, 7.5, 7.5, 7.875], "texture": "#0"}
			}
		},
		{
			"from": [13.66106, 15.38602, 8.5997],
			"to": [17.36166, 16.58662, 9.4003],
			"rotation": {"angle": -22.5, "axis": "z", "origin": [14.36136, 13.58632, 9]},
			"faces": {
				"north": {"uv": [7, 2, 8.875, 2.625], "texture": "#0"},
				"east": {"uv": [3, 11, 3.375, 11.625], "texture": "#0"},
				"south": {"uv": [7, 3, 8.875, 3.625], "texture": "#0"},
				"west": {"uv": [5.5, 11, 5.875, 11.625], "texture": "#0"},
				"up": {"uv": [9.875, 1.875, 8, 1.5], "texture": "#0"},
				"down": {"uv": [6.875, 8.5, 5, 8.875], "texture": "#0"}
			}
		},
		{
			"from": [13.66106, 13.68602, 8.9997],
			"to": [17.36166, 15.38662, 9.0003],
			"rotation": {"angle": -22.5, "axis": "z", "origin": [14.36136, 13.58632, 9]},
			"faces": {
				"north": {"uv": [3, 4, 4.875, 4.875], "texture": "#0"},
				"east": {"uv": [0, 0, 0, 0.875], "texture": "#0"},
				"south": {"uv": [3, 5, 4.875, 5.875], "texture": "#0"},
				"west": {"uv": [0, 0, 0, 0.875], "texture": "#0"},
				"up": {"uv": [1.875, 0, 0, 0], "texture": "#0"},
				"down": {"uv": [1.875, 0, 0, 0], "texture": "#0"}
			}
		},
		{
			"from": [17.36136, 15.98632, 8.6],
			"to": [18.86136, 16.58632, 9.4],
			"rotation": {"angle": -22.5, "axis": "z", "origin": [14.36136, 13.58632, 9]},
			"faces": {
				"north": {"uv": [11, 9, 11.75, 9.3125], "texture": "#0"},
				"east": {"uv": [6, 11.5, 6.375, 11.8125], "texture": "#0"},
				"south": {"uv": [11, 9.5, 11.75, 9.8125], "texture": "#0"},
				"west": {"uv": [6.5, 11.5, 6.875, 11.8125], "texture": "#0"},
				"up": {"uv": [7.75, 10.875, 7, 10.5], "texture": "#0"},
				"down": {"uv": [8.75, 10.5, 8, 10.875], "texture": "#0"}
			}
		},
		{
			"from": [17.36136, 14.48632, 9],
			"to": [19.96136, 16.58632, 9],
			"rotation": {"angle": -22.5, "axis": "z", "origin": [14.36136, 13.58632, 9]},
			"faces": {
				"north": {"uv": [5.5, 2, 6.8125, 3.0625], "texture": "#0"},
				"east": {"uv": [0, 0, 0, 1.0625], "texture": "#0"},
				"south": {"uv": [3, 6, 4.3125, 7.0625], "texture": "#0"},
				"west": {"uv": [0, 0, 0, 1.0625], "texture": "#0"},
				"up": {"uv": [1.3125, 0, 0, 0], "texture": "#0"},
				"down": {"uv": [1.3125, 0, 0, 0], "texture": "#0"}
			}
		},
		{
			"from": [7.8, 10.7, 8.8],
			"to": [8.6, 11.9, 9.2],
			"rotation": {"angle": -22.5, "axis": "z", "origin": [8.2, 11.3, 9]},
			"faces": {
				"north": {"uv": [11, 1.5, 11.375, 2.125], "texture": "#0"},
				"east": {"uv": [5, 11.5, 5.1875, 12.125], "texture": "#0"},
				"south": {"uv": [2.5, 11, 2.875, 11.625], "texture": "#0"},
				"west": {"uv": [11.5, 5.5, 11.6875, 6.125], "texture": "#0"},
				"up": {"uv": [11.875, 10.1875, 11.5, 10], "texture": "#0"},
				"down": {"uv": [11.875, 10.5, 11.5, 10.6875], "texture": "#0"}
			}
		}
	],
	"display": {
		"thirdperson_righthand": {
			"rotation": [0, 90, 0],
			"translation": [-0.75, 0, 1.25],
			"scale": [0.8, 0.8, 0.8]
		},
		"thirdperson_lefthand": {
			"rotation": [0, -90, 0],
			"translation": [0.5, 0, 1.25],
			"scale": [0.8, 0.8, 0.8]
		},
		"firstperson_righthand": {
			"rotation": [0, 82.25, 14.5],
			"translation": [0.5, 2.75, 1.5],
			"scale": [0.8, 0.8, 0.8]
		},
		"firstperson_lefthand": {
			"rotation": [-167.25, -85.5, 180],
			"translation": [2.75, 3, 1],
			"scale": [0.8, 0.8, 0.8]
		},
		"ground": {
			"rotation": [0, 0, 45],
			"translation": [0, 6.25, 0],
			"scale": [0.8, 0.8, 0.8]
		},
		"gui": {
			"rotation": [-180, 0, -123],
			"translation": [0.75, -2, 0],
			"scale": [0.8, 0.8, 0.8]
		},
		"fixed": {
			"translation": [0, 0.5, 0],
			"scale": [0.8, 0.8, 0.8]
		}
	}
}