{"texture_size":[64,64],"textures":{"0":"civilization:item/wearable/elite_warrior_helmet/6","particle":"civilization:item/wearable/elite_warrior_helmet/6"},"elements":[{"from":[3,5.61358,1.67152],"to":[13,9.61358,12.67152],"rotation":{"angle":0,"axis":"y","origin":[8,4.22426,8.80709]},"faces":{"north":{"uv":[0,2.75,2.5,3.75],"texture":"#0"},"east":{"uv":[0,3.75,2.75,4.75],"texture":"#0"},"south":{"uv":[2.5,2.75,5,3.75],"texture":"#0"},"west":{"uv":[2.75,3.75,0,4.75],"texture":"#0"},"up":{"uv":[2.5,2.75,0,0],"texture":"#0"},"down":{"uv":[5,0,2.5,2.75],"texture":"#0"}}},{"from":[6,9.61358,1.67152],"to":[10,12.61358,2.67152],"rotation":{"angle":0,"axis":"y","origin":[8,4.22426,8.80709]},"faces":{"north":{"uv":[2.75,3.75,3.75,4.5],"texture":"#0"},"east":{"uv":[5,0,5.25,0.75],"texture":"#0"},"south":{"uv":[3.75,3.75,4.75,4.5],"texture":"#0"},"west":{"uv":[5,0.75,5.25,1.5],"texture":"#0"},"up":{"uv":[4.75,4.75,3.75,4.5],"texture":"#0"},"down":{"uv":[1,4.75,0,5],"texture":"#0"}}},{"from":[3,9.61358,1.67152],"to":[5,11.61358,2.67152],"rotation":{"angle":0,"axis":"y","origin":[8,4.22426,8.80709]},"faces":{"north":{"uv":[4.75,3.75,5.25,4.25],"texture":"#0"},"east":{"uv":[5,2.5,5.25,3],"texture":"#0"},"south":{"uv":[4.75,4.25,5.25,4.75],"texture":"#0"},"west":{"uv":[5,3,5.25,3.5],"texture":"#0"},"up":{"uv":[2.5,5,2,4.75],"texture":"#0"},"down":{"uv":[4.25,4.75,3.75,5],"texture":"#0"}}},{"from":[11,9.61358,1.67152],"to":[13,11.61358,2.67152],"rotation":{"angle":0,"axis":"y","origin":[8,4.22426,8.80709]},"faces":{"north":{"uv":[2.75,4.5,3.25,5],"texture":"#0"},"east":{"uv":[5,1.5,5.25,2],"texture":"#0"},"south":{"uv":[3.25,4.5,3.75,5],"texture":"#0"},"west":{"uv":[5,2,5.25,2.5],"texture":"#0"},"up":{"uv":[1.5,5,1,4.75],"texture":"#0"},"down":{"uv":[2,4.75,1.5,5],"texture":"#0"}}},{"from":[3,-0.13705,1.78951],"to":[13,2.86295,9.78951],"rotation":{"angle":-45,"axis":"x","origin":[8,4.22426,8.80709]},"faces":{"north":{"uv":[0,5,2.5,5.75],"texture":"#0"},"east":{"uv":[2,7.75,0,8.5],"texture":"#0"},"south":{"uv":[2.5,5,5,5.75],"texture":"#0"},"west":{"uv":[0,7.75,2,8.5],"texture":"#0"},"up":{"uv":[2.5,7.75,0,5.75],"texture":"#0"},"down":{"uv":[5,5.75,2.5,7.75],"texture":"#0"}}},{"from":[3.25,-0.5,8],"to":[12.75,7.5,13],"rotation":{"angle":-22.5,"axis":"x","origin":[8,4.22426,8.80709]},"faces":{"north":{"uv":[2.25,11.25,4.5,13.25],"texture":"#0"},"east":{"uv":[0,9.25,1.25,11.25],"texture":"#0"},"south":{"uv":[0,11.25,2.25,13.25],"texture":"#0"},"west":{"uv":[1.25,9.25,0,11.25],"texture":"#0"},"up":{"uv":[3.5,10,1.25,8.75],"texture":"#0"},"down":{"uv":[3.5,10,1.25,11.25],"texture":"#0"}}},{"from":[6.5,4.30754,2.13607],"to":[9.5,12.30754,15.13607],"rotation":{"angle":22.5,"axis":"x","origin":[8,7.80754,8.13607]},"faces":{"north":{"uv":[9.5,4.25,10.25,6.25],"texture":"#0"},"east":{"uv":[5.25,0,8.5,2],"texture":"#0"},"south":{"uv":[9.5,6.25,10.25,8.25],"texture":"#0"},"west":{"uv":[8.5,0,11.75,2],"texture":"#0"},"up":{"uv":[9.5,9.25,8.75,6],"texture":"#0"},"down":{"uv":[9.5,9.25,8.75,12.5],"texture":"#0"}}},{"from":[15.7291,2.90688,5.9499],"to":[15.7291,10.90688,9.9499],"rotation":{"angle":22.5,"axis":"y","origin":[13.60778,6.90688,12.57122]},"faces":{"north":{"uv":[2,0,0,0],"rotation":270,"texture":"#0"},"east":{"uv":[5.5,6,7.5,5],"rotation":90,"texture":"#0"},"south":{"uv":[2,0,0,0],"rotation":270,"texture":"#0"},"west":{"uv":[7.5,6,5.5,5],"rotation":270,"texture":"#0","tintindex":0},"up":{"uv":[0,0,0,1],"rotation":180,"texture":"#0","tintindex":0},"down":{"uv":[0,0,0,1],"texture":"#0","tintindex":0}}},{"from":[13.25423,2.90688,9.21767],"to":[13.25423,10.90688,15.21767],"rotation":{"angle":-22.5,"axis":"y","origin":[13.60778,6.90688,12.57122]},"faces":{"north":{"uv":[0,0,2,0],"rotation":90,"texture":"#0"},"east":{"uv":[7.5,3.5,5.5,5],"rotation":270,"texture":"#0"},"south":{"uv":[0,0,2,0],"rotation":270,"texture":"#0"},"west":{"uv":[7.5,5,5.5,3.5],"rotation":270,"texture":"#0","tintindex":0},"up":{"uv":[0,0,1.5,0],"rotation":270,"texture":"#0","tintindex":0},"down":{"uv":[0,0,1.5,0],"rotation":270,"texture":"#0","tintindex":0}}},{"from":[11.48646,2.90688,14.19254],"to":[11.48646,10.90688,20.19254],"rotation":{"angle":22.5,"axis":"y","origin":[13.60778,6.90688,12.57122]},"faces":{"north":{"uv":[0,0,2,0],"rotation":90,"texture":"#0"},"east":{"uv":[7.5,2,5.5,3.5],"rotation":270,"texture":"#0"},"south":{"uv":[0,0,2,0],"rotation":270,"texture":"#0"},"west":{"uv":[7.5,3.5,5.5,2],"rotation":270,"texture":"#0","tintindex":0},"up":{"uv":[0,0,1.5,0],"rotation":270,"texture":"#0","tintindex":0},"down":{"uv":[0,0,1.5,0],"rotation":270,"texture":"#0","tintindex":0}}},{"from":[4.51354,2.90688,14.19254],"to":[4.51354,10.90688,20.19254],"rotation":{"angle":-22.5,"axis":"y","origin":[2.39222,6.90688,12.57122]},"faces":{"north":{"uv":[0,0,2,0],"rotation":90,"texture":"#0"},"east":{"uv":[7.5,2,5.5,3.5],"rotation":270,"texture":"#0","tintindex":0},"south":{"uv":[0,0,2,0],"rotation":270,"texture":"#0"},"west":{"uv":[7.5,3.5,5.5,2],"rotation":270,"texture":"#0"},"up":{"uv":[0,0,1.5,0],"rotation":270,"texture":"#0","tintindex":0},"down":{"uv":[0,0,1.5,0],"rotation":270,"texture":"#0","tintindex":0}}},{"from":[2.74577,2.90688,9.21767],"to":[2.74577,10.90688,15.21767],"rotation":{"angle":22.5,"axis":"y","origin":[2.39222,6.90688,12.57122]},"faces":{"north":{"uv":[0,0,2,0],"rotation":90,"texture":"#0"},"east":{"uv":[7.5,3.5,5.5,5],"rotation":270,"texture":"#0","tintindex":0},"south":{"uv":[0,0,2,0],"rotation":270,"texture":"#0"},"west":{"uv":[7.5,5,5.5,3.5],"rotation":270,"texture":"#0"},"up":{"uv":[0,0,1.5,0],"rotation":270,"texture":"#0","tintindex":0},"down":{"uv":[0,0,1.5,0],"rotation":270,"texture":"#0","tintindex":0}}},{"from":[0.2709,2.90688,5.9499],"to":[0.2709,10.90688,9.9499],"rotation":{"angle":-22.5,"axis":"y","origin":[2.39222,6.90688,12.57122]},"faces":{"north":{"uv":[2,0,0,0],"rotation":270,"texture":"#0"},"east":{"uv":[7.5,5,5.5,6],"rotation":270,"texture":"#0","tintindex":0},"south":{"uv":[2,0,0,0],"rotation":270,"texture":"#0"},"west":{"uv":[5.5,5,7.5,6],"rotation":90,"texture":"#0"},"up":{"uv":[0,0,0,1],"rotation":180,"texture":"#0","tintindex":0},"down":{"uv":[0,0,0,1],"texture":"#0","tintindex":0}}},{"from":[4.5,4.30754,3.13607],"to":[11.5,11.30754,16.13607],"rotation":{"angle":22.5,"axis":"x","origin":[8,7.80754,8.13607]},"faces":{"north":{"uv":[7.5,4.25,9.25,6],"texture":"#0"},"east":{"uv":[5,6,8.25,7.75],"texture":"#0"},"south":{"uv":[7,7.75,8.75,9.5],"texture":"#0"},"west":{"uv":[7.5,2.5,10.75,4.25],"texture":"#0"},"up":{"uv":[5.25,11,3.5,7.75],"texture":"#0"},"down":{"uv":[7,7.75,5.25,11],"texture":"#0"}}}],"gui_light":"front","display":{"thirdperson_righthand":{"rotation":[68,10,0],"translation":[0,2.5,0.5],"scale":[0.68,0.68,0.68]},"thirdperson_lefthand":{"rotation":[68,10,0],"translation":[0,2.5,0.5],"scale":[0.68,0.68,0.68]},"firstperson_righthand":{"rotation":[0,10,0],"translation":[0.5,3.5,0],"scale":[0.55,0.55,0.55]},"firstperson_lefthand":{"rotation":[0,10,0],"translation":[0.5,3.5,0],"scale":[0.55,0.55,0.55]},"ground":{"rotation":[22.5,0,0],"translation":[0,3,0],"scale":[0.6,0.6,0.6]},"gui":{"rotation":[22.5,135,0],"translation":[-1.75,2,0],"scale":[0.7,0.7,0.7]},"head":{"rotation":[22.5,0,0],"translation":[0,6.25,2.75],"scale":[1.6,1.6,1.6]},"fixed":{"rotation":[0,-67.5,90],"translation":[0,0,-18],"scale":[2,2,2]}}}