{
	"credit": "Made with Blockbench",
	"textures": {
		"2": "./bow2",
		"particle": "./bow2"
	},
	"elements": [
		{
			"name": "bow2_0",
			"from": [7.2, 0, 0.8],
			"to": [8, 0.8, 4.8],
			"faces": {
				"north": {"uv": [8, 0.8, 7.2, 1.6], "texture": "#2"},
				"east": {"uv": [7.2, 0.8, 8, 4.8], "rotation": 90, "texture": "#2"},
				"south": {"uv": [7.2, 4, 8, 4.8], "texture": "#2"},
				"west": {"uv": [7.2, 0.8, 8, 4.8], "rotation": 270, "texture": "#2"},
				"up": {"uv": [7.2, 0.8, 8, 4.8], "texture": "#2"},
				"down": {"uv": [7.2, 4.8, 8, 0.8], "texture": "#2"}
			}
		},
		{
			"name": "bow2_1",
			"from": [9.6, 0, 0.8],
			"to": [10.4, 0.8, 4],
			"faces": {
				"north": {"uv": [10.4, 0.8, 9.6, 1.6], "texture": "#2"},
				"east": {"uv": [9.6, 0.8, 10.4, 4], "rotation": 90, "texture": "#2"},
				"south": {"uv": [9.6, 3.2, 10.4, 4], "texture": "#2"},
				"west": {"uv": [9.6, 0.8, 10.4, 4], "rotation": 270, "texture": "#2"},
				"up": {"uv": [9.6, 0.8, 10.4, 4], "texture": "#2"},
				"down": {"uv": [9.6, 4, 10.4, 0.8], "texture": "#2"}
			}
		},
		{
			"name": "bow2_2",
			"from": [5.6, 0, 1.6],
			"to": [6.4, 0.8, 6.4],
			"faces": {
				"north": {"uv": [6.4, 1.6, 5.6, 2.4], "texture": "#2"},
				"east": {"uv": [5.6, 1.6, 6.4, 6.4], "rotation": 90, "texture": "#2"},
				"south": {"uv": [5.6, 5.6, 6.4, 6.4], "texture": "#2"},
				"west": {"uv": [5.6, 1.6, 6.4, 6.4], "rotation": 270, "texture": "#2"},
				"up": {"uv": [5.6, 1.6, 6.4, 6.4], "texture": "#2"},
				"down": {"uv": [5.6, 6.4, 6.4, 1.6], "texture": "#2"}
			}
		},
		{
			"name": "bow2_3",
			"from": [8, 0, 1.6],
			"to": [9.6, 0.8, 4],
			"faces": {
				"north": {"uv": [9.6, 1.6, 8, 2.4], "texture": "#2"},
				"east": {"uv": [8.8, 1.6, 9.6, 4], "rotation": 90, "texture": "#2"},
				"south": {"uv": [8, 3.2, 9.6, 4], "texture": "#2"},
				"west": {"uv": [8, 1.6, 8.8, 4], "rotation": 270, "texture": "#2"},
				"up": {"uv": [8, 1.6, 9.6, 4], "texture": "#2"},
				"down": {"uv": [8, 4, 9.6, 1.6], "texture": "#2"}
			}
		},
		{
			"name": "bow2_4",
			"from": [12.8, 0, 1.6],
			"to": [13.6, 0.8, 4],
			"faces": {
				"north": {"uv": [13.6, 1.6, 12.8, 2.4], "texture": "#2"},
				"east": {"uv": [12.8, 1.6, 13.6, 4], "rotation": 90, "texture": "#2"},
				"south": {"uv": [12.8, 3.2, 13.6, 4], "texture": "#2"},
				"west": {"uv": [12.8, 1.6, 13.6, 4], "rotation": 270, "texture": "#2"},
				"up": {"uv": [12.8, 1.6, 13.6, 4], "texture": "#2"},
				"down": {"uv": [12.8, 4, 13.6, 1.6], "texture": "#2"}
			}
		},
		{
			"name": "bow2_5",
			"from": [4, 0, 2.4],
			"to": [4.8, 0.8, 4.8],
			"faces": {
				"north": {"uv": [4.8, 2.4, 4, 3.2], "texture": "#2"},
				"east": {"uv": [4, 2.4, 4.8, 4.8], "rotation": 90, "texture": "#2"},
				"south": {"uv": [4, 4, 4.8, 4.8], "texture": "#2"},
				"west": {"uv": [4, 2.4, 4.8, 4.8], "rotation": 270, "texture": "#2"},
				"up": {"uv": [4, 2.4, 4.8, 4.8], "texture": "#2"},
				"down": {"uv": [4, 4.8, 4.8, 2.4], "texture": "#2"}
			}
		},
		{
			"name": "bow2_6",
			"from": [6.4, 0, 2.4],
			"to": [7.2, 0.8, 7.2],
			"faces": {
				"north": {"uv": [7.2, 2.4, 6.4, 3.2], "texture": "#2"},
				"east": {"uv": [6.4, 2.4, 7.2, 7.2], "rotation": 90, "texture": "#2"},
				"south": {"uv": [6.4, 6.4, 7.2, 7.2], "texture": "#2"},
				"west": {"uv": [6.4, 2.4, 7.2, 7.2], "rotation": 270, "texture": "#2"},
				"up": {"uv": [6.4, 2.4, 7.2, 7.2], "texture": "#2"},
				"down": {"uv": [6.4, 7.2, 7.2, 2.4], "texture": "#2"}
			}
		},
		{
			"name": "bow2_7",
			"from": [10.4, 0, 2.4],
			"to": [12.8, 0.8, 4],
			"faces": {
				"north": {"uv": [12.8, 2.4, 10.4, 3.2], "texture": "#2"},
				"east": {"uv": [12, 2.4, 12.8, 4], "rotation": 90, "texture": "#2"},
				"south": {"uv": [10.4, 3.2, 12.8, 4], "texture": "#2"},
				"west": {"uv": [10.4, 2.4, 11.2, 4], "rotation": 270, "texture": "#2"},
				"up": {"uv": [10.4, 2.4, 12.8, 4], "texture": "#2"},
				"down": {"uv": [10.4, 4, 12.8, 2.4], "texture": "#2"}
			}
		},
		{
			"name": "bow2_8",
			"from": [4.8, 0, 3.2],
			"to": [5.6, 0.8, 7.2],
			"faces": {
				"north": {"uv": [5.6, 3.2, 4.8, 4], "texture": "#2"},
				"east": {"uv": [4.8, 3.2, 5.6, 7.2], "rotation": 90, "texture": "#2"},
				"south": {"uv": [4.8, 6.4, 5.6, 7.2], "texture": "#2"},
				"west": {"uv": [4.8, 3.2, 5.6, 7.2], "rotation": 270, "texture": "#2"},
				"up": {"uv": [4.8, 3.2, 5.6, 7.2], "texture": "#2"},
				"down": {"uv": [4.8, 7.2, 5.6, 3.2], "texture": "#2"}
			}
		},
		{
			"name": "bow2_9",
			"from": [13.6, 0, 3.2],
			"to": [16, 0.8, 4],
			"faces": {
				"north": {"uv": [16, 3.2, 13.6, 4], "texture": "#2"},
				"east": {"uv": [15.2, 3.2, 16, 4], "rotation": 90, "texture": "#2"},
				"south": {"uv": [13.6, 3.2, 16, 4], "texture": "#2"},
				"west": {"uv": [13.6, 3.2, 14.4, 4], "rotation": 270, "texture": "#2"},
				"up": {"uv": [13.6, 3.2, 16, 4], "texture": "#2"},
				"down": {"uv": [13.6, 4, 16, 3.2], "texture": "#2"}
			}
		},
		{
			"name": "bow2_10",
			"from": [2.4, 0, 4],
			"to": [3.2, 0.8, 4.8],
			"faces": {
				"north": {"uv": [3.2, 4, 2.4, 4.8], "texture": "#2"},
				"east": {"uv": [2.4, 4, 3.2, 4.8], "rotation": 90, "texture": "#2"},
				"south": {"uv": [2.4, 4, 3.2, 4.8], "texture": "#2"},
				"west": {"uv": [2.4, 4, 3.2, 4.8], "rotation": 270, "texture": "#2"},
				"up": {"uv": [2.4, 4, 3.2, 4.8], "texture": "#2"},
				"down": {"uv": [2.4, 4.8, 3.2, 4], "texture": "#2"}
			}
		},
		{
			"name": "bow2_11",
			"from": [8, 0, 4],
			"to": [8.8, 0.8, 4.8],
			"faces": {
				"north": {"uv": [8.8, 4, 8, 4.8], "texture": "#2"},
				"east": {"uv": [8, 4, 8.8, 4.8], "rotation": 90, "texture": "#2"},
				"south": {"uv": [8, 4, 8.8, 4.8], "texture": "#2"},
				"west": {"uv": [8, 4, 8.8, 4.8], "rotation": 270, "texture": "#2"},
				"up": {"uv": [8, 4, 8.8, 4.8], "texture": "#2"},
				"down": {"uv": [8, 4.8, 8.8, 4], "texture": "#2"}
			}
		},
		{
			"name": "bow2_12",
			"from": [13.6, 0, 4],
			"to": [14.4, 0.8, 4.8],
			"faces": {
				"north": {"uv": [14.4, 4, 13.6, 4.8], "texture": "#2"},
				"east": {"uv": [13.6, 4, 14.4, 4.8], "rotation": 90, "texture": "#2"},
				"south": {"uv": [13.6, 4, 14.4, 4.8], "texture": "#2"},
				"west": {"uv": [13.6, 4, 14.4, 4.8], "rotation": 270, "texture": "#2"},
				"up": {"uv": [13.6, 4, 14.4, 4.8], "texture": "#2"},
				"down": {"uv": [13.6, 4.8, 14.4, 4], "texture": "#2"}
			}
		},
		{
			"name": "bow2_13",
			"from": [3.2, 0, 4.8],
			"to": [4, 0.8, 16],
			"faces": {
				"north": {"uv": [4, 4.8, 3.2, 5.6], "texture": "#2"},
				"east": {"uv": [3.2, 4.8, 4, 16], "rotation": 90, "texture": "#2"},
				"south": {"uv": [3.2, 15.2, 4, 16], "texture": "#2"},
				"west": {"uv": [3.2, 4.8, 4, 16], "rotation": 270, "texture": "#2"},
				"up": {"uv": [3.2, 4.8, 4, 16], "texture": "#2"},
				"down": {"uv": [3.2, 16, 4, 4.8], "texture": "#2"}
			}
		},
		{
			"name": "bow2_14",
			"from": [12.8, 0, 4.8],
			"to": [13.6, 0.8, 6.4],
			"faces": {
				"north": {"uv": [13.6, 4.8, 12.8, 5.6], "texture": "#2"},
				"east": {"uv": [12.8, 4.8, 13.6, 6.4], "rotation": 90, "texture": "#2"},
				"south": {"uv": [12.8, 5.6, 13.6, 6.4], "texture": "#2"},
				"west": {"uv": [12.8, 4.8, 13.6, 6.4], "rotation": 270, "texture": "#2"},
				"up": {"uv": [12.8, 4.8, 13.6, 6.4], "texture": "#2"},
				"down": {"uv": [12.8, 6.4, 13.6, 4.8], "texture": "#2"}
			}
		},
		{
			"name": "bow2_15",
			"from": [14.4, 0, 4.8],
			"to": [15.2, 0.8, 5.6],
			"faces": {
				"north": {"uv": [15.2, 4.8, 14.4, 5.6], "texture": "#2"},
				"east": {"uv": [14.4, 4.8, 15.2, 5.6], "rotation": 90, "texture": "#2"},
				"south": {"uv": [14.4, 4.8, 15.2, 5.6], "texture": "#2"},
				"west": {"uv": [14.4, 4.8, 15.2, 5.6], "rotation": 270, "texture": "#2"},
				"up": {"uv": [14.4, 4.8, 15.2, 5.6], "texture": "#2"},
				"down": {"uv": [14.4, 5.6, 15.2, 4.8], "texture": "#2"}
			}
		},
		{
			"name": "bow2_16",
			"from": [1.6, 0, 5.6],
			"to": [3.2, 0.8, 6.4],
			"faces": {
				"north": {"uv": [3.2, 5.6, 1.6, 6.4], "texture": "#2"},
				"east": {"uv": [2.4, 5.6, 3.2, 6.4], "rotation": 90, "texture": "#2"},
				"south": {"uv": [1.6, 5.6, 3.2, 6.4], "texture": "#2"},
				"west": {"uv": [1.6, 5.6, 2.4, 6.4], "rotation": 270, "texture": "#2"},
				"up": {"uv": [1.6, 5.6, 3.2, 6.4], "texture": "#2"},
				"down": {"uv": [1.6, 6.4, 3.2, 5.6], "texture": "#2"}
			}
		},
		{
			"name": "bow2_17",
			"from": [4, 0, 5.6],
			"to": [4.8, 0.8, 8.8],
			"faces": {
				"north": {"uv": [4.8, 5.6, 4, 6.4], "texture": "#2"},
				"east": {"uv": [4, 5.6, 4.8, 8.8], "rotation": 90, "texture": "#2"},
				"south": {"uv": [4, 8, 4.8, 8.8], "texture": "#2"},
				"west": {"uv": [4, 5.6, 4.8, 8.8], "rotation": 270, "texture": "#2"},
				"up": {"uv": [4, 5.6, 4.8, 8.8], "texture": "#2"},
				"down": {"uv": [4, 8.8, 4.8, 5.6], "texture": "#2"}
			}
		},
		{
			"name": "bow2_18",
			"from": [2.4, 0, 6.4],
			"to": [3.2, 0.8, 13.6],
			"faces": {
				"north": {"uv": [3.2, 6.4, 2.4, 7.2], "texture": "#2"},
				"east": {"uv": [2.4, 6.4, 3.2, 13.6], "rotation": 90, "texture": "#2"},
				"south": {"uv": [2.4, 12.8, 3.2, 13.6], "texture": "#2"},
				"west": {"uv": [2.4, 6.4, 3.2, 13.6], "rotation": 270, "texture": "#2"},
				"up": {"uv": [2.4, 6.4, 3.2, 13.6], "texture": "#2"},
				"down": {"uv": [2.4, 13.6, 3.2, 6.4], "texture": "#2"}
			}
		},
		{
			"name": "bow2_19",
			"from": [7.2, 0, 6.4],
			"to": [8, 0.8, 8],
			"faces": {
				"north": {"uv": [8, 6.4, 7.2, 7.2], "texture": "#2"},
				"east": {"uv": [7.2, 6.4, 8, 8], "rotation": 90, "texture": "#2"},
				"south": {"uv": [7.2, 7.2, 8, 8], "texture": "#2"},
				"west": {"uv": [7.2, 6.4, 8, 8], "rotation": 270, "texture": "#2"},
				"up": {"uv": [7.2, 6.4, 8, 8], "texture": "#2"},
				"down": {"uv": [7.2, 8, 8, 6.4], "texture": "#2"}
			}
		},
		{
			"name": "bow2_20",
			"from": [12, 0, 6.4],
			"to": [12.8, 0.8, 9.6],
			"faces": {
				"north": {"uv": [12.8, 6.4, 12, 7.2], "texture": "#2"},
				"east": {"uv": [12, 6.4, 12.8, 9.6], "rotation": 90, "texture": "#2"},
				"south": {"uv": [12, 8.8, 12.8, 9.6], "texture": "#2"},
				"west": {"uv": [12, 6.4, 12.8, 9.6], "rotation": 270, "texture": "#2"},
				"up": {"uv": [12, 6.4, 12.8, 9.6], "texture": "#2"},
				"down": {"uv": [12, 9.6, 12.8, 6.4], "texture": "#2"}
			}
		},
		{
			"name": "bow2_21",
			"from": [0.8, 0, 7.2],
			"to": [2.4, 0.8, 8],
			"faces": {
				"north": {"uv": [2.4, 7.2, 0.8, 8], "texture": "#2"},
				"east": {"uv": [1.6, 7.2, 2.4, 8], "rotation": 90, "texture": "#2"},
				"south": {"uv": [0.8, 7.2, 2.4, 8], "texture": "#2"},
				"west": {"uv": [0.8, 7.2, 1.6, 8], "rotation": 270, "texture": "#2"},
				"up": {"uv": [0.8, 7.2, 2.4, 8], "texture": "#2"},
				"down": {"uv": [0.8, 8, 2.4, 7.2], "texture": "#2"}
			}
		},
		{
			"name": "bow2_22",
			"from": [8, 0, 7.2],
			"to": [8.8, 0.8, 8.8],
			"faces": {
				"north": {"uv": [8.8, 7.2, 8, 8], "texture": "#2"},
				"east": {"uv": [8, 7.2, 8.8, 8.8], "rotation": 90, "texture": "#2"},
				"south": {"uv": [8, 8, 8.8, 8.8], "texture": "#2"},
				"west": {"uv": [8, 7.2, 8.8, 8.8], "rotation": 270, "texture": "#2"},
				"up": {"uv": [8, 7.2, 8.8, 8.8], "texture": "#2"},
				"down": {"uv": [8, 8.8, 8.8, 7.2], "texture": "#2"}
			}
		},
		{
			"name": "bow2_23",
			"from": [1.6, 0, 8],
			"to": [2.4, 0.8, 10.4],
			"faces": {
				"north": {"uv": [2.4, 8, 1.6, 8.8], "texture": "#2"},
				"east": {"uv": [1.6, 8, 2.4, 10.4], "rotation": 90, "texture": "#2"},
				"south": {"uv": [1.6, 9.6, 2.4, 10.4], "texture": "#2"},
				"west": {"uv": [1.6, 8, 2.4, 10.4], "rotation": 270, "texture": "#2"},
				"up": {"uv": [1.6, 8, 2.4, 10.4], "texture": "#2"},
				"down": {"uv": [1.6, 10.4, 2.4, 8], "texture": "#2"}
			}
		},
		{
			"name": "bow2_24",
			"from": [8.8, 0, 8],
			"to": [9.6, 0.8, 9.6],
			"faces": {
				"north": {"uv": [9.6, 8, 8.8, 8.8], "texture": "#2"},
				"east": {"uv": [8.8, 8, 9.6, 9.6], "rotation": 90, "texture": "#2"},
				"south": {"uv": [8.8, 8.8, 9.6, 9.6], "texture": "#2"},
				"west": {"uv": [8.8, 8, 9.6, 9.6], "rotation": 270, "texture": "#2"},
				"up": {"uv": [8.8, 8, 9.6, 9.6], "texture": "#2"},
				"down": {"uv": [8.8, 9.6, 9.6, 8], "texture": "#2"}
			}
		},
		{
			"name": "bow2_25",
			"from": [9.6, 0, 8.8],
			"to": [10.4, 0.8, 10.4],
			"faces": {
				"north": {"uv": [10.4, 8.8, 9.6, 9.6], "texture": "#2"},
				"east": {"uv": [9.6, 8.8, 10.4, 10.4], "rotation": 90, "texture": "#2"},
				"south": {"uv": [9.6, 9.6, 10.4, 10.4], "texture": "#2"},
				"west": {"uv": [9.6, 8.8, 10.4, 10.4], "rotation": 270, "texture": "#2"},
				"up": {"uv": [9.6, 8.8, 10.4, 10.4], "texture": "#2"},
				"down": {"uv": [9.6, 10.4, 10.4, 8.8], "texture": "#2"}
			}
		},
		{
			"name": "bow2_26",
			"from": [0.8, 0, 9.6],
			"to": [1.6, 0.8, 10.4],
			"faces": {
				"north": {"uv": [1.6, 9.6, 0.8, 10.4], "texture": "#2"},
				"east": {"uv": [0.8, 9.6, 1.6, 10.4], "rotation": 90, "texture": "#2"},
				"south": {"uv": [0.8, 9.6, 1.6, 10.4], "texture": "#2"},
				"west": {"uv": [0.8, 9.6, 1.6, 10.4], "rotation": 270, "texture": "#2"},
				"up": {"uv": [0.8, 9.6, 1.6, 10.4], "texture": "#2"},
				"down": {"uv": [0.8, 10.4, 1.6, 9.6], "texture": "#2"}
			}
		},
		{
			"name": "bow2_27",
			"from": [10.4, 0, 9.6],
			"to": [12, 0.8, 11.2],
			"faces": {
				"north": {"uv": [12, 9.6, 10.4, 10.4], "texture": "#2"},
				"east": {"uv": [11.2, 9.6, 12, 11.2], "rotation": 90, "texture": "#2"},
				"south": {"uv": [10.4, 10.4, 12, 11.2], "texture": "#2"},
				"west": {"uv": [10.4, 9.6, 11.2, 11.2], "rotation": 270, "texture": "#2"},
				"up": {"uv": [10.4, 9.6, 12, 11.2], "texture": "#2"},
				"down": {"uv": [10.4, 11.2, 12, 9.6], "texture": "#2"}
			}
		},
		{
			"name": "bow2_28",
			"from": [9.6, 0, 11.2],
			"to": [11.2, 0.8, 12],
			"faces": {
				"north": {"uv": [11.2, 11.2, 9.6, 12], "texture": "#2"},
				"east": {"uv": [10.4, 11.2, 11.2, 12], "rotation": 90, "texture": "#2"},
				"south": {"uv": [9.6, 11.2, 11.2, 12], "texture": "#2"},
				"west": {"uv": [9.6, 11.2, 10.4, 12], "rotation": 270, "texture": "#2"},
				"up": {"uv": [9.6, 11.2, 11.2, 12], "texture": "#2"},
				"down": {"uv": [9.6, 12, 11.2, 11.2], "texture": "#2"}
			}
		},
		{
			"name": "bow2_29",
			"from": [6.4, 0, 12],
			"to": [9.6, 0.8, 12.8],
			"faces": {
				"north": {"uv": [9.6, 12, 6.4, 12.8], "texture": "#2"},
				"east": {"uv": [8.8, 12, 9.6, 12.8], "rotation": 90, "texture": "#2"},
				"south": {"uv": [6.4, 12, 9.6, 12.8], "texture": "#2"},
				"west": {"uv": [6.4, 12, 7.2, 12.8], "rotation": 270, "texture": "#2"},
				"up": {"uv": [6.4, 12, 9.6, 12.8], "texture": "#2"},
				"down": {"uv": [6.4, 12.8, 9.6, 12], "texture": "#2"}
			}
		},
		{
			"name": "bow2_30",
			"from": [1.6, 0, 12.8],
			"to": [2.4, 0.8, 13.6],
			"faces": {
				"north": {"uv": [2.4, 12.8, 1.6, 13.6], "texture": "#2"},
				"east": {"uv": [1.6, 12.8, 2.4, 13.6], "rotation": 90, "texture": "#2"},
				"south": {"uv": [1.6, 12.8, 2.4, 13.6], "texture": "#2"},
				"west": {"uv": [1.6, 12.8, 2.4, 13.6], "rotation": 270, "texture": "#2"},
				"up": {"uv": [1.6, 12.8, 2.4, 13.6], "texture": "#2"},
				"down": {"uv": [1.6, 13.6, 2.4, 12.8], "texture": "#2"}
			}
		},
		{
			"name": "bow2_31",
			"from": [4.8, 0, 12.8],
			"to": [6.4, 0.8, 13.6],
			"faces": {
				"north": {"uv": [6.4, 12.8, 4.8, 13.6], "texture": "#2"},
				"east": {"uv": [5.6, 12.8, 6.4, 13.6], "rotation": 90, "texture": "#2"},
				"south": {"uv": [4.8, 12.8, 6.4, 13.6], "texture": "#2"},
				"west": {"uv": [4.8, 12.8, 5.6, 13.6], "rotation": 270, "texture": "#2"},
				"up": {"uv": [4.8, 12.8, 6.4, 13.6], "texture": "#2"},
				"down": {"uv": [4.8, 13.6, 6.4, 12.8], "texture": "#2"}
			}
		},
		{
			"name": "bow2_32",
			"from": [4, 0, 13.6],
			"to": [4.8, 0.8, 14.4],
			"faces": {
				"north": {"uv": [4.8, 13.6, 4, 14.4], "texture": "#2"},
				"east": {"uv": [4, 13.6, 4.8, 14.4], "rotation": 90, "texture": "#2"},
				"south": {"uv": [4, 13.6, 4.8, 14.4], "texture": "#2"},
				"west": {"uv": [4, 13.6, 4.8, 14.4], "rotation": 270, "texture": "#2"},
				"up": {"uv": [4, 13.6, 4.8, 14.4], "texture": "#2"},
				"down": {"uv": [4, 14.4, 4.8, 13.6], "texture": "#2"}
			}
		},
		{
			"name": "bow2_33",
			"from": [4.8, 0, 14.4],
			"to": [5.6, 0.8, 15.2],
			"faces": {
				"north": {"uv": [5.6, 14.4, 4.8, 15.2], "texture": "#2"},
				"east": {"uv": [4.8, 14.4, 5.6, 15.2], "rotation": 90, "texture": "#2"},
				"south": {"uv": [4.8, 14.4, 5.6, 15.2], "texture": "#2"},
				"west": {"uv": [4.8, 14.4, 5.6, 15.2], "rotation": 270, "texture": "#2"},
				"up": {"uv": [4.8, 14.4, 5.6, 15.2], "texture": "#2"},
				"down": {"uv": [4.8, 15.2, 5.6, 14.4], "texture": "#2"}
			}
		}
	],
	"gui_light": "front",
	"display": {
		"thirdperson_righthand": {
			"rotation": [45, 0, 90],
			"translation": [-7.75, -2.25, 3.75]
		},
		"thirdperson_lefthand": {
			"rotation": [45, 0, -90],
			"translation": [7.5, -2, 3.75]
		},
		"firstperson_righthand": {
			"rotation": [65, 0, 90],
			"translation": [-3.75, 4, -2.25]
		},
		"firstperson_lefthand": {
			"rotation": [-112, -180, 95],
			"translation": [9.5, 3.25, -0.4]
		},
		"gui": {
			"rotation": [90, 0, 0]
		}
	},
	"groups": [
		{
			"name": "bow2",
			"origin": [8, 8, 8],
			"color": 0,
			"children": [0, 1, 2, 3, 4, 5, 6, 7, 8, 9, 10, 11, 12, 13, 14, 15, 16, 17, 18, 19, 20, 21, 22, 23, 24, 25, 26, 27, 28, 29, 30, 31, 32, 33]
		}
	]
}