{
	"credit": "Made with Blockbench",
	"texture_size": [64, 64],
	"textures": {
		"0": "./ruby_sword_texture",
		"particle": "./ruby_sword_texture"
	},
	"elements": [
		{
			"from": [7.25, 0, 7.6],
			"to": [8.85, 7.4, 8.4],
			"rotation": {"angle": 0, "axis": "z", "origin": [7.05, 0, 7]},
			"faces": {
				"north": {"uv": [3.5, 3, 3.84375, 4.84375], "texture": "#0"},
				"east": {"uv": [3.25, 4.5, 3.4375, 6.34375], "texture": "#0"},
				"south": {"uv": [4, 3, 4.34375, 4.84375], "texture": "#0"},
				"west": {"uv": [4.75, 1.5, 4.9375, 3.34375], "texture": "#0"},
				"up": {"uv": [5.84375, 2.4375, 5.5, 2.25], "texture": "#0"},
				"down": {"uv": [3.84375, 5.5, 3.5, 5.6875], "texture": "#0"}
			}
		},
		{
			"from": [6.9494, 6.9994, 7.7994],
			"to": [9.1506, 24.6006, 8.2006],
			"rotation": {"angle": 0, "axis": "y", "origin": [7.05, 3.5, 7]},
			"faces": {
				"north": {"uv": [1.5, 0, 2.0625, 4.40625], "texture": "#0"},
				"east": {"uv": [4.5, 1.5, 4.59375, 5.90625], "texture": "#0"},
				"south": {"uv": [2.25, 0, 2.8125, 4.40625], "texture": "#0"},
				"west": {"uv": [3, 4.5, 3.09375, 8.90625], "texture": "#0"},
				"up": {"uv": [6.3125, 0.59375, 5.75, 0.5], "texture": "#0"},
				"down": {"uv": [6.3125, 0.75, 5.75, 0.84375], "texture": "#0"}
			}
		},
		{
			"from": [6.6497, 6.9997, 7.9997],
			"to": [9.4503, 24.6003, 8.0003],
			"rotation": {"angle": 0, "axis": "y", "origin": [7.05, 3.5, 7]},
			"faces": {
				"north": {"uv": [0, 0, 0.6875, 4.40625], "texture": "#0"},
				"east": {"uv": [0, 0, 0, 4.40625], "texture": "#0"},
				"south": {"uv": [0.75, 0, 1.4375, 4.40625], "texture": "#0"},
				"west": {"uv": [0, 0, 0, 4.40625], "texture": "#0"},
				"up": {"uv": [0.6875, 0, 0, 0], "texture": "#0"},
				"down": {"uv": [0.6875, 0, 0, 0], "texture": "#0"}
			}
		},
		{
			"from": [5.2997, 6.7497, 7.3997],
			"to": [10.8003, 7.2503, 8.6003],
			"rotation": {"angle": 0, "axis": "y", "origin": [8.05, 7.75, 8]},
			"faces": {
				"north": {"uv": [5, 2.5, 6.375, 2.625], "texture": "#0"},
				"east": {"uv": [6, 1, 6.3125, 1.125], "texture": "#0"},
				"south": {"uv": [5, 2.75, 6.375, 2.875], "texture": "#0"},
				"west": {"uv": [6, 1.25, 6.3125, 1.375], "texture": "#0"},
				"up": {"uv": [5.875, 1.3125, 4.5, 1], "texture": "#0"},
				"down": {"uv": [2.875, 4.5, 1.5, 4.8125], "texture": "#0"}
			}
		},
		{
			"from": [4.2, 6.75, 7.7],
			"to": [11.9, 8.35, 8.3],
			"rotation": {"angle": 0, "axis": "y", "origin": [8.05, 7.75, 8]},
			"faces": {
				"north": {"uv": [3, 0, 4.9375, 0.4375], "texture": "#0"},
				"east": {"uv": [2.75, 5.5, 2.90625, 5.9375], "texture": "#0"},
				"south": {"uv": [3, 0.5, 4.9375, 0.9375], "texture": "#0"},
				"west": {"uv": [5.5, 3, 5.65625, 3.4375], "texture": "#0"},
				"up": {"uv": [6.6875, 3.65625, 4.75, 3.5], "texture": "#0"},
				"down": {"uv": [6.6875, 3.75, 4.75, 3.90625], "texture": "#0"}
			}
		},
		{
			"from": [10.37426, 7.27782, 7.4],
			"to": [12.27426, 7.77782, 8.6],
			"rotation": {"angle": 45, "axis": "z", "origin": [11.22426, 7.52782, 8]},
			"faces": {
				"north": {"uv": [0, 5.75, 0.46875, 5.875], "texture": "#0"},
				"east": {"uv": [6, 2, 6.3125, 2.125], "texture": "#0"},
				"south": {"uv": [5.75, 0, 6.21875, 0.125], "texture": "#0"},
				"west": {"uv": [6, 2.25, 6.3125, 2.375], "texture": "#0"},
				"up": {"uv": [5.46875, 3.3125, 5, 3], "texture": "#0"},
				"down": {"uv": [3.96875, 5, 3.5, 5.3125], "texture": "#0"}
			}
		},
		{
			"from": [3.82574, 7.27782, 7.4],
			"to": [5.72574, 7.77782, 8.6],
			"rotation": {"angle": -45, "axis": "z", "origin": [4.87574, 7.52782, 8]},
			"faces": {
				"north": {"uv": [5.75, 0.25, 6.21875, 0.375], "texture": "#0"},
				"east": {"uv": [6.5, 1.5, 6.8125, 1.625], "texture": "#0"},
				"south": {"uv": [0.5, 5.75, 0.96875, 5.875], "texture": "#0"},
				"west": {"uv": [1.75, 6.5, 2.0625, 6.625], "texture": "#0"},
				"up": {"uv": [4.46875, 5.3125, 4, 5], "texture": "#0"},
				"down": {"uv": [5.21875, 5, 4.75, 5.3125], "texture": "#0"}
			}
		},
		{
			"from": [7.2, 8.65, 7.4],
			"to": [9.9, 8.95, 8.6],
			"rotation": {"angle": 45, "axis": "z", "origin": [9.95, 9.55, 8]},
			"faces": {
				"north": {"uv": [5.75, 1.5, 6.4375, 1.5625], "texture": "#0"},
				"east": {"uv": [6.5, 2.75, 6.8125, 2.8125], "texture": "#0"},
				"south": {"uv": [5.75, 1.75, 6.4375, 1.8125], "texture": "#0"},
				"west": {"uv": [6.5, 3, 6.8125, 3.0625], "texture": "#0"},
				"up": {"uv": [5.6875, 0.3125, 5, 0], "texture": "#0"},
				"down": {"uv": [5.6875, 0.5, 5, 0.8125], "texture": "#0"}
			}
		},
		{
			"from": [6.2, 8.65, 7.4],
			"to": [8.9, 8.95, 8.6],
			"rotation": {"angle": -45, "axis": "z", "origin": [6.15, 9.55, 8]},
			"faces": {
				"north": {"uv": [5.75, 3, 6.4375, 3.0625], "texture": "#0"},
				"east": {"uv": [3.25, 6.5, 3.5625, 6.5625], "texture": "#0"},
				"south": {"uv": [5.75, 3.25, 6.4375, 3.3125], "texture": "#0"},
				"west": {"uv": [6.5, 3.25, 6.8125, 3.3125], "texture": "#0"},
				"up": {"uv": [2.1875, 5.3125, 1.5, 5], "texture": "#0"},
				"down": {"uv": [5.6875, 1.5, 5, 1.8125], "texture": "#0"}
			}
		},
		{
			"from": [7.1497, -0.0003, 7.8997],
			"to": [8.9503, 6.8003, 8.1003],
			"rotation": {"angle": 0, "axis": "y", "origin": [7.05, 0, 7]},
			"faces": {
				"north": {"uv": [3, 1, 3.40625, 2.6875], "texture": "#0"},
				"east": {"uv": [2.25, 5.5, 2.3125, 7.1875], "texture": "#0"},
				"south": {"uv": [3, 2.75, 3.40625, 4.4375], "texture": "#0"},
				"west": {"uv": [2.5, 5.5, 2.5625, 7.1875], "texture": "#0"},
				"up": {"uv": [6.90625, 2.3125, 6.5, 2.25], "texture": "#0"},
				"down": {"uv": [6.90625, 2.5, 6.5, 2.5625], "texture": "#0"}
			}
		},
		{
			"from": [7.15, -0.8, 7.5],
			"to": [8.95, 1, 8.5],
			"rotation": {"angle": -45, "axis": "z", "origin": [8.05, 0.1, 8]},
			"faces": {
				"north": {"uv": [5, 2, 5.4375, 2.4375], "texture": "#0"},
				"east": {"uv": [2.75, 5, 3, 5.4375], "texture": "#0"},
				"south": {"uv": [2.25, 5, 2.6875, 5.4375], "texture": "#0"},
				"west": {"uv": [1.5, 5.5, 1.75, 5.9375], "texture": "#0"},
				"up": {"uv": [2.1875, 5.75, 1.75, 5.5], "texture": "#0"},
				"down": {"uv": [5.9375, 2, 5.5, 2.25], "texture": "#0"}
			}
		},
		{
			"from": [7.35, 6.1, 7.3],
			"to": [8.75, 7.5, 8.7],
			"rotation": {"angle": -45, "axis": "z", "origin": [8.05, 6.8, 8]},
			"faces": {
				"north": {"uv": [0, 5.25, 0.34375, 5.59375], "texture": "#0"},
				"east": {"uv": [0.5, 5.25, 0.84375, 5.59375], "texture": "#0"},
				"south": {"uv": [1, 5.25, 1.34375, 5.59375], "texture": "#0"},
				"west": {"uv": [5.25, 4, 5.59375, 4.34375], "texture": "#0"},
				"up": {"uv": [5.59375, 4.84375, 5.25, 4.5], "texture": "#0"},
				"down": {"uv": [5.59375, 5, 5.25, 5.34375], "texture": "#0"}
			}
		},
		{
			"from": [10.15, 8.8, 7.9],
			"to": [10.35, 11.4, 8.1],
			"rotation": {"angle": 0, "axis": "x", "origin": [10.25, 8.9, 8]},
			"faces": {
				"north": {"uv": [1, 5.75, 1.0625, 6.40625], "texture": "#0"},
				"east": {"uv": [1.25, 5.75, 1.3125, 6.40625], "texture": "#0"},
				"south": {"uv": [1.75, 5.75, 1.8125, 6.40625], "texture": "#0"},
				"west": {"uv": [2, 5.75, 2.0625, 6.40625], "texture": "#0"},
				"up": {"uv": [3.8125, 6.5625, 3.75, 6.5], "texture": "#0"},
				"down": {"uv": [6.5625, 4, 6.5, 4.0625], "texture": "#0"}
			}
		},
		{
			"from": [5.75, 8.8, 7.9],
			"to": [5.95, 11.4, 8.1],
			"rotation": {"angle": 22.5, "axis": "y", "origin": [5.85, 9.2, 8]},
			"faces": {
				"north": {"uv": [6.25, 6.25, 6.3125, 6.90625], "texture": "#0"},
				"east": {"uv": [6.5, 0, 6.5625, 0.65625], "texture": "#0"},
				"south": {"uv": [6.5, 0.75, 6.5625, 1.40625], "texture": "#0"},
				"west": {"uv": [1, 6.5, 1.0625, 7.15625], "texture": "#0"},
				"up": {"uv": [6.0625, 6.5625, 6, 6.5], "texture": "#0"},
				"down": {"uv": [6.5625, 6, 6.5, 6.0625], "texture": "#0"}
			}
		},
		{
			"from": [5.75, 8.8, 7.9],
			"to": [5.95, 11.4, 8.1],
			"rotation": {"angle": -45, "axis": "y", "origin": [5.85, 9.2, 8]},
			"faces": {
				"north": {"uv": [6.25, 4, 6.3125, 4.65625], "texture": "#0"},
				"east": {"uv": [4.25, 6.25, 4.3125, 6.90625], "texture": "#0"},
				"south": {"uv": [6.25, 4.75, 6.3125, 5.40625], "texture": "#0"},
				"west": {"uv": [6.25, 5.5, 6.3125, 6.15625], "texture": "#0"},
				"up": {"uv": [5.8125, 6.5625, 5.75, 6.5], "texture": "#0"},
				"down": {"uv": [6.5625, 5.75, 6.5, 5.8125], "texture": "#0"}
			}
		},
		{
			"from": [5.75, 8.8, 7.9],
			"to": [5.95, 11.4, 8.1],
			"rotation": {"angle": -22.5, "axis": "y", "origin": [5.85, 9.2, 8]},
			"faces": {
				"north": {"uv": [4.5, 6, 4.5625, 6.65625], "texture": "#0"},
				"east": {"uv": [6, 4.75, 6.0625, 5.40625], "texture": "#0"},
				"south": {"uv": [6, 5.75, 6.0625, 6.40625], "texture": "#0"},
				"west": {"uv": [4, 6.25, 4.0625, 6.90625], "texture": "#0"},
				"up": {"uv": [5.5625, 6.5625, 5.5, 6.5], "texture": "#0"},
				"down": {"uv": [6.5625, 5.5, 6.5, 5.5625], "texture": "#0"}
			}
		},
		{
			"from": [5.75, 8.8, 7.9],
			"to": [5.95, 11.4, 8.1],
			"rotation": {"angle": 0, "axis": "y", "origin": [5.85, 8.9, 8]},
			"faces": {
				"north": {"uv": [0.75, 6, 0.8125, 6.65625], "texture": "#0"},
				"east": {"uv": [1.5, 6, 1.5625, 6.65625], "texture": "#0"},
				"south": {"uv": [2.75, 6, 2.8125, 6.65625], "texture": "#0"},
				"west": {"uv": [6, 4, 6.0625, 4.65625], "texture": "#0"},
				"up": {"uv": [5.3125, 6.5625, 5.25, 6.5], "texture": "#0"},
				"down": {"uv": [6.5625, 5.25, 6.5, 5.3125], "texture": "#0"}
			}
		},
		{
			"from": [10.15, 8.8, 7.9],
			"to": [10.35, 11.4, 8.1],
			"rotation": {"angle": -22.5, "axis": "y", "origin": [10.25, 9.2, 8]},
			"faces": {
				"north": {"uv": [3.5, 5.75, 3.5625, 6.40625], "texture": "#0"},
				"east": {"uv": [3.75, 5.75, 3.8125, 6.40625], "texture": "#0"},
				"south": {"uv": [5.75, 4, 5.8125, 4.65625], "texture": "#0"},
				"west": {"uv": [4.75, 5.75, 4.8125, 6.40625], "texture": "#0"},
				"up": {"uv": [6.5625, 4.3125, 6.5, 4.25], "texture": "#0"},
				"down": {"uv": [6.5625, 4.5, 6.5, 4.5625], "texture": "#0"}
			}
		},
		{
			"from": [10.15, 8.8, 7.9],
			"to": [10.35, 11.4, 8.1],
			"rotation": {"angle": -45, "axis": "y", "origin": [10.25, 9.2, 8]},
			"faces": {
				"north": {"uv": [5.75, 4.75, 5.8125, 5.40625], "texture": "#0"},
				"east": {"uv": [5, 5.75, 5.0625, 6.40625], "texture": "#0"},
				"south": {"uv": [5.25, 5.75, 5.3125, 6.40625], "texture": "#0"},
				"west": {"uv": [5.5, 5.75, 5.5625, 6.40625], "texture": "#0"},
				"up": {"uv": [4.8125, 6.5625, 4.75, 6.5], "texture": "#0"},
				"down": {"uv": [6.5625, 4.75, 6.5, 4.8125], "texture": "#0"}
			}
		},
		{
			"from": [10.15, 8.8, 7.9],
			"to": [10.35, 11.4, 8.1],
			"rotation": {"angle": 22.5, "axis": "y", "origin": [10.25, 9.2, 8]},
			"faces": {
				"north": {"uv": [5.75, 5.75, 5.8125, 6.40625], "texture": "#0"},
				"east": {"uv": [0, 6, 0.0625, 6.65625], "texture": "#0"},
				"south": {"uv": [0.25, 6, 0.3125, 6.65625], "texture": "#0"},
				"west": {"uv": [0.5, 6, 0.5625, 6.65625], "texture": "#0"},
				"up": {"uv": [5.0625, 6.5625, 5, 6.5], "texture": "#0"},
				"down": {"uv": [6.5625, 5, 6.5, 5.0625], "texture": "#0"}
			}
		},
		{
			"from": [6.6503, 23.5003, 7.8003],
			"to": [9.4497, 26.2997, 8.1997],
			"rotation": {"angle": -45, "axis": "z", "origin": [8.05, 24.9, 8]},
			"faces": {
				"north": {"uv": [0, 4.5, 0.6875, 5.1875], "texture": "#0"},
				"east": {"uv": [4, 5.5, 4.09375, 6.1875], "texture": "#0"},
				"south": {"uv": [0.75, 4.5, 1.4375, 5.1875], "texture": "#0"},
				"west": {"uv": [4.25, 5.5, 4.34375, 6.1875], "texture": "#0"},
				"up": {"uv": [5.4375, 5.59375, 4.75, 5.5], "texture": "#0"},
				"down": {"uv": [6.1875, 5.5, 5.5, 5.59375], "texture": "#0"}
			}
		},
		{
			"from": [6.45, 23.2, 8],
			"to": [9.65, 26.4, 8],
			"rotation": {"angle": -45, "axis": "z", "origin": [8.05, 24.8, 8]},
			"faces": {
				"north": {"uv": [3.5, 1, 4.3125, 1.8125], "texture": "#0"},
				"east": {"uv": [0, 0, 0, 0.8125], "texture": "#0"},
				"south": {"uv": [3.5, 2, 4.3125, 2.8125], "texture": "#0"},
				"west": {"uv": [0, 0, 0, 0.8125], "texture": "#0"},
				"up": {"uv": [0.8125, 0, 0, 0], "texture": "#0"},
				"down": {"uv": [0.8125, 0, 0, 0], "texture": "#0"}
			}
		},
		{
			"from": [7.05, -0.9, 7.9],
			"to": [9.05, 1.1, 8.1],
			"rotation": {"angle": -45, "axis": "z", "origin": [8.05, 0.1, 8]},
			"faces": {
				"north": {"uv": [4.75, 4, 5.25, 4.5], "texture": "#0"},
				"east": {"uv": [6.25, 0, 6.3125, 0.5], "texture": "#0"},
				"south": {"uv": [4.75, 4.5, 5.25, 5], "texture": "#0"},
				"west": {"uv": [1.25, 6.5, 1.3125, 7], "texture": "#0"},
				"up": {"uv": [7, 1.8125, 6.5, 1.75], "texture": "#0"},
				"down": {"uv": [7, 2, 6.5, 2.0625], "texture": "#0"}
			}
		}
	],
	"display": {
		"thirdperson_righthand": {
			"rotation": [0, 90, 0],
			"translation": [0, 0.75, 1],
			"scale": [0.7, 0.7, 0.7]
		},
		"thirdperson_lefthand": {
			"rotation": [0, 90, 0],
			"translation": [0, 1, 1.25],
			"scale": [0.7, 0.7, 0.7]
		},
		"firstperson_righthand": {
			"rotation": [-178.25, 84, -172.75],
			"translation": [2, 0.75, 0.75],
			"scale": [0.7, 0.7, 0.7]
		},
		"firstperson_lefthand": {
			"rotation": [0.66, 81.74, 11.83],
			"translation": [1.25, 0.75, 1],
			"scale": [0.7, 0.7, 0.7]
		},
		"ground": {
			"rotation": [0, 0, 45],
			"scale": [0.7, 0.7, 0.7]
		},
		"gui": {
			"rotation": [0, 0, -45],
			"translation": [-2, -2.25, 0],
			"scale": [0.7, 0.7, 0.7]
		},
		"fixed": {
			"rotation": [0, 0, 45],
			"translation": [1.75, -0.75, 0],
			"scale": [0.7, 0.7, 0.7]
		}
	}
}