{"texture_size":[64,64],"elements":[{"from":[4,5,6.4],"to":[12,11,14.4],"rotation":{"angle":0,"axis":"y","origin":[4,1,10.4]},"faces":{"north":{"uv":[4,3,6,4.5],"texture":"#0"},"east":{"uv":[4,4.5,6,6],"texture":"#0"},"south":{"uv":[0,5.5,2,7],"texture":"#0"},"west":{"uv":[2,5.5,4,7],"texture":"#0"},"up":{"uv":[4,2,2,0],"texture":"#0"},"down":{"uv":[4,2,2,4],"texture":"#0"}}},{"from":[3.95,4.95,6.35],"to":[12.05,11.05,14.45],"rotation":{"angle":0,"axis":"y","origin":[4,1,10.4]},"faces":{"north":{"uv":[0,4,2,5.5],"texture":"#0"},"east":{"uv":[4,0,6,1.5],"texture":"#0"},"south":{"uv":[4,1.5,6,3],"texture":"#0"},"west":{"uv":[2,4,4,5.5],"texture":"#0"},"up":{"uv":[2,2,0,0],"texture":"#0"},"down":{"uv":[2,2,0,4],"texture":"#0"}}},{"from":[5.5,5.6,7.4],"to":[11.5,11.6,7.4],"rotation":{"angle":0,"axis":"y","origin":[4,1,10.4]},"faces":{"north":{"uv":[6,0,7.5,1.5],"texture":"#0"},"east":{"uv":[0,0,0,1.5],"texture":"#0"},"south":{"uv":[6,1.5,7.5,3],"texture":"#0"},"west":{"uv":[0,0,0,1.5],"texture":"#0"},"up":{"uv":[1.5,0,0,0],"texture":"#0"},"down":{"uv":[1.5,0,0,0],"texture":"#0"}}},{"from":[7,3,14.4],"to":[9,9,16.4],"rotation":{"angle":0,"axis":"y","origin":[4,1,10.4]},"faces":{"north":{"uv":[4,6,4.5,7.5],"texture":"#0"},"east":{"uv":[6,4,6.5,5.5],"texture":"#0"},"south":{"uv":[4.5,6,5,7.5],"texture":"#0"},"west":{"uv":[5,6,5.5,7.5],"texture":"#0"},"up":{"uv":[0.5,8.25,0,7.75],"texture":"#0"},"down":{"uv":[2.5,7.75,2,8.25],"texture":"#0"}}},{"from":[11.5,11,7.4],"to":[14.5,14,9.4],"rotation":{"angle":-45,"axis":"z","origin":[10.5,12.5,8.4]},"faces":{"north":{"uv":[5.5,6,6.25,6.75],"texture":"#0"},"east":{"uv":[5.5,6.75,6,7.5],"texture":"#0"},"south":{"uv":[6.25,5.5,7,6.25],"texture":"#0"},"west":{"uv":[0,7,0.5,7.75],"texture":"#0"},"up":{"uv":[1.25,7.5,0.5,7],"texture":"#0"},"down":{"uv":[2,7,1.25,7.5],"texture":"#0"}}},{"from":[1.5,11,7.4],"to":[4.5,14,9.4],"rotation":{"angle":45,"axis":"z","origin":[5.5,12.5,8.4]},"faces":{"north":{"uv":[6.25,6.25,7,7],"texture":"#0"},"east":{"uv":[2,7,2.5,7.75],"texture":"#0"},"south":{"uv":[6.5,4,7.25,4.75],"texture":"#0"},"west":{"uv":[2.5,7,3,7.75],"texture":"#0"},"up":{"uv":[3.75,7.5,3,7],"texture":"#0"},"down":{"uv":[7.75,5.25,7,5.75],"texture":"#0"}}},{"from":[3.17157,3.92893,7.4],"to":[5.17157,6.92893,9.4],"rotation":{"angle":-22.5,"axis":"z","origin":[2.67157,5.42893,8.4]},"faces":{"north":{"uv":[7,5.75,7.5,6.5],"texture":"#0"},"east":{"uv":[6,7,6.5,7.75],"texture":"#0"},"south":{"uv":[6.5,7,7,7.75],"texture":"#0"},"west":{"uv":[7,6.5,7.5,7.25],"texture":"#0"},"up":{"uv":[5.75,8,5.25,7.5],"texture":"#0"},"down":{"uv":[8,7.25,7.5,7.75],"texture":"#0"}}},{"from":[10.82843,3.92893,7.4],"to":[12.82843,6.92893,9.4],"rotation":{"angle":22.5,"axis":"z","origin":[13.32843,5.42893,8.4]},"faces":{"north":{"uv":[7.25,4,7.75,4.75],"texture":"#0"},"east":{"uv":[7,7.25,7.5,8],"texture":"#0"},"south":{"uv":[7.5,0,8,0.75],"texture":"#0"},"west":{"uv":[0.5,7.5,1,8.25],"texture":"#0"},"up":{"uv":[3,8.25,2.5,7.75],"texture":"#0"},"down":{"uv":[4.5,7.75,4,8.25],"texture":"#0"}}},{"from":[10.82843,3.92893,11.4],"to":[12.82843,6.92893,13.4],"rotation":{"angle":22.5,"axis":"z","origin":[13.32843,5.42893,12.4]},"faces":{"north":{"uv":[7.5,2.25,8,3],"texture":"#0"},"east":{"uv":[3,7.5,3.5,8.25],"texture":"#0"},"south":{"uv":[7.5,3,8,3.75],"texture":"#0"},"west":{"uv":[3.5,7.5,4,8.25],"texture":"#0"},"up":{"uv":[8.25,5.75,7.75,5.25],"texture":"#0"},"down":{"uv":[6.25,7.75,5.75,8.25],"texture":"#0"}}},{"from":[3.17157,3.92893,11.4],"to":[5.17157,6.92893,13.4],"rotation":{"angle":-22.5,"axis":"z","origin":[2.67157,5.42893,12.4]},"faces":{"north":{"uv":[7.5,0.75,8,1.5],"texture":"#0"},"east":{"uv":[1,7.5,1.5,8.25],"texture":"#0"},"south":{"uv":[1.5,7.5,2,8.25],"texture":"#0"},"west":{"uv":[7.5,1.5,8,2.25],"texture":"#0"},"up":{"uv":[8.25,4.5,7.75,4],"texture":"#0"},"down":{"uv":[5,7.75,4.5,8.25],"texture":"#0"}}},{"from":[5,5,5.4],"to":[11,7,6.4],"rotation":{"angle":0,"axis":"y","origin":[8.5,6.5,5.9]},"faces":{"north":{"uv":[6,3,7.5,3.5],"texture":"#0"},"east":{"uv":[6,5.5,6.25,6],"texture":"#0"},"south":{"uv":[6,3.5,7.5,4],"texture":"#0"},"west":{"uv":[3.75,7,4,7.5],"texture":"#0"},"up":{"uv":[8,5,6.5,4.75],"texture":"#0"},"down":{"uv":[8,5,6.5,5.25],"texture":"#0"}}},{"from":[9,5.6,5.6],"to":[14,6.6,5.6],"rotation":{"angle":0,"axis":"y","origin":[13.5,6.1,5.4]},"faces":{"north":{"uv":[7.5,3.75,8.75,4],"texture":"#0"},"east":{"uv":[0,0,0,0.25],"texture":"#0"},"south":{"uv":[4,7.5,5.25,7.75],"texture":"#0"},"west":{"uv":[0,0,0,0.25],"texture":"#0"},"up":{"uv":[1.25,0,0,0],"texture":"#0"},"down":{"uv":[1.25,0,0,0],"texture":"#0"}}},{"from":[8,4.6,5.6],"to":[13,5.6,5.6],"rotation":{"angle":-22.5,"axis":"z","origin":[11.5,5.1,5.6]},"faces":{"north":{"uv":[7.5,5.75,8.75,6],"texture":"#0"},"east":{"uv":[0,0,0,0.25],"texture":"#0"},"south":{"uv":[7.5,6,8.75,6.25],"texture":"#0"},"west":{"uv":[0,0,0,0.25],"texture":"#0"},"up":{"uv":[1.25,0,0,0],"texture":"#0"},"down":{"uv":[1.25,0,0,0],"texture":"#0"}}},{"from":[3,4.6,5.6],"to":[8,5.6,5.6],"rotation":{"angle":22.5,"axis":"z","origin":[4.5,5.1,5.6]},"faces":{"north":{"uv":[7.5,6.25,8.75,6.5],"texture":"#0"},"east":{"uv":[0,0,0,0.25],"texture":"#0"},"south":{"uv":[7.5,6.5,8.75,6.75],"texture":"#0"},"west":{"uv":[0,0,0,0.25],"texture":"#0"},"up":{"uv":[1.25,0,0,0],"texture":"#0"},"down":{"uv":[1.25,0,0,0],"texture":"#0"}}},{"from":[2,5.6,5.6],"to":[7,6.6,5.6],"rotation":{"angle":0,"axis":"y","origin":[2.5,6.1,5.4]},"faces":{"north":{"uv":[7.5,6.75,8.75,7],"texture":"#0"},"east":{"uv":[0,0,0,0.25],"texture":"#0"},"south":{"uv":[7.5,7,8.75,7.25],"texture":"#0"},"west":{"uv":[0,0,0,0.25],"texture":"#0"},"up":{"uv":[1.25,0,0,0],"texture":"#0"},"down":{"uv":[1.25,0,0,0],"texture":"#0"}}}],"gui_light":"front","display":{"thirdperson_righthand":{"rotation":[0,20,0],"translation":[-1.5,1,-2.25],"scale":[0.8,0.8,0.8]},"thirdperson_lefthand":{"rotation":[0,20,0],"translation":[-1.5,1,-2.25],"scale":[0.8,0.8,0.8]},"firstperson_righthand":{"rotation":[0,11,0],"translation":[1.75,2.5,-1.25],"scale":[0.7,0.7,0.7]},"firstperson_lefthand":{"rotation":[0,11,0],"translation":[1.75,2.5,-1.25],"scale":[0.7,0.7,0.7]},"ground":{"rotation":[20,64,0],"translation":[0,1,0],"scale":[0.7,0.7,0.7]},"gui":{"rotation":[22.5,135,0],"translation":[-1,-0.5,0],"scale":[0.9,0.9,0.9]},"head":{"translation":[0,5.75,-4.5],"scale":[1.84,1.84,1.84]},"fixed":{"translation":[0,-0.25,0]}}}