{"texture_size":[128,128],"elements":[{"from":[3.5,0.5,3.5],"to":[12.5,9.5,12.5],"rotation":{"angle":0,"axis":"y","origin":[3.5,0.5,3.5]},"faces":{"north":{"uv":[2.625,5.125,3.75,6.25],"texture":"#0"},"east":{"uv":[3.875,5.125,5,6.25],"texture":"#0"},"south":{"uv":[5.125,5.125,6.25,6.25],"texture":"#0"},"west":{"uv":[6,2.5,7.125,3.625],"texture":"#0"},"up":{"uv":[7.25,1.125,6.125,0],"texture":"#0"},"down":{"uv":[7.375,3.75,6.25,4.875],"texture":"#0"}}},{"from":[3.3,0.3,3.3],"to":[12.7,9.7,11.7],"rotation":{"angle":0,"axis":"y","origin":[4,0.5,3.5]},"faces":{"north":{"uv":[3.625,3.75,4.875,5],"texture":"#0"},"east":{"uv":[1.375,5,2.5,6.25],"texture":"#0"},"south":{"uv":[0,5,1.25,6.25],"texture":"#0"},"west":{"uv":[5,3.75,6.125,5],"texture":"#0"},"up":{"uv":[5,2.375,3.75,1.25],"texture":"#0"},"down":{"uv":[6.375,1.25,5.125,2.375],"texture":"#0"}}},{"from":[8,12,2.5],"to":[8,21,20.5],"rotation":{"angle":22.5,"axis":"z","origin":[8,11.5,7.5]},"faces":{"north":{"uv":[4.375,7,4.375,8.125],"texture":"#0"},"east":{"uv":[3.75,0,6,1.125],"texture":"#0"},"south":{"uv":[4.5,7,4.5,8.125],"texture":"#0"},"west":{"uv":[3.75,0,6,1.125],"texture":"#0"},"up":{"uv":[4.625,9.25,4.625,7],"texture":"#0"},"down":{"uv":[4.75,7,4.75,9.25],"texture":"#0"}}},{"from":[8,12,4.5],"to":[8,21,20.5],"rotation":{"angle":0,"axis":"y","origin":[8,11.5,7.5]},"faces":{"north":{"uv":[4.375,7,4.375,8.125],"texture":"#0"},"east":{"uv":[5.75,0,3.75,1.125],"texture":"#0"},"south":{"uv":[4.5,7,4.5,8.125],"texture":"#0"},"west":{"uv":[5.75,0,3.75,1.125],"texture":"#0"},"up":{"uv":[4.625,9.25,4.625,7],"texture":"#0"},"down":{"uv":[4.75,7,4.75,9.25],"texture":"#0"}}},{"from":[8,12,2.5],"to":[8,21,20.5],"rotation":{"angle":-22.5,"axis":"z","origin":[8,11.5,7.5]},"faces":{"north":{"uv":[4.375,7,4.375,8.125],"texture":"#0"},"east":{"uv":[3.75,0,6,1.125],"texture":"#0"},"south":{"uv":[4.5,7,4.5,8.125],"texture":"#0"},"west":{"uv":[6,0,3.75,1.125],"texture":"#0"},"up":{"uv":[4.625,9.25,4.625,7],"texture":"#0"},"down":{"uv":[4.75,7,4.75,9.25],"texture":"#0"}}},{"from":[8.05,0.34776,13.15224],"to":[8.05,19.34776,22.15224],"rotation":{"angle":-22.5,"axis":"y","origin":[8.05,9.84776,12.65224]},"faces":{"north":{"uv":[4.875,7,4.875,9.375],"texture":"#0"},"east":{"uv":[0,0,1.125,2.375],"texture":"#0"},"south":{"uv":[5,7,5,9.375],"texture":"#0"},"west":{"uv":[1.125,2.375,0,0],"texture":"#0"},"up":{"uv":[5.125,8.125,5.125,7],"texture":"#0"},"down":{"uv":[5.25,7,5.25,8.125],"texture":"#0"}}},{"from":[7.95,0.34776,13.15224],"to":[7.95,19.34776,22.15224],"rotation":{"angle":22.5,"axis":"y","origin":[7.95,9.84776,12.65224]},"faces":{"north":{"uv":[4.875,7,4.875,9.375],"texture":"#0"},"east":{"uv":[0,0,1.125,2.375],"texture":"#0"},"south":{"uv":[5,7,5,9.375],"texture":"#0"},"west":{"uv":[1.125,0,0,2.375],"texture":"#0"},"up":{"uv":[5.125,8.125,5.125,7],"texture":"#0"},"down":{"uv":[5.25,7,5.25,8.125],"texture":"#0"}}},{"from":[7.95,-0.65224,13.15224],"to":[7.95,16.34776,22.15224],"rotation":{"angle":0,"axis":"y","origin":[7.95,9.84776,12.65224]},"faces":{"north":{"uv":[4.875,7,4.875,9.375],"texture":"#0"},"east":{"uv":[0,2.125,1.125,0],"texture":"#0"},"south":{"uv":[5,7,5,9.375],"texture":"#0"},"west":{"uv":[1.125,2.125,0,0],"texture":"#0"},"up":{"uv":[5.125,8.125,5.125,7],"texture":"#0"},"down":{"uv":[5.25,7,5.25,8.125],"texture":"#0"}}},{"from":[7,0.5,12.5],"to":[9,12.5,13.5],"rotation":{"angle":0,"axis":"y","origin":[2.5,0.5,3.5]},"faces":{"north":{"uv":[1.25,6.375,1.5,8],"texture":"#0"},"east":{"uv":[3.25,6.375,3.375,8],"texture":"#0"},"south":{"uv":[1.75,6.375,2,8],"texture":"#0"},"west":{"uv":[3.625,6.375,3.75,8],"texture":"#0"},"up":{"uv":[6.75,1.375,6.5,1.25],"texture":"#0"},"down":{"uv":[6.75,1.625,6.5,1.75],"texture":"#0"}}},{"from":[7,11.5,2.5],"to":[9,12.5,12.5],"rotation":{"angle":0,"axis":"y","origin":[2.5,-0.5,3.5]},"faces":{"north":{"uv":[6.875,2.25,7.125,2.375],"texture":"#0"},"east":{"uv":[6.375,5.25,7.625,5.375],"texture":"#0"},"south":{"uv":[5.875,6.875,6.125,7],"texture":"#0"},"west":{"uv":[5.375,6.375,6.625,6.5],"texture":"#0"},"up":{"uv":[2.5,7.625,2.25,6.375],"texture":"#0"},"down":{"uv":[3,6.375,2.75,7.625],"texture":"#0"}}},{"from":[6,10.5,2.5],"to":[10,11.5,11.5],"rotation":{"angle":0,"axis":"y","origin":[3,-0.5,3.5]},"faces":{"north":{"uv":[5.875,6.625,6.375,6.75],"texture":"#0"},"east":{"uv":[4.125,6.375,5.25,6.5],"texture":"#0"},"south":{"uv":[6.5,6.625,7,6.75],"texture":"#0"},"west":{"uv":[6.375,5,7.5,5.125],"texture":"#0"},"up":{"uv":[0.5,7.5,0,6.375],"texture":"#0"},"down":{"uv":[1.125,6.375,0.625,7.5],"texture":"#0"}}},{"from":[6,9.5,11.5],"to":[10,11.5,12.5],"rotation":{"angle":0,"axis":"y","origin":[3,0.5,3.5]},"faces":{"north":{"uv":[6.375,5.5,6.875,5.75],"texture":"#0"},"east":{"uv":[6.375,6.875,6.5,7.125],"texture":"#0"},"south":{"uv":[6.375,5.875,6.875,6.125],"texture":"#0"},"west":{"uv":[6.625,6.875,6.75,7.125],"texture":"#0"},"up":{"uv":[7.25,6.375,6.75,6.25],"texture":"#0"},"down":{"uv":[7.375,2,6.875,2.125],"texture":"#0"}}},{"from":[7,8.5,5.5],"to":[9,10.5,7.5],"rotation":{"angle":0,"axis":"y","origin":[3,-0.5,3.5]},"faces":{"north":{"uv":[6.5,2,6.75,2.25],"texture":"#0"},"east":{"uv":[4,6.625,4.25,6.875],"texture":"#0"},"south":{"uv":[4.375,6.625,4.625,6.875],"texture":"#0"},"west":{"uv":[4.75,6.625,5,6.875],"texture":"#0"},"up":{"uv":[5.375,6.875,5.125,6.625],"texture":"#0"},"down":{"uv":[5.75,6.625,5.5,6.875],"texture":"#0"}}}],"display":{"thirdperson_righthand":{"rotation":[50,20,0],"translation":[0,1,0],"scale":[0.65,0.65,0.65]},"thirdperson_lefthand":{"rotation":[50,20,0],"translation":[0,1,0],"scale":[0.65,0.65,0.65]},"firstperson_righthand":{"translation":[1,3,0],"scale":[0.4,0.4,0.4]},"firstperson_lefthand":{"translation":[1,3,0],"scale":[0.4,0.4,0.4]},"ground":{"translation":[0,4,0],"scale":[0.6,0.6,0.6]},"gui":{"rotation":[22.5,135,0],"translation":[-1.5,-1.75,0],"scale":[0.6,0.6,0.6]},"head":{"translation":[0,4.75,0.5],"scale":[1.75,1.75,1.75]}}}