{"texture_size":[32,32],"elements":[{"from":[3.5,-5,3.5],"to":[12.5,3,12.5],"rotation":{"angle":0,"axis":"y","origin":[7,0,7]},"faces":{"north":{"uv":[0,4.5,4.5,8.5],"texture":"#0"},"east":{"uv":[4.5,0,9,4],"texture":"#0"},"south":{"uv":[4.5,4,9,8],"texture":"#0"},"west":{"uv":[4.5,8,9,12],"texture":"#0"},"up":{"uv":[4.5,4.5,0,0],"texture":"#0"}}},{"from":[5.5,3,6.5],"to":[8.5,4,9.5],"rotation":{"angle":0,"axis":"y","origin":[6,0,7]},"faces":{"north":{"uv":[1.5,8.5,3,9],"texture":"#0"},"east":{"uv":[3,8.5,4.5,9],"texture":"#0"},"south":{"uv":[9,0,10.5,0.5],"texture":"#0"},"west":{"uv":[9,0.5,10.5,1],"texture":"#0"},"up":{"uv":[1.5,10,0,8.5],"texture":"#0"}}}],"gui_light":"front","display":{"thirdperson_righthand":{"rotation":[68,0,0],"translation":[0,1.5,3.5],"scale":[0.8,0.8,0.8]},"thirdperson_lefthand":{"rotation":[68,0,0],"translation":[0,1.5,3.5],"scale":[0.8,0.8,0.8]},"firstperson_righthand":{"translation":[0,7,0],"scale":[0.7,0.7,0.7]},"firstperson_lefthand":{"translation":[0,7,0],"scale":[0.7,0.7,0.7]},"ground":{"translation":[0,7,0],"scale":[0.7,0.7,0.7]},"gui":{"rotation":[22.5,135,0],"translation":[0,7,0]},"head":{"translation":[0,15.5,0],"scale":[1.61,1.61,1.61]},"fixed":{"rotation":[-90,0,0],"translation":[0,0,-26],"scale":[2.2,2.2,2.2]}}}