{
	"credit": "Made with Blockbench",
	"textures": {
		"0": "item/1",
		"particle": "item/1"
	},
	"elements": [
		{
			"from": [0, 0, 0],
			"to": [2, 2, 2],
			"faces": {
				"north": {"uv": [0, 0, 2, 2], "texture": "#0"},
				"east": {"uv": [0, 0, 2, 2], "texture": "#0"},
				"south": {"uv": [0, 0, 2, 2], "texture": "#0"},
				"west": {"uv": [0, 0, 2, 2], "texture": "#0"},
				"up": {"uv": [0, 0, 2, 2], "texture": "#0"},
				"down": {"uv": [0, 0, 2, 2], "texture": "#0"}
			}
		}
	],
	"display": {
		"thirdperson_righthand": {
			"translation": [0, 3.75, -0.5],
			"scale": [0.8, 0.8, 0.8]
		},
		"thirdperson_lefthand": {
			"translation": [0, 3.75, -0.5],
			"scale": [0.8, 0.8, 0.8]
		},
		"firstperson_righthand": {
			"rotation": [-61.5, -1.5, -1.68],
			"translation": [0, 1.75, 0]
		},
		"firstperson_lefthand": {
			"rotation": [-61.5, -1.5, -1.68],
			"translation": [0, 1.75, 0]
		},
		"ground": {
			"scale": [0.6, 0.6, 0.6]
		},
		"gui": {
			"rotation": [90, -135, 90],
			"translation": [1.25, 0.25, 0],
			"scale": [2, 2, 2]
		},
		"head": {
			"scale": [0, 0, 0]
		},
		"fixed": {
			"rotation": [-90, 45, 90],
			"translation": [-1.5, 0.25, 0],
			"scale": [2, 2, 2]
		}
	}
}