{"display":{"thirdperson_righthand":{"translation":[0,2,-1],"scale":[0.9,0.9,0.9]},"thirdperson_lefthand":{"translation":[0,2,-1],"scale":[0.9,0.9,0.9]},"firstperson_righthand":{"translation":[1,0,1.25]},"firstperson_lefthand":{"translation":[1,0,1.25]},"ground":{"rotation":[17,42,-56],"translation":[0,2,0],"scale":[0.5,0.5,0.5]},"gui":{"rotation":[-90,-131,-90],"scale":[0.55,0.55,0.55]},"head":{"translation":[0,1,0]}},"texture_size":[64,64],"textures":{"1":"civilization:item/wearable/guardian_cannon/default","particle":"civilization:item/wearable/guardian_cannon/default"},"elements":[{"from":[4,5,-5.5],"to":[12,13,2.5],"rotation":{"angle":0,"axis":"y","origin":[5,6,-4.5]},"faces":{"north":{"uv":[0,2.75,2,4.75],"texture":"#1"},"east":{"uv":[2,2.75,4,4.75],"texture":"#1"},"south":{"uv":[4,0,6,2],"texture":"#1"},"west":{"uv":[4,2,6,4],"texture":"#1"},"up":{"uv":[6,6,4,4],"texture":"#1"},"down":{"uv":[2,4.75,0,6.75],"texture":"#1"}}},{"from":[7,12,-4.5],"to":[9,14,0.5],"rotation":{"angle":0,"axis":"y","origin":[8,13,-3]},"faces":{"north":{"uv":[8,10,7.5,10.5],"rotation":180,"texture":"#1"},"east":{"uv":[3.75,13,4.25,14.25],"rotation":270,"texture":"#1"},"south":{"uv":[10,9.5,9.5,9],"texture":"#1"},"west":{"uv":[4.75,13,5.25,14.25],"rotation":90,"texture":"#1"},"up":{"uv":[3.25,13,3.75,14.25],"rotation":180,"texture":"#1"},"down":{"uv":[4.25,13,4.75,14.25],"texture":"#1"}}},{"from":[7,4,-4.5],"to":[9,6,0.5],"rotation":{"angle":0,"axis":"y","origin":[8,5,-3]},"faces":{"north":{"uv":[2.25,13.5,2.75,14],"texture":"#1"},"east":{"uv":[13.25,2,14.5,2.5],"texture":"#1"},"south":{"uv":[13.5,3.5,14,4],"texture":"#1"},"west":{"uv":[13.25,2.5,14.5,3],"texture":"#1"},"up":{"uv":[5.75,14.5,5.25,13.25],"texture":"#1"},"down":{"uv":[6.25,13.25,5.75,14.5],"texture":"#1"}}},{"from":[11,8,-4.5],"to":[13,10,0.5],"rotation":{"angle":0,"axis":"y","origin":[12,9,-3]},"faces":{"north":{"uv":[13.25,7.25,13.75,7.75],"texture":"#1"},"east":{"uv":[10,7.5,11.25,8],"texture":"#1"},"south":{"uv":[13.25,3,13.75,3.5],"texture":"#1"},"west":{"uv":[7.5,13,8.75,13.5],"texture":"#1"},"up":{"uv":[14.25,8.25,13,7.75],"rotation":90,"texture":"#1"},"down":{"uv":[14.25,8.25,13,8.75],"rotation":270,"texture":"#1"}}},{"from":[3,8,-4.5],"to":[5,10,0.5],"rotation":{"angle":0,"axis":"y","origin":[4,9,-3]},"faces":{"north":{"uv":[13.25,9.5,13.75,10],"texture":"#1"},"east":{"uv":[13.25,0.5,14.5,1],"texture":"#1"},"south":{"uv":[1.75,13.5,2.25,14],"texture":"#1"},"west":{"uv":[13.25,0,14.5,0.5],"texture":"#1"},"up":{"uv":[14.5,1.5,13.25,1],"rotation":270,"texture":"#1"},"down":{"uv":[14.5,1.5,13.25,2],"rotation":90,"texture":"#1"}}},{"from":[3.5,4.5,-1],"to":[12.5,8.5,3],"rotation":{"angle":0,"axis":"y","origin":[5.5,1.5,-4]},"faces":{"north":{"uv":[1.5,8.75,3.75,9.75],"texture":"#1"},"east":{"uv":[2.75,10.75,3.75,11.75],"texture":"#1"},"south":{"uv":[8,9.5,10.25,10.5],"texture":"#1"},"west":{"uv":[12.25,1.5,13.25,2.5],"texture":"#1"},"up":{"uv":[11.75,9,9.5,8],"texture":"#1"},"down":{"uv":[3.75,9.75,1.5,10.75],"texture":"#1"}}},{"from":[3.3,4.3,-1.2],"to":[12.7,8.7,3.2],"rotation":{"angle":0,"axis":"y","origin":[5.5,1.5,-4]},"faces":{"north":{"uv":[10,0,12.25,1],"texture":"#1"},"east":{"uv":[12.25,2.5,13.25,3.5],"texture":"#1"},"south":{"uv":[10,1,12.25,2],"texture":"#1"},"west":{"uv":[12.5,3.5,13.5,4.5],"texture":"#1"},"up":{"uv":[12.25,3,10,2],"texture":"#1"},"down":{"uv":[12.25,3,10,4],"texture":"#1"}}},{"from":[5.3,4.3,7.8],"to":[10.7,9.7,13.2],"rotation":{"angle":-45,"axis":"x","origin":[8,7,10.5]},"faces":{"north":{"uv":[11.5,11.5,12.75,12.75],"texture":"#1"},"east":{"uv":[0,11.75,1.25,13],"texture":"#1"},"south":{"uv":[2.75,11.75,4,13],"texture":"#1"},"west":{"uv":[4,11.75,5.25,13],"texture":"#1"},"up":{"uv":[8.75,13,7.5,11.75],"texture":"#1"},"down":{"uv":[13,7.75,11.75,9],"texture":"#1"}}},{"from":[5.5,4.5,8],"to":[10.5,9.5,13],"rotation":{"angle":-45,"axis":"x","origin":[8,7,10.5]},"faces":{"north":{"uv":[9,10.5,10.25,11.75],"texture":"#1"},"east":{"uv":[11.25,4,12.5,5.25],"texture":"#1"},"south":{"uv":[11.25,5.25,12.5,6.5],"texture":"#1"},"west":{"uv":[11.25,6.5,12.5,7.75],"texture":"#1"},"up":{"uv":[7.5,12.75,6.25,11.5],"texture":"#1"},"down":{"uv":[11.5,11.5,10.25,12.75],"texture":"#1"}}},{"from":[5,5,2.5],"to":[11,11,7.5],"rotation":{"angle":0,"axis":"y","origin":[5,3,3.5]},"faces":{"north":{"uv":[8,8,9.5,9.5],"texture":"#1"},"east":{"uv":[6.25,10,7.5,11.5],"texture":"#1"},"south":{"uv":[0,8.75,1.5,10.25],"texture":"#1"},"west":{"uv":[0,10.25,1.25,11.75],"texture":"#1"},"up":{"uv":[11.75,10.25,10.25,9],"texture":"#1"},"down":{"uv":[11.75,10.25,10.25,11.5],"texture":"#1"}}},{"from":[3.5,5.5,2],"to":[3.5,12.5,7],"rotation":{"angle":-22.5,"axis":"y","origin":[3.5,8.5,4.5]},"faces":{"north":{"uv":[0,0,0,1.75],"texture":"#1"},"east":{"uv":[3.75,10,5,11.75],"texture":"#1"},"south":{"uv":[0,0,0,1.75],"texture":"#1"},"west":{"uv":[10,4,11.25,5.75],"texture":"#1"},"up":{"uv":[0,1.25,0,0],"texture":"#1"},"down":{"uv":[0,0,0,1.25],"texture":"#1"}}},{"from":[12.5,5.5,2],"to":[12.5,12.5,7],"rotation":{"angle":22.5,"axis":"y","origin":[12.5,8.5,4.5]},"faces":{"north":{"uv":[0,0,0,1.75],"texture":"#1"},"east":{"uv":[5,10,6.25,11.75],"texture":"#1"},"south":{"uv":[0,0,0,1.75],"texture":"#1"},"west":{"uv":[10,5.75,11.25,7.5],"texture":"#1"},"up":{"uv":[0,1.25,0,0],"texture":"#1"},"down":{"uv":[0,0,0,1.25],"texture":"#1"}}},{"from":[6,5,7.5],"to":[10,9,13.5],"rotation":{"angle":0,"axis":"y","origin":[5,3,8.5]},"faces":{"north":{"uv":[12.5,4.5,13.5,5.5],"texture":"#1"},"east":{"uv":[8.75,11.75,10.25,12.75],"texture":"#1"},"south":{"uv":[12.5,5.5,13.5,6.5],"texture":"#1"},"west":{"uv":[11.75,9,13.25,10],"texture":"#1"},"up":{"uv":[6.25,13.25,5.25,11.75],"texture":"#1"},"down":{"uv":[12.75,10,11.75,11.5],"texture":"#1"}}},{"from":[7,0,10.5],"to":[9,6,12.5],"rotation":{"angle":-22.5,"axis":"x","origin":[8,3,11.5]},"faces":{"north":{"uv":[2.25,12,2.75,13.5],"texture":"#1"},"east":{"uv":[7,12.75,7.5,14.25],"texture":"#1"},"south":{"uv":[11.75,12.75,12.25,14.25],"texture":"#1"},"west":{"uv":[12.25,12.75,12.75,14.25],"texture":"#1"},"up":{"uv":[8.5,14,8,13.5],"texture":"#1"},"down":{"uv":[14,10,13.5,10.5],"texture":"#1"}}},{"from":[6.9,-0.1,10.4],"to":[9.1,6.1,12.6],"rotation":{"angle":-22.5,"axis":"x","origin":[8,3,11.5]},"faces":{"north":{"uv":[12.75,12.5,13.25,14],"texture":"#1"},"east":{"uv":[0,13,0.5,14.5],"texture":"#1"},"south":{"uv":[0.5,13,1,14.5],"texture":"#1"},"west":{"uv":[2.75,13,3.25,14.5],"texture":"#1"},"up":{"uv":[14,11,13.5,10.5],"texture":"#1"},"down":{"uv":[14,11,13.5,11.5],"texture":"#1"}}},{"from":[8,-0.19134,7.53806],"to":[8,5.80866,11.53806],"rotation":{"angle":0,"axis":"y","origin":[8,2.80866,9.03806]},"faces":{"north":{"uv":[0,0,0,1.5],"texture":"#1"},"east":{"uv":[1.25,12,2.25,13.5],"texture":"#1"},"south":{"uv":[0,0,0,1.5],"texture":"#1"},"west":{"uv":[12.25,0,13.25,1.5],"texture":"#1"},"up":{"uv":[0,1,0,0],"texture":"#1"},"down":{"uv":[0,0,0,1],"texture":"#1"}}},{"from":[7.5,4.5,12],"to":[8.5,9.5,18],"rotation":{"angle":0,"axis":"y","origin":[4.5,3.5,13]},"faces":{"north":{"uv":[3.75,8.75,4,10],"texture":"#1"},"east":{"uv":[7.5,10.5,9,11.75],"texture":"#1"},"south":{"uv":[1.5,13.5,1.75,14.75],"texture":"#1"},"west":{"uv":[1.25,10.75,2.75,12],"texture":"#1"},"up":{"uv":[1.25,14.5,1,13],"texture":"#1"},"down":{"uv":[1.5,13.5,1.25,15],"texture":"#1"}}},{"from":[8,1.5,14],"to":[8,12.5,22],"rotation":{"angle":0,"axis":"y","origin":[5,6.5,15]},"faces":{"north":{"uv":[0,0,0,2.75],"texture":"#1"},"east":{"uv":[0,0,2,2.75],"texture":"#1"},"south":{"uv":[0,0,0,2.75],"texture":"#1"},"west":{"uv":[2,0,4,2.75],"texture":"#1"},"up":{"uv":[0,2,0,0],"texture":"#1"},"down":{"uv":[0,0,0,2],"texture":"#1"}}},{"from":[6.9,11.02896,7.15865],"to":[9,13.02896,9.15865],"rotation":{"angle":45,"axis":"x","origin":[7.975,12.67896,6.15865]},"faces":{"north":{"uv":[13.5,4,14,4.5],"texture":"#1"},"east":{"uv":[13.5,4.5,14,5],"texture":"#1"},"south":{"uv":[13.5,5,14,5.5],"texture":"#1"},"west":{"uv":[13.5,5.5,14,6],"texture":"#1"},"up":{"uv":[14,6.5,13.5,6],"texture":"#1"},"down":{"uv":[8,13.5,7.5,14],"texture":"#1"}}},{"name":"cube_outline","from":[9.7,18.22896,9.85865],"to":[6.3,12.82896,6.45865],"rotation":{"angle":45,"axis":"x","origin":[7.975,12.67896,6.15865]},"faces":{"north":{"uv":[12.75,10,13.5,11.25],"texture":"#1"},"east":{"uv":[10.25,12.75,11,14],"texture":"#1"},"south":{"uv":[11,12.75,11.75,14],"texture":"#1"},"west":{"uv":[12.75,11.25,13.5,12.5],"texture":"#1"},"up":{"uv":[14,13.25,13.25,12.5],"texture":"#1"},"down":{"uv":[14,13.25,13.25,14],"texture":"#1"}}},{"from":[6.5,13.02896,6.65865],"to":[9.5,18.02896,9.65865],"rotation":{"angle":45,"axis":"x","origin":[7.975,12.67896,6.15865]},"faces":{"north":{"uv":[12.5,6.5,13.25,7.75],"texture":"#1"},"east":{"uv":[6.25,12.75,7,14],"texture":"#1"},"south":{"uv":[8.75,12.75,9.5,14],"texture":"#1"},"west":{"uv":[9.5,12.75,10.25,14],"texture":"#1"},"up":{"uv":[14,7.25,13.25,6.5],"texture":"#1"},"down":{"uv":[14,8.75,13.25,9.5],"texture":"#1"}}},{"from":[3.8,4.9,-5.7],"to":[12.2,13.3,2.7],"rotation":{"angle":0,"axis":"y","origin":[5,6.1,-4.5]},"faces":{"north":{"uv":[2,4.75,4,6.75],"texture":"#1"},"east":{"uv":[6,0,8,2],"texture":"#1"},"south":{"uv":[6,2,8,4],"texture":"#1"},"west":{"uv":[4,6,6,8],"texture":"#1"},"up":{"uv":[8,6,6,4],"texture":"#1"},"down":{"uv":[8,6,6,8],"texture":"#1"}}},{"from":[4,13.3,-6.1],"to":[12,13.3,1.9],"rotation":{"angle":0,"axis":"y","origin":[8,13.3,-2.1]},"faces":{"north":{"uv":[0,0,2,0],"texture":"#1"},"east":{"uv":[0,0,2,0],"texture":"#1"},"south":{"uv":[0,0,2,0],"texture":"#1"},"west":{"uv":[0,0,2,0],"texture":"#1"},"up":{"uv":[6,10,4,8],"texture":"#1"},"down":{"uv":[10,4,8,6],"texture":"#1"}}},{"from":[4,4.6,-6.1],"to":[12,4.6,1.9],"rotation":{"angle":0,"axis":"y","origin":[8,4.6,-2.1]},"faces":{"north":{"uv":[0,0,2,0],"texture":"#1"},"east":{"uv":[0,0,2,0],"texture":"#1"},"south":{"uv":[0,0,2,0],"texture":"#1"},"west":{"uv":[0,0,2,0],"texture":"#1"},"up":{"uv":[8,10,6,8],"texture":"#1"},"down":{"uv":[10,6,8,8],"texture":"#1"}}},{"from":[3.6,5.1,-6.1],"to":[3.6,13.1,1.9],"rotation":{"angle":0,"axis":"y","origin":[3.6,9.1,-2.1]},"faces":{"north":{"uv":[0,0,0,2],"texture":"#1"},"east":{"uv":[0,6.75,2,8.75],"texture":"#1"},"south":{"uv":[0,0,0,2],"texture":"#1"},"west":{"uv":[2,6.75,4,8.75],"texture":"#1"},"up":{"uv":[0,2,0,0],"texture":"#1"},"down":{"uv":[0,0,0,2],"texture":"#1"}}},{"from":[12.4,5.1,-6.1],"to":[12.4,13.1,1.9],"rotation":{"angle":0,"axis":"y","origin":[12.4,9.1,-2.1]},"faces":{"north":{"uv":[0,0,0,2],"texture":"#1"},"east":{"uv":[8,0,10,2],"texture":"#1"},"south":{"uv":[0,0,0,2],"texture":"#1"},"west":{"uv":[8,2,10,4],"texture":"#1"},"up":{"uv":[0,2,0,0],"texture":"#1"},"down":{"uv":[0,0,0,2],"texture":"#1"}}}],"gui_light":"front"}