{"texture_size":[32,32],"elements":[{"from":[2.5,5,2.5],"to":[13.5,11,13.5],"rotation":{"angle":0,"axis":"y","origin":[2.5,0,2.5]},"faces":{"north":{"uv":[6,0,11.5,3],"texture":"#0"},"east":{"uv":[6,3.5,11.5,6.5],"texture":"#0"},"south":{"uv":[6,7,11.5,10],"texture":"#0"},"west":{"uv":[11.5,3.5,6,6.5],"texture":"#0"},"up":{"uv":[5.5,5.5,0,0],"texture":"#0"}}},{"from":[13.5,11,13.5],"to":[2.5,5,2.5],"rotation":{"angle":0,"axis":"y","origin":[8,8,8]},"faces":{"north":{"uv":[6,7,11.5,10],"rotation":180,"texture":"#0"},"east":{"uv":[6,3.5,11.5,6.5],"rotation":180,"texture":"#0"},"south":{"uv":[6,0,11.5,3],"rotation":180,"texture":"#0"},"west":{"uv":[11.5,3.5,6,6.5],"rotation":180,"texture":"#0"},"down":{"uv":[5.5,5.5,0,0],"texture":"#0"}}},{"from":[4.5,3.25,2.525],"to":[5.5,5.25,3.525],"rotation":{"angle":0,"axis":"y","origin":[2.5,-7.75,2.525]},"faces":{"north":{"uv":[5.5,14,6,15],"texture":"#0"},"east":{"uv":[5,12,5.5,13],"texture":"#0"},"south":{"uv":[7,14,7.5,15],"texture":"#0"},"west":{"uv":[11,14,11.5,15],"texture":"#0"},"up":{"uv":[2.5,15,1.5,14.5],"texture":"#0"},"down":{"uv":[15.5,2,14.5,2.5],"texture":"#0"}}},{"from":[10.5,3.25,2.525],"to":[11.5,5.25,3.525],"rotation":{"angle":0,"axis":"y","origin":[13.5,-7.75,2.525]},"faces":{"north":{"uv":[6,14,5.5,15],"texture":"#0"},"east":{"uv":[11.5,14,11,15],"texture":"#0"},"south":{"uv":[7.5,14,7,15],"texture":"#0"},"west":{"uv":[5.5,12,5,13],"texture":"#0"},"up":{"uv":[1.5,15,2.5,14.5],"texture":"#0"},"down":{"uv":[14.5,2,15.5,2.5],"texture":"#0"}}},{"from":[2.5,10,6.5],"to":[6.5,14,8.5],"rotation":{"angle":22.5,"axis":"z","origin":[4.5,11.5,7.5]},"faces":{"north":{"uv":[0,12,2,14],"texture":"#0"},"east":{"uv":[12,5,13,7],"texture":"#0"},"south":{"uv":[12,0,14,2],"texture":"#0"},"west":{"uv":[12,7.5,13,9.5],"texture":"#0"},"up":{"uv":[14,11,12,10],"texture":"#0"},"down":{"uv":[14,11.5,12,12.5],"texture":"#0"}}},{"from":[9.5,10,6.5],"to":[13.5,14,8.5],"rotation":{"angle":-22.5,"axis":"z","origin":[11.5,11.5,7.5]},"faces":{"north":{"uv":[2.5,12,4.5,14],"texture":"#0"},"east":{"uv":[12,13,13,15],"texture":"#0"},"south":{"uv":[12,2.5,14,4.5],"texture":"#0"},"west":{"uv":[13.5,5,14.5,7],"texture":"#0"},"up":{"uv":[15.5,8.5,13.5,7.5],"texture":"#0"},"down":{"uv":[15.5,13,13.5,14],"texture":"#0"}}},{"from":[-3.16725,14.68612,6.5],"to":[-0.16725,15.68612,8.5],"rotation":{"angle":22.5,"axis":"z","origin":[3.39106,26.08866,13]},"faces":{"north":{"uv":[6,10.5,7.5,11],"texture":"#0"},"east":{"uv":[7.5,12.5,8.5,13],"texture":"#0"},"south":{"uv":[7,13,8.5,13.5],"texture":"#0"},"west":{"uv":[6,13,7,13.5],"texture":"#0"},"up":{"uv":[6,12,7.5,13],"texture":"#0"},"down":{"uv":[6,11,7.5,12],"texture":"#0"}}},{"from":[16.16725,14.68612,6.5],"to":[19.16725,15.68612,8.5],"rotation":{"angle":-22.5,"axis":"z","origin":[12.60894,26.08866,13]},"faces":{"north":{"uv":[7.5,10.5,6,11],"texture":"#0"},"east":{"uv":[7,13,6,13.5],"texture":"#0"},"south":{"uv":[8.5,13,7,13.5],"texture":"#0"},"west":{"uv":[8.5,12.5,7.5,13],"texture":"#0"},"up":{"uv":[7.5,12,6,13],"texture":"#0"},"down":{"uv":[7.5,11,6,12],"texture":"#0"}}}],"display":{"thirdperson_righthand":{"rotation":[68,10,0],"translation":[0,-1,-2],"scale":[0.7,0.7,0.7]},"thirdperson_lefthand":{"rotation":[68,10,0],"translation":[0,-1,-2],"scale":[0.7,0.7,0.7]},"firstperson_righthand":{"rotation":[0,10,0],"translation":[0,2.5,0],"scale":[0.6,0.6,0.6]},"firstperson_lefthand":{"rotation":[0,10,0],"translation":[0,2.5,0],"scale":[0.6,0.6,0.6]},"ground":{"translation":[0,2,0],"scale":[0.75,0.75,0.75]},"gui":{"rotation":[22.5,135,0],"scale":[0.8,0.8,0.8]},"head":{"rotation":[9.25,0,0],"translation":[0,5,0.25],"scale":[1.4,1.4,1.4]},"fixed":{"rotation":[-80,0,0],"translation":[0,0,-7.5],"scale":[2,2,2]}}}