{
	"credit": "Made with Blockbench",
	"texture_size": [64, 64],
	"textures": {
		"0": "block/dragon_rayser2_texture",
		"particle": "block/dragon_rayser2_texture"
	},
	"elements": [
		{
			"from": [6.8, -0.9, 7.3],
			"to": [9.2, 1.5, 8.7],
			"rotation": {"angle": 45, "axis": "z", "origin": [8, 0.3, 8]},
			"faces": {
				"north": {"uv": [4.25, 4.5, 4.875, 5.125], "texture": "#0"},
				"east": {"uv": [6, 6, 6.375, 6.625], "texture": "#0"},
				"south": {"uv": [4.75, 0, 5.375, 0.625], "texture": "#0"},
				"west": {"uv": [1.5, 6.25, 1.875, 6.875], "texture": "#0"},
				"up": {"uv": [2.625, 6.625, 2, 6.25], "texture": "#0"},
				"down": {"uv": [6.875, 2, 6.25, 2.375], "texture": "#0"}
			}
		},
		{
			"from": [6.9, 7.5, 7.3],
			"to": [9.1, 9.7, 8.7],
			"rotation": {"angle": 45, "axis": "z", "origin": [8, 8.6, 8]},
			"faces": {
				"north": {"uv": [2.5, 5.75, 3, 6.25], "texture": "#0"},
				"east": {"uv": [0.5, 6.5, 0.875, 7], "texture": "#0"},
				"south": {"uv": [3, 5.75, 3.5, 6.25], "texture": "#0"},
				"west": {"uv": [6.5, 4, 6.875, 4.5], "texture": "#0"},
				"up": {"uv": [7, 4.875, 6.5, 4.5], "texture": "#0"},
				"down": {"uv": [7, 5, 6.5, 5.375], "texture": "#0"}
			}
		},
		{
			"from": [6.297, 21.397, 7.697],
			"to": [9.703, 24.803, 8.303],
			"rotation": {"angle": 45, "axis": "z", "origin": [8, 23.1, 8]},
			"faces": {
				"north": {"uv": [0.5, 3.75, 1.375, 4.625], "texture": "#0"},
				"east": {"uv": [0.25, 6.75, 0.375, 7.625], "texture": "#0"},
				"south": {"uv": [1.5, 3.75, 2.375, 4.625], "texture": "#0"},
				"west": {"uv": [2, 6.75, 2.125, 7.625], "texture": "#0"},
				"up": {"uv": [7.625, 5.625, 6.75, 5.5], "texture": "#0"},
				"down": {"uv": [7.625, 5.75, 6.75, 5.875], "texture": "#0"}
			}
		},
		{
			"from": [5.797, 20.797, 7.997],
			"to": [10.203, 25.403, 8.003],
			"rotation": {"angle": 45, "axis": "z", "origin": [8, 23.1, 8]},
			"faces": {
				"north": {"uv": [3.5, 0, 4.625, 1.25], "texture": "#0"},
				"east": {"uv": [0, 0, 0, 1.25], "texture": "#0"},
				"south": {"uv": [3.5, 1.25, 4.625, 2.5], "texture": "#0"},
				"west": {"uv": [0, 0, 0, 1.25], "texture": "#0"},
				"up": {"uv": [1.125, 0, 0, 0], "texture": "#0"},
				"down": {"uv": [1.125, 0, 0, 0], "texture": "#0"}
			}
		},
		{
			"from": [7, 0.3, 7.5],
			"to": [9, 8, 8.5],
			"rotation": {"angle": 0, "axis": "z", "origin": [8, 1, 8]},
			"faces": {
				"north": {"uv": [3.5, 2.5, 4, 4.375], "texture": "#0"},
				"east": {"uv": [4.5, 2.5, 4.75, 4.375], "texture": "#0"},
				"south": {"uv": [0, 3.75, 0.5, 5.625], "texture": "#0"},
				"west": {"uv": [3.5, 4.5, 3.75, 6.375], "texture": "#0"},
				"up": {"uv": [1.5, 7, 1, 6.75], "texture": "#0"},
				"down": {"uv": [7.25, 1.75, 6.75, 2], "texture": "#0"}
			}
		},
		{
			"from": [6.6, 8.7, 7.7],
			"to": [9.4, 23, 8.3],
			"rotation": {"angle": 0, "axis": "y", "origin": [8, 9, 8]},
			"faces": {
				"north": {"uv": [2, 0, 2.75, 3.625], "texture": "#0"},
				"east": {"uv": [3.75, 4.5, 3.875, 8.125], "texture": "#0"},
				"south": {"uv": [2.75, 0, 3.5, 3.625], "texture": "#0"},
				"west": {"uv": [4, 4.5, 4.125, 8.125], "texture": "#0"},
				"up": {"uv": [7.5, 6.125, 6.75, 6], "texture": "#0"},
				"down": {"uv": [7.5, 6.25, 6.75, 6.375], "texture": "#0"}
			}
		},
		{
			"from": [6.1, 8.7, 8],
			"to": [9.9, 23, 8],
			"rotation": {"angle": 0, "axis": "y", "origin": [8, 9, 8]},
			"faces": {
				"north": {"uv": [0, 0, 1, 3.625], "texture": "#0"},
				"east": {"uv": [0, 0, 0, 3.625], "texture": "#0"},
				"south": {"uv": [1, 0, 2, 3.625], "texture": "#0"},
				"west": {"uv": [0, 0, 0, 3.625], "texture": "#0"},
				"up": {"uv": [1, 0, 0, 0], "texture": "#0"},
				"down": {"uv": [1, 0, 0, 0], "texture": "#0"}
			}
		},
		{
			"from": [7.503, 7.203, 8.003],
			"to": [11.297, 8.897, 7.997],
			"rotation": {"angle": -22.5, "axis": "z", "origin": [9.75, 7.9, 8]},
			"faces": {
				"north": {"uv": [1.25, 4.75, 2.25, 5.125], "texture": "#0"},
				"east": {"uv": [0, 0, 0, 0.375], "texture": "#0"},
				"south": {"uv": [4.75, 1.5, 5.75, 1.875], "texture": "#0"},
				"west": {"uv": [0, 0, 0, 0.375], "texture": "#0"},
				"up": {"uv": [1, 0, 0, 0], "texture": "#0"},
				"down": {"uv": [1, 0, 0, 0], "texture": "#0"}
			}
		},
		{
			"from": [10.27774, 7.0117, 7.397],
			"to": [11.28374, 10.8177, 8.603],
			"rotation": {"angle": -45, "axis": "z", "origin": [11.08074, 8.1647, 8]},
			"faces": {
				"north": {"uv": [3.25, 4.75, 3.5, 5.75], "texture": "#0"},
				"east": {"uv": [5.75, 3, 6, 4], "texture": "#0"},
				"south": {"uv": [5.75, 5.5, 6, 6.5], "texture": "#0"},
				"west": {"uv": [6, 3, 6.25, 4], "texture": "#0"},
				"up": {"uv": [5, 5.5, 4.75, 5.25], "texture": "#0"},
				"down": {"uv": [1.25, 5.5, 1, 5.75], "texture": "#0"}
			}
		},
		{
			"from": [10.98791, 6.96094, 7.994],
			"to": [11.99391, 10.36694, 8],
			"rotation": {"angle": -45, "axis": "z", "origin": [11.09091, 8.11394, 7.997]},
			"faces": {
				"north": {"uv": [5.5, 6, 5.75, 6.875], "texture": "#0"},
				"east": {"uv": [0, 0, 0, 0.875], "texture": "#0"},
				"south": {"uv": [2.75, 6.25, 3, 7.125], "texture": "#0"},
				"west": {"uv": [0, 0, 0, 0.875], "texture": "#0"},
				"up": {"uv": [0.25, 0, 0, 0], "texture": "#0"},
				"down": {"uv": [0.25, 0, 0, 0], "texture": "#0"}
			}
		},
		{
			"from": [9.97774, 7.0117, 7.997],
			"to": [11.58374, 11.1177, 8.003],
			"rotation": {"angle": -45, "axis": "z", "origin": [11.08074, 8.1647, 8]},
			"faces": {
				"north": {"uv": [4.75, 2, 5.125, 3], "texture": "#0"},
				"east": {"uv": [0, 0, 0, 1], "texture": "#0"},
				"south": {"uv": [2.25, 4.75, 2.625, 5.75], "texture": "#0"},
				"west": {"uv": [0, 0, 0, 1], "texture": "#0"},
				"up": {"uv": [0.375, 0, 0, 0], "texture": "#0"},
				"down": {"uv": [0.375, 0, 0, 0], "texture": "#0"}
			}
		},
		{
			"from": [11.27774, 7.0117, 7.497],
			"to": [11.68374, 10.1177, 8.503],
			"rotation": {"angle": -45, "axis": "z", "origin": [11.08074, 8.1647, 8]},
			"faces": {
				"north": {"uv": [2.5, 6.75, 2.625, 7.5], "texture": "#0"},
				"east": {"uv": [3.5, 6.5, 3.75, 7.25], "texture": "#0"},
				"south": {"uv": [6, 6.75, 6.125, 7.5], "texture": "#0"},
				"west": {"uv": [6.5, 5.5, 6.75, 6.25], "texture": "#0"},
				"up": {"uv": [5.375, 7.25, 5.25, 7], "texture": "#0"},
				"down": {"uv": [7.125, 5.25, 7, 5.5], "texture": "#0"}
			}
		},
		{
			"from": [7.5, 7.4, 7.4],
			"to": [10.9, 8.7, 8.6],
			"rotation": {"angle": -22.5, "axis": "z", "origin": [9.75, 7.9, 8]},
			"faces": {
				"north": {"uv": [5.5, 0, 6.375, 0.375], "texture": "#0"},
				"east": {"uv": [4.75, 4, 5, 4.375], "texture": "#0"},
				"south": {"uv": [5.5, 0.5, 6.375, 0.875], "texture": "#0"},
				"west": {"uv": [2.25, 6.75, 2.5, 7.125], "texture": "#0"},
				"up": {"uv": [7.125, 2.75, 6.25, 2.5], "texture": "#0"},
				"down": {"uv": [7.125, 2.75, 6.25, 3], "texture": "#0"}
			}
		},
		{
			"from": [4.00609, 6.96094, 7.994],
			"to": [5.01209, 10.36694, 8],
			"rotation": {"angle": 45, "axis": "z", "origin": [4.90909, 8.11394, 7.997]},
			"faces": {
				"north": {"uv": [3, 6.25, 3.25, 7.125], "texture": "#0"},
				"east": {"uv": [0, 0, 0, 0.875], "texture": "#0"},
				"south": {"uv": [3.25, 6.25, 3.5, 7.125], "texture": "#0"},
				"west": {"uv": [0, 0, 0, 0.875], "texture": "#0"},
				"up": {"uv": [0.25, 0, 0, 0], "texture": "#0"},
				"down": {"uv": [0.25, 0, 0, 0], "texture": "#0"}
			}
		},
		{
			"from": [4.41626, 7.0117, 7.997],
			"to": [6.02226, 11.1177, 8.003],
			"rotation": {"angle": 45, "axis": "z", "origin": [4.91926, 8.1647, 8]},
			"faces": {
				"north": {"uv": [2.75, 4.75, 3.125, 5.75], "texture": "#0"},
				"east": {"uv": [0, 0, 0, 1], "texture": "#0"},
				"south": {"uv": [5, 4, 5.375, 5], "texture": "#0"},
				"west": {"uv": [0, 0, 0, 1], "texture": "#0"},
				"up": {"uv": [0.375, 0, 0, 0], "texture": "#0"},
				"down": {"uv": [0.375, 0, 0, 0], "texture": "#0"}
			}
		},
		{
			"from": [4.31626, 7.0117, 7.497],
			"to": [4.72226, 10.1177, 8.503],
			"rotation": {"angle": 45, "axis": "z", "origin": [4.91926, 8.1647, 8]},
			"faces": {
				"north": {"uv": [7, 0, 7.125, 0.75], "texture": "#0"},
				"east": {"uv": [5.75, 6.5, 6, 7.25], "texture": "#0"},
				"south": {"uv": [0.5, 7, 0.625, 7.75], "texture": "#0"},
				"west": {"uv": [6.5, 6.25, 6.75, 7], "texture": "#0"},
				"up": {"uv": [5.625, 7.25, 5.5, 7], "texture": "#0"},
				"down": {"uv": [6.625, 7, 6.5, 7.25], "texture": "#0"}
			}
		},
		{
			"from": [4.71626, 7.0117, 7.397],
			"to": [5.72226, 10.8177, 8.603],
			"rotation": {"angle": 45, "axis": "z", "origin": [4.91926, 8.1647, 8]},
			"faces": {
				"north": {"uv": [4.75, 6, 5, 7], "texture": "#0"},
				"east": {"uv": [5, 6, 5.25, 7], "texture": "#0"},
				"south": {"uv": [6, 5, 6.25, 6], "texture": "#0"},
				"west": {"uv": [5.25, 6, 5.5, 7], "texture": "#0"},
				"up": {"uv": [5.25, 7.25, 5, 7], "texture": "#0"},
				"down": {"uv": [7.25, 5, 7, 5.25], "texture": "#0"}
			}
		},
		{
			"from": [4.703, 7.203, 8.003],
			"to": [8.497, 8.897, 7.997],
			"rotation": {"angle": 22.5, "axis": "z", "origin": [6.25, 7.9, 8]},
			"faces": {
				"north": {"uv": [4.75, 3, 5.75, 3.375], "texture": "#0"},
				"east": {"uv": [0, 0, 0, 0.375], "texture": "#0"},
				"south": {"uv": [4.75, 3.5, 5.75, 3.875], "texture": "#0"},
				"west": {"uv": [0, 0, 0, 0.375], "texture": "#0"},
				"up": {"uv": [1, 0, 0, 0], "texture": "#0"},
				"down": {"uv": [1, 0, 0, 0], "texture": "#0"}
			}
		},
		{
			"from": [5.1, 7.4, 7.4],
			"to": [8.5, 8.7, 8.6],
			"rotation": {"angle": 22.5, "axis": "z", "origin": [6.25, 7.9, 8]},
			"faces": {
				"north": {"uv": [5.5, 1, 6.375, 1.375], "texture": "#0"},
				"east": {"uv": [6.25, 6.75, 6.5, 7.125], "texture": "#0"},
				"south": {"uv": [5.5, 4, 6.375, 4.375], "texture": "#0"},
				"west": {"uv": [6.75, 6.5, 7, 6.875], "texture": "#0"},
				"up": {"uv": [7.125, 3.25, 6.25, 3], "texture": "#0"},
				"down": {"uv": [7.125, 3.25, 6.25, 3.5], "texture": "#0"}
			}
		},
		{
			"from": [9.66058, 5.68544, 7.597],
			"to": [13.06658, 6.99144, 8.403],
			"rotation": {"angle": 22.5, "axis": "z", "origin": [11.36358, 6.33844, 8]},
			"faces": {
				"north": {"uv": [5.5, 4.5, 6.375, 4.875], "texture": "#0"},
				"east": {"uv": [1.75, 7, 2, 7.375], "texture": "#0"},
				"south": {"uv": [4.75, 5.5, 5.625, 5.875], "texture": "#0"},
				"west": {"uv": [7, 2, 7.25, 2.375], "texture": "#0"},
				"up": {"uv": [7.125, 3.75, 6.25, 3.5], "texture": "#0"},
				"down": {"uv": [7.125, 3.75, 6.25, 4], "texture": "#0"}
			}
		},
		{
			"from": [8.64927, 5.04906, 7.6],
			"to": [9.94927, 8.44906, 8.4],
			"rotation": {"angle": 45, "axis": "z", "origin": [9.29927, 6.74906, 8]},
			"faces": {
				"north": {"uv": [4.25, 5.25, 4.625, 6.125], "texture": "#0"},
				"east": {"uv": [4.25, 6.25, 4.5, 7.125], "texture": "#0"},
				"south": {"uv": [0.5, 5.5, 0.875, 6.375], "texture": "#0"},
				"west": {"uv": [4.5, 6.25, 4.75, 7.125], "texture": "#0"},
				"up": {"uv": [1.125, 7.25, 0.75, 7], "texture": "#0"},
				"down": {"uv": [1.625, 7, 1.25, 7.25], "texture": "#0"}
			}
		},
		{
			"from": [2.73342, 5.48544, 7.997],
			"to": [6.63942, 7.19144, 8.003],
			"rotation": {"angle": -22.5, "axis": "z", "origin": [4.63642, 6.33844, 8]},
			"faces": {
				"north": {"uv": [5.25, 2, 6.25, 2.375], "texture": "#0"},
				"east": {"uv": [0, 0, 0, 0.375], "texture": "#0"},
				"south": {"uv": [5.25, 2.5, 6.25, 2.875], "texture": "#0"},
				"west": {"uv": [0, 0, 0, 0.375], "texture": "#0"},
				"up": {"uv": [1, 0, 0, 0], "texture": "#0"},
				"down": {"uv": [1, 0, 0, 0], "texture": "#0"}
			}
		},
		{
			"from": [5.98065, 4.90303, 8],
			"to": [7.78065, 8.70303, 8],
			"rotation": {"angle": -45, "axis": "z", "origin": [6.83065, 6.80303, 8]},
			"faces": {
				"north": {"uv": [4, 2.5, 4.5, 3.5], "texture": "#0"},
				"east": {"uv": [0, 0, 0, 1], "texture": "#0"},
				"south": {"uv": [4, 3.5, 4.5, 4.5], "texture": "#0"},
				"west": {"uv": [0, 0, 0, 1], "texture": "#0"},
				"up": {"uv": [0.5, 0, 0, 0], "texture": "#0"},
				"down": {"uv": [0.5, 0, 0, 0], "texture": "#0"}
			}
		},
		{
			"from": [2.93342, 5.68544, 7.597],
			"to": [6.33942, 6.99144, 8.403],
			"rotation": {"angle": -22.5, "axis": "z", "origin": [4.63642, 6.33844, 8]},
			"faces": {
				"north": {"uv": [1.5, 5.75, 2.375, 6.125], "texture": "#0"},
				"east": {"uv": [7, 4.5, 7.25, 4.875], "texture": "#0"},
				"south": {"uv": [5.75, 1.5, 6.625, 1.875], "texture": "#0"},
				"west": {"uv": [4.75, 7, 5, 7.375], "texture": "#0"},
				"up": {"uv": [7.375, 1.25, 6.5, 1], "texture": "#0"},
				"down": {"uv": [7.375, 1.25, 6.5, 1.5], "texture": "#0"}
			}
		},
		{
			"from": [6.05073, 5.04906, 7.6],
			"to": [7.35073, 8.44906, 8.4],
			"rotation": {"angle": -45, "axis": "z", "origin": [6.70073, 6.74906, 8]},
			"faces": {
				"north": {"uv": [0, 5.75, 0.375, 6.625], "texture": "#0"},
				"east": {"uv": [6.25, 5, 6.5, 5.875], "texture": "#0"},
				"south": {"uv": [1, 5.75, 1.375, 6.625], "texture": "#0"},
				"west": {"uv": [6.5, 0, 6.75, 0.875], "texture": "#0"},
				"up": {"uv": [7.375, 4.25, 7, 4], "texture": "#0"},
				"down": {"uv": [7.375, 4.25, 7, 4.5], "texture": "#0"}
			}
		},
		{
			"from": [9.36058, 5.48544, 7.997],
			"to": [13.26658, 7.19144, 8.003],
			"rotation": {"angle": 22.5, "axis": "z", "origin": [11.36358, 6.33844, 8]},
			"faces": {
				"north": {"uv": [5, 5, 6, 5.375], "texture": "#0"},
				"east": {"uv": [0, 0, 0, 0.375], "texture": "#0"},
				"south": {"uv": [1.25, 5.25, 2.25, 5.625], "texture": "#0"},
				"west": {"uv": [0, 0, 0, 0.375], "texture": "#0"},
				"up": {"uv": [1, 0, 0, 0], "texture": "#0"},
				"down": {"uv": [1, 0, 0, 0], "texture": "#0"}
			}
		},
		{
			"from": [8.21935, 4.90303, 8],
			"to": [10.01935, 8.70303, 8],
			"rotation": {"angle": 45, "axis": "z", "origin": [9.16935, 6.80303, 8]},
			"faces": {
				"north": {"uv": [2.5, 3.75, 3, 4.75], "texture": "#0"},
				"east": {"uv": [0, 0, 0, 1], "texture": "#0"},
				"south": {"uv": [3, 3.75, 3.5, 4.75], "texture": "#0"},
				"west": {"uv": [0, 0, 0, 1], "texture": "#0"},
				"up": {"uv": [0.5, 0, 0, 0], "texture": "#0"},
				"down": {"uv": [0.5, 0, 0, 0], "texture": "#0"}
			}
		},
		{
			"from": [6.3, -1.4, 7.6],
			"to": [8.8, 1.1, 8.4],
			"rotation": {"angle": 45, "axis": "z", "origin": [8, 0.3, 8]},
			"faces": {
				"north": {"uv": [0.5, 4.75, 1.125, 5.375], "texture": "#0"},
				"east": {"uv": [0, 6.75, 0.25, 7.375], "texture": "#0"},
				"south": {"uv": [4.75, 0.75, 5.375, 1.375], "texture": "#0"},
				"west": {"uv": [6.75, 0, 7, 0.625], "texture": "#0"},
				"up": {"uv": [7.375, 1, 6.75, 0.75], "texture": "#0"},
				"down": {"uv": [7.375, 1.5, 6.75, 1.75], "texture": "#0"}
			}
		}
	],
	"display": {
		"thirdperson_righthand": {
			"rotation": [0, 90, 0],
			"translation": [0, 1.5, 1.75],
			"scale": [0.8, 0.8, 0.8]
		},
		"thirdperson_lefthand": {
			"rotation": [0, 90, 0],
			"translation": [0, 1.5, 1.75],
			"scale": [0.8, 0.8, 0.8]
		},
		"firstperson_righthand": {
			"rotation": [15, 90, 0],
			"translation": [1.5, 2, 0.75],
			"scale": [0.6, 0.6, 0.6]
		},
		"firstperson_lefthand": {
			"rotation": [15, 90, 0],
			"translation": [1.5, 2, 0.75],
			"scale": [0.6, 0.6, 0.6]
		},
		"ground": {
			"rotation": [0, 0, 45],
			"scale": [0.6, 0.6, 0.6]
		},
		"gui": {
			"rotation": [0, 0, -45],
			"translation": [-1.75, -1.75, 0],
			"scale": [0.7, 0.7, 0.7]
		}
	}
}