{
	"credit": "Made with Blockbench",
	"texture_size": [64, 64],
	"textures": {
		"0": "item/dragon_rayser_texture",
		"particle": "item/dragon_rayser_texture"
	},
	"elements": [
		{
			"from": [6.9, 6.7, 7],
			"to": [9.1, 8.9, 9],
			"rotation": {"angle": -45, "axis": "z", "origin": [8, 7.8, 8]},
			"faces": {
				"north": {"uv": [4.5, 0, 5.0625, 0.5625], "texture": "#0"},
				"east": {"uv": [4.5, 0.75, 5, 1.3125], "texture": "#0"},
				"south": {"uv": [0.75, 4.5, 1.3125, 5.0625], "texture": "#0"},
				"west": {"uv": [2.5, 4.5, 3, 5.0625], "texture": "#0"},
				"up": {"uv": [3.5625, 5, 3, 4.5], "texture": "#0"},
				"down": {"uv": [5.0625, 3.5, 4.5, 4], "texture": "#0"}
			}
		},
		{
			"from": [4.7994, 7.4994, 7.2994],
			"to": [11.2006, 8.1006, 8.7006],
			"rotation": {"angle": 0, "axis": "z", "origin": [8, 7.8, 8]},
			"faces": {
				"north": {"uv": [5, 0.75, 6.59375, 0.90625], "texture": "#0"},
				"east": {"uv": [5.75, 0.25, 6.09375, 0.40625], "texture": "#0"},
				"south": {"uv": [5, 1, 6.59375, 1.15625], "texture": "#0"},
				"west": {"uv": [5.75, 0.5, 6.09375, 0.65625], "texture": "#0"},
				"up": {"uv": [5.09375, 1.84375, 3.5, 1.5], "texture": "#0"},
				"down": {"uv": [5.09375, 2, 3.5, 2.34375], "texture": "#0"}
			}
		},
		{
			"from": [3.30473, 8.11894, 7.2997],
			"to": [5.30533, 8.71954, 8.7003],
			"rotation": {"angle": -45, "axis": "z", "origin": [4.30503, 8.41924, 8]},
			"faces": {
				"north": {"uv": [1.25, 5.5, 1.75, 5.65625], "texture": "#0"},
				"east": {"uv": [5.75, 2.75, 6.09375, 2.90625], "texture": "#0"},
				"south": {"uv": [1.75, 5.5, 2.25, 5.65625], "texture": "#0"},
				"west": {"uv": [3, 5.75, 3.34375, 5.90625], "texture": "#0"},
				"up": {"uv": [5.75, 1.84375, 5.25, 1.5], "texture": "#0"},
				"down": {"uv": [5.75, 2, 5.25, 2.34375], "texture": "#0"}
			}
		},
		{
			"from": [10.69467, 8.11894, 7.2997],
			"to": [12.69527, 8.71954, 8.7003],
			"rotation": {"angle": 45, "axis": "z", "origin": [11.69497, 8.41924, 8]},
			"faces": {
				"north": {"uv": [5, 5.5, 5.5, 5.65625], "texture": "#0"},
				"east": {"uv": [5.75, 3, 6.09375, 3.15625], "texture": "#0"},
				"south": {"uv": [5.5, 5.25, 6, 5.40625], "texture": "#0"},
				"west": {"uv": [5.75, 3.25, 6.09375, 3.40625], "texture": "#0"},
				"up": {"uv": [3, 5.59375, 2.5, 5.25], "texture": "#0"},
				"down": {"uv": [5.75, 2.5, 5.25, 2.84375], "texture": "#0"}
			}
		},
		{
			"from": [11.65437, 8.72329, 7.3],
			"to": [12.25437, 10.72329, 8.7],
			"rotation": {"angle": 22.5, "axis": "z", "origin": [11.95437, 9.72329, 8]},
			"faces": {
				"north": {"uv": [3.75, 4.5, 3.90625, 5], "texture": "#0"},
				"east": {"uv": [5.25, 3, 5.59375, 3.5], "texture": "#0"},
				"south": {"uv": [4, 5, 4.15625, 5.5], "texture": "#0"},
				"west": {"uv": [5.25, 3.5, 5.59375, 4], "texture": "#0"},
				"up": {"uv": [2.15625, 6.09375, 2, 5.75], "texture": "#0"},
				"down": {"uv": [3.65625, 5.75, 3.5, 6.09375], "texture": "#0"}
			}
		},
		{
			"from": [3.74563, 8.72329, 7.3],
			"to": [4.34563, 10.72329, 8.7],
			"rotation": {"angle": -22.5, "axis": "z", "origin": [4.04563, 9.72329, 8]},
			"faces": {
				"north": {"uv": [2.25, 5.5, 2.40625, 6], "texture": "#0"},
				"east": {"uv": [5.25, 4, 5.59375, 4.5], "texture": "#0"},
				"south": {"uv": [4, 5.5, 4.15625, 6], "texture": "#0"},
				"west": {"uv": [5.25, 4.5, 5.59375, 5], "texture": "#0"},
				"up": {"uv": [5.90625, 3.84375, 5.75, 3.5], "texture": "#0"},
				"down": {"uv": [3.90625, 5.75, 3.75, 6.09375], "texture": "#0"}
			}
		},
		{
			"from": [5.6, 6.9, 7.3],
			"to": [10.4, 7.5, 8.7],
			"rotation": {"angle": 0, "axis": "y", "origin": [8, 7.8, 8]},
			"faces": {
				"north": {"uv": [5, 1.25, 6.1875, 1.40625], "texture": "#0"},
				"east": {"uv": [2.5, 5.75, 2.84375, 5.90625], "texture": "#0"},
				"south": {"uv": [5, 5, 6.1875, 5.15625], "texture": "#0"},
				"west": {"uv": [5.75, 2.5, 6.09375, 2.65625], "texture": "#0"},
				"up": {"uv": [1.6875, 4.34375, 0.5, 4], "texture": "#0"},
				"down": {"uv": [2.9375, 4, 1.75, 4.34375], "texture": "#0"}
			}
		},
		{
			"from": [4.8, 6.3, 8],
			"to": [11.2, 7.5, 8],
			"rotation": {"angle": 0, "axis": "y", "origin": [8, 7.8, 8]},
			"faces": {
				"north": {"uv": [3.5, 2.5, 5.09375, 2.8125], "texture": "#0"},
				"east": {"uv": [0, 0, 0, 0.3125], "texture": "#0"},
				"south": {"uv": [3.5, 3, 5.09375, 3.3125], "texture": "#0"},
				"west": {"uv": [0, 0, 0, 0.3125], "texture": "#0"},
				"up": {"uv": [1.59375, 0, 0, 0], "texture": "#0"},
				"down": {"uv": [1.59375, 0, 0, 0], "texture": "#0"}
			}
		},
		{
			"from": [6.5, 8.1, 7.3],
			"to": [9.5, 8.5, 8.7],
			"rotation": {"angle": 0, "axis": "y", "origin": [8, 8.3, 8]},
			"faces": {
				"north": {"uv": [5.5, 5.5, 6.25, 5.59375], "texture": "#0"},
				"east": {"uv": [4.5, 5.75, 4.84375, 5.84375], "texture": "#0"},
				"south": {"uv": [5.75, 0, 6.5, 0.09375], "texture": "#0"},
				"west": {"uv": [5.75, 4.5, 6.09375, 4.59375], "texture": "#0"},
				"up": {"uv": [5.25, 4.34375, 4.5, 4], "texture": "#0"},
				"down": {"uv": [5.25, 4.5, 4.5, 4.84375], "texture": "#0"}
			}
		},
		{
			"from": [7.2, 1.2, 7.5],
			"to": [8.8, 7.1, 8.5],
			"rotation": {"angle": 0, "axis": "y", "origin": [7, 1.2, 7]},
			"faces": {
				"north": {"uv": [3, 1.5, 3.40625, 2.96875], "texture": "#0"},
				"east": {"uv": [4, 3.5, 4.25, 4.96875], "texture": "#0"},
				"south": {"uv": [3, 3, 3.40625, 4.46875], "texture": "#0"},
				"west": {"uv": [4.25, 0, 4.5, 1.46875], "texture": "#0"},
				"up": {"uv": [5.65625, 0.75, 5.25, 0.5], "texture": "#0"},
				"down": {"uv": [5.40625, 5.25, 5, 5.5], "texture": "#0"}
			}
		},
		{
			"from": [7, -1.6, 7.3],
			"to": [9, 1.8, 8.7],
			"rotation": {"angle": 0, "axis": "y", "origin": [7, -0.2, 7]},
			"faces": {
				"north": {"uv": [3.5, 3.5, 4, 4.34375], "texture": "#0"},
				"east": {"uv": [1.5, 4.5, 1.84375, 5.34375], "texture": "#0"},
				"south": {"uv": [0, 4, 0.5, 4.84375], "texture": "#0"},
				"west": {"uv": [2, 4.5, 2.34375, 5.34375], "texture": "#0"},
				"up": {"uv": [5.75, 0.34375, 5.25, 0], "texture": "#0"},
				"down": {"uv": [1.25, 5.25, 0.75, 5.59375], "texture": "#0"}
			}
		},
		{
			"from": [5.5, -1.7, 8],
			"to": [10.5, 1.2, 8],
			"rotation": {"angle": 0, "axis": "y", "origin": [7, -0.2, 7]},
			"faces": {
				"north": {"uv": [3, 0, 4.25, 0.71875], "texture": "#0"},
				"east": {"uv": [0, 0, 0, 0.71875], "texture": "#0"},
				"south": {"uv": [3, 0.75, 4.25, 1.46875], "texture": "#0"},
				"west": {"uv": [0, 0, 0, 0.71875], "texture": "#0"},
				"up": {"uv": [1.25, 0, 0, 0], "texture": "#0"},
				"down": {"uv": [1.25, 0, 0, 0], "texture": "#0"}
			}
		},
		{
			"from": [7.44818, 23.37143, 7.8],
			"to": [8.64818, 26.37143, 8.2],
			"rotation": {"angle": 22.5, "axis": "z", "origin": [8.04818, 24.67143, 8]},
			"faces": {
				"north": {"uv": [0, 5, 0.3125, 5.75], "texture": "#0"},
				"east": {"uv": [0, 5.75, 0.09375, 6.5], "texture": "#0"},
				"south": {"uv": [3, 5, 3.3125, 5.75], "texture": "#0"},
				"west": {"uv": [0.25, 5.75, 0.34375, 6.5], "texture": "#0"},
				"up": {"uv": [6.0625, 4.84375, 5.75, 4.75], "texture": "#0"},
				"down": {"uv": [5.3125, 5.75, 5, 5.84375], "texture": "#0"}
			}
		},
		{
			"from": [8.67102, 23.25663, 8],
			"to": [8.97102, 26.95663, 8],
			"rotation": {"angle": 22.5, "axis": "z", "origin": [8.07102, 24.55663, 8]},
			"faces": {
				"north": {"uv": [1.25, 5.75, 1.3125, 6.6875], "texture": "#0"},
				"east": {"uv": [0, 0, 0, 0.9375], "texture": "#0"},
				"south": {"uv": [1.5, 5.75, 1.5625, 6.6875], "texture": "#0"},
				"west": {"uv": [0, 0, 0, 0.9375], "texture": "#0"},
				"up": {"uv": [0.0625, 0, 0, 0], "texture": "#0"},
				"down": {"uv": [0.0625, 0, 0, 0], "texture": "#0"}
			}
		},
		{
			"from": [6.92868, 23.25633, 7.9997],
			"to": [7.22928, 26.95693, 8.0003],
			"rotation": {"angle": -22.5, "axis": "z", "origin": [7.82898, 24.55663, 8]},
			"faces": {
				"north": {"uv": [5.75, 1.5, 5.8125, 2.4375], "texture": "#0"},
				"east": {"uv": [0, 0, 0, 0.9375], "texture": "#0"},
				"south": {"uv": [1.75, 5.75, 1.8125, 6.6875], "texture": "#0"},
				"west": {"uv": [0, 0, 0, 0.9375], "texture": "#0"},
				"up": {"uv": [0.0625, 0, 0, 0], "texture": "#0"},
				"down": {"uv": [0.0625, 0, 0, 0], "texture": "#0"}
			}
		},
		{
			"from": [7.25152, 23.37113, 7.7997],
			"to": [8.45212, 26.37173, 8.2003],
			"rotation": {"angle": -22.5, "axis": "z", "origin": [7.85182, 24.67143, 8]},
			"faces": {
				"north": {"uv": [3.5, 5, 3.8125, 5.75], "texture": "#0"},
				"east": {"uv": [0.75, 5.75, 0.84375, 6.5], "texture": "#0"},
				"south": {"uv": [4.5, 5, 4.8125, 5.75], "texture": "#0"},
				"west": {"uv": [1, 5.75, 1.09375, 6.5], "texture": "#0"},
				"up": {"uv": [5.8125, 5.84375, 5.5, 5.75], "texture": "#0"},
				"down": {"uv": [6.3125, 1.5, 6, 1.59375], "texture": "#0"}
			}
		},
		{
			"from": [6.7994, 8.3994, 7.7994],
			"to": [9.1006, 23.7006, 8.2006],
			"rotation": {"angle": 0, "axis": "y", "origin": [6.6, 8.4, 7]},
			"faces": {
				"north": {"uv": [1.5, 0, 2.0625, 3.8125], "texture": "#0"},
				"east": {"uv": [4.25, 3.5, 4.34375, 7.3125], "texture": "#0"},
				"south": {"uv": [2.25, 0, 2.8125, 3.8125], "texture": "#0"},
				"west": {"uv": [0.5, 4.5, 0.59375, 8.3125], "texture": "#0"},
				"up": {"uv": [6.3125, 4.09375, 5.75, 4], "texture": "#0"},
				"down": {"uv": [6.3125, 4.25, 5.75, 4.34375], "texture": "#0"}
			}
		},
		{
			"from": [6.4994, 8.3994, 7.9994],
			"to": [9.4006, 23.7006, 8.0006],
			"rotation": {"angle": 0, "axis": "y", "origin": [6.6, 8.4, 7]},
			"faces": {
				"north": {"uv": [0, 0, 0.71875, 3.8125], "texture": "#0"},
				"east": {"uv": [0, 0, 0, 3.8125], "texture": "#0"},
				"south": {"uv": [0.75, 0, 1.46875, 3.8125], "texture": "#0"},
				"west": {"uv": [0, 0, 0, 3.8125], "texture": "#0"},
				"up": {"uv": [0.71875, 0, 0, 0], "texture": "#0"},
				"down": {"uv": [0.71875, 0, 0, 0], "texture": "#0"}
			}
		}
	],
	"display": {
		"thirdperson_righthand": {
			"rotation": [0, 90, 0],
			"translation": [0, 1.5, 2],
			"scale": [0.8, 0.8, 0.8]
		},
		"thirdperson_lefthand": {
			"rotation": [0, 90, 0],
			"translation": [0, 1, 1.5],
			"scale": [0.8, 0.8, 0.8]
		},
		"firstperson_righthand": {
			"rotation": [0, 89.25, 13.5],
			"translation": [0, 0, 1.5],
			"scale": [0.7, 0.7, 0.7]
		},
		"firstperson_lefthand": {
			"rotation": [0, 85.5, 16],
			"translation": [0.25, 0.25, 1.25],
			"scale": [0.7, 0.7, 0.7]
		},
		"ground": {
			"rotation": [0, 0, 45],
			"translation": [0, 3.25, 0],
			"scale": [0.8, 0.8, 0.8]
		},
		"gui": {
			"rotation": [0, 0, -45],
			"translation": [-2, -2.25, 0],
			"scale": [0.8, 0.8, 0.8]
		}
	}
}