{
	"parent": "safety_helmet",
	"texture_size": [64, 64],
	"textures": {
		"0": "item/safety_helmet",
		"particle": "item/safety_helmet"
	},
	"elements": [
		{
			"from": [3.7, 5.7, 3.7],
			"to": [12.3, 9.3, 12.3],
			"faces": {
				"north": {"uv": [2, 5.5, 4, 6.25], "texture": "#0"},
				"east": {"uv": [0, 5.5, 2, 6.25], "texture": "#0"},
				"south": {"uv": [6, 5.5, 8, 6.25], "texture": "#0"},
				"west": {"uv": [4, 5.5, 6, 6.25], "texture": "#0"},
				"up": {"uv": [4, 5.5, 2, 3.5], "texture": "#0"},
				"down": {"uv": [6, 3.5, 4, 5.5], "texture": "#0"}
			}
		},
		{
			"from": [6.7, 5.7, 2.7],
			"to": [9.3, 10.3, 13.3],
			"faces": {
				"north": {"uv": [8, 6.25, 8.5, 7.25], "texture": "#0"},
				"east": {"uv": [5.5, 6.25, 8, 7.25], "texture": "#0"},
				"south": {"uv": [11, 6.25, 11.5, 7.25], "texture": "#0"},
				"west": {"uv": [8.5, 6.25, 11, 7.25], "texture": "#0"},
				"up": {"uv": [8.5, 6.25, 8, 3.75], "texture": "#0"},
				"down": {"uv": [9, 3.75, 8.5, 6.25], "texture": "#0"}
			}
		},
		{
			"from": [2.9, 4.9, 0.9],
			"to": [13.1, 6.1, 14.1],
			"faces": {
				"north": {"uv": [3.25, 3.25, 5.75, 3.5], "texture": "#0"},
				"east": {"uv": [0, 3.25, 3.25, 3.5], "texture": "#0"},
				"south": {"uv": [9, 3.25, 11.5, 3.5], "texture": "#0"},
				"west": {"uv": [5.75, 3.25, 9, 3.5], "texture": "#0"},
				"up": {"uv": [5.75, 3.25, 3.25, 0], "texture": "#0"},
				"down": {"uv": [8.25, 0, 5.75, 3.25], "texture": "#0"}
			}
		}
	],
	"display": {
		"thirdperson_righthand": {
			"rotation": [75, 45, 0],
			"translation": [0, 2.5, 0],
			"scale": [0.375, 0.375, 0.375]
		},
		"thirdperson_lefthand": {
			"rotation": [75, 45, 0],
			"translation": [0, 2.5, 0],
			"scale": [0.375, 0.375, 0.375]
		},
		"firstperson_righthand": {
			"rotation": [0, 0, 15],
			"translation": [1.13, 3.2, 1.13],
			"scale": [0.68, 0.68, 0.68]
		},
		"firstperson_lefthand": {
			"rotation": [0, 0, 15],
			"translation": [1.13, 3.2, 1.13],
			"scale": [0.68, 0.68, 0.68]
		},
		"ground": {
			"translation": [0, 3, 0],
			"scale": [0.25, 0.25, 0.25]
		},
		"gui": {
			"rotation": [30, 225, 0],
			"translation": [-0.25, 1, 0],
			"scale": [0.9, 0.9, 0.9]
		},
		"head": {
			"translation": [0, 6.25, 0],
			"scale": [1.6, 1.6, 1.6]
		},
		"fixed": {
			"translation": [0, 2, -1],
			"scale": [1.3, 1.3, 1.3]
		}
	},
	"groups": [
		0,
		1,
		2,
		{
			"name": "group",
			"origin": [8, 8, 8],
			"color": 0,
			"children": []
		}
	]
}