{"texture_size":[64,64],"elements":[{"from":[3.95,5.85,3.95],"to":[12.05,9.95,12.05],"rotation":{"angle":0,"axis":"y","origin":[8,7.9,8]},"faces":{"north":{"uv":[8,8.5,10,9.5],"texture":"#0"},"east":{"uv":[0,9,2,10],"texture":"#0"},"south":{"uv":[9,0,11,1],"texture":"#0"},"west":{"uv":[9,1,11,2],"texture":"#0"},"up":{"uv":[4,9,2,7],"texture":"#0"},"down":{"uv":[9,2,7,4],"texture":"#0"}}},{"from":[3.9,5.8,3.9],"to":[12.1,10,12.1],"rotation":{"angle":0,"axis":"y","origin":[8,7.9,8]},"faces":{"north":{"uv":[2,9,4,10],"texture":"#0"},"east":{"uv":[9,2,11,3],"texture":"#0"},"south":{"uv":[9,3,11,4],"texture":"#0"},"west":{"uv":[4,9,6,10],"texture":"#0"},"up":{"uv":[6,9,4,7],"texture":"#0"},"down":{"uv":[9,4,7,6],"texture":"#0"}}},{"from":[1,5.9,1],"to":[15,5.9,15],"rotation":{"angle":0,"axis":"y","origin":[8,5.5,8]},"faces":{"north":{"uv":[0,0,3.5,0],"texture":"#0"},"east":{"uv":[0,0,3.5,0],"texture":"#0"},"south":{"uv":[0,0,3.5,0],"texture":"#0"},"west":{"uv":[0,0,3.5,0],"texture":"#0"},"up":{"uv":[3.5,3.5,0,0],"texture":"#0"},"down":{"uv":[3.5,3.5,0,7],"texture":"#0"}}},{"from":[1,5.1,1],"to":[15,5.1,15],"rotation":{"angle":0,"axis":"y","origin":[8,10.5,8]},"faces":{"north":{"uv":[0,0,3.5,0],"texture":"#0"},"east":{"uv":[0,0,3.5,0],"texture":"#0"},"south":{"uv":[0,0,3.5,0],"texture":"#0"},"west":{"uv":[0,0,3.5,0],"texture":"#0"},"up":{"uv":[7,3.5,3.5,0],"texture":"#0"},"down":{"uv":[7,3.5,3.5,7],"texture":"#0"}}},{"from":[12.2,0.1,4],"to":[12.2,5.1,12],"rotation":{"angle":0,"axis":"y","origin":[8,5.5,8]},"faces":{"north":{"uv":[0,0,0,1.25],"texture":"#0"},"east":{"uv":[6,7,8,8.25],"texture":"#0"},"south":{"uv":[0,0,0,1.25],"texture":"#0"},"west":{"uv":[8,6,10,7.25],"texture":"#0"},"up":{"uv":[0,2,0,0],"texture":"#0"},"down":{"uv":[0,0,0,2],"texture":"#0"}}},{"from":[3.8,0.1,4],"to":[12.2,0.1,12],"rotation":{"angle":0,"axis":"y","origin":[8,5.5,8]},"faces":{"north":{"uv":[0,0,2,0],"texture":"#0"},"east":{"uv":[0,0,2,0],"texture":"#0"},"south":{"uv":[0,0,2,0],"texture":"#0"},"west":{"uv":[0,0,2,0],"texture":"#0"},"up":{"uv":[2,9,0,7],"texture":"#0"},"down":{"uv":[9,0,7,2],"texture":"#0"}}},{"from":[3.8,0.1,4],"to":[3.8,5.1,12],"rotation":{"angle":0,"axis":"y","origin":[8,5.5,8]},"faces":{"north":{"uv":[0,0,0,1.25],"texture":"#0"},"east":{"uv":[8,7.25,10,8.5],"texture":"#0"},"south":{"uv":[0,0,0,1.25],"texture":"#0"},"west":{"uv":[6,8.25,8,9.5],"texture":"#0"},"up":{"uv":[0,2,0,0],"texture":"#0"},"down":{"uv":[0,0,0,2],"texture":"#0"}}},{"from":[4.5,5,-0.44975],"to":[11.5,6,1.55025],"rotation":{"angle":-22.5,"axis":"y","origin":[8,6.5,8]},"faces":{"north":{"uv":[10,6,11.75,6.25],"texture":"#0"},"east":{"uv":[7,6,7.5,6.25],"texture":"#0"},"south":{"uv":[10,6.25,11.75,6.5],"texture":"#0"},"west":{"uv":[7,6.25,7.5,6.5],"texture":"#0"},"up":{"uv":[10.75,4.5,9,4],"texture":"#0"},"down":{"uv":[10.75,4.5,9,5],"texture":"#0"}}},{"from":[4.5,5,-0.44975],"to":[11.5,6,1.55025],"rotation":{"angle":22.5,"axis":"y","origin":[8,6.5,8]},"faces":{"north":{"uv":[10,6.5,11.75,6.75],"texture":"#0"},"east":{"uv":[7,6.5,7.5,6.75],"texture":"#0"},"south":{"uv":[10,6.75,11.75,7],"texture":"#0"},"west":{"uv":[7,6.75,7.5,7],"texture":"#0"},"up":{"uv":[10.75,5.5,9,5],"texture":"#0"},"down":{"uv":[10.75,5.5,9,6],"texture":"#0"}}},{"from":[-0.44975,5,4.5],"to":[1.55025,6,11.5],"rotation":{"angle":-22.5,"axis":"y","origin":[8,6.5,8]},"faces":{"north":{"uv":[7.5,6.5,8,6.75],"texture":"#0"},"east":{"uv":[10,7.5,11.75,7.75],"texture":"#0"},"south":{"uv":[7.5,6.75,8,7],"texture":"#0"},"west":{"uv":[10,7.75,11.75,8],"texture":"#0"},"up":{"uv":[7.5,11.25,7,9.5],"texture":"#0"},"down":{"uv":[8,9.5,7.5,11.25],"texture":"#0"}}},{"from":[-0.44975,5,4.5],"to":[1.55025,6,11.5],"rotation":{"angle":22.5,"axis":"y","origin":[8,6.5,8]},"faces":{"north":{"uv":[7.5,6,8,6.25],"texture":"#0"},"east":{"uv":[10,7,11.75,7.25],"texture":"#0"},"south":{"uv":[7.5,6.25,8,6.5],"texture":"#0"},"west":{"uv":[10,7.25,11.75,7.5],"texture":"#0"},"up":{"uv":[6.5,11.25,6,9.5],"texture":"#0"},"down":{"uv":[7,9.5,6.5,11.25],"texture":"#0"}}},{"from":[4.5,5,14.44975],"to":[11.5,6,16.44975],"rotation":{"angle":22.5,"axis":"y","origin":[8,6.5,8]},"faces":{"north":{"uv":[10,9.25,11.75,9.5],"texture":"#0"},"east":{"uv":[11,3.75,11.5,4],"texture":"#0"},"south":{"uv":[9.75,10,11.5,10.25],"texture":"#0"},"west":{"uv":[4.25,11,4.75,11.25],"texture":"#0"},"up":{"uv":[3.75,10.5,2,10],"texture":"#0"},"down":{"uv":[5.5,10,3.75,10.5],"texture":"#0"}}},{"from":[14.44975,5,4.5],"to":[16.44975,6,11.5],"rotation":{"angle":22.5,"axis":"y","origin":[8,6.5,8]},"faces":{"north":{"uv":[11,3.5,11.5,3.75],"texture":"#0"},"east":{"uv":[10,8.75,11.75,9],"texture":"#0"},"south":{"uv":[3.75,11,4.25,11.25],"texture":"#0"},"west":{"uv":[10,9,11.75,9.25],"texture":"#0"},"up":{"uv":[1.5,11.75,1,10],"texture":"#0"},"down":{"uv":[2,10,1.5,11.75],"texture":"#0"}}},{"from":[14.44975,5,4.5],"to":[16.44975,6,11.5],"rotation":{"angle":-22.5,"axis":"y","origin":[8,6.5,8]},"faces":{"north":{"uv":[3.25,11,3.75,11.25],"texture":"#0"},"east":{"uv":[10,8.25,11.75,8.5],"texture":"#0"},"south":{"uv":[11,3.25,11.5,3.5],"texture":"#0"},"west":{"uv":[10,8.5,11.75,8.75],"texture":"#0"},"up":{"uv":[0.5,11.75,0,10],"texture":"#0"},"down":{"uv":[1,10,0.5,11.75],"texture":"#0"}}},{"from":[4.5,5,14.44975],"to":[11.5,6,16.44975],"rotation":{"angle":-22.5,"axis":"y","origin":[8,6.5,8]},"faces":{"north":{"uv":[8,10,9.75,10.25],"texture":"#0"},"east":{"uv":[2.25,11,2.75,11.25],"texture":"#0"},"south":{"uv":[10,8,11.75,8.25],"texture":"#0"},"west":{"uv":[2.75,11,3.25,11.25],"texture":"#0"},"up":{"uv":[9.75,10,8,9.5],"texture":"#0"},"down":{"uv":[11.5,9.5,9.75,10],"texture":"#0"}}},{"from":[15.43975,4.99,4.49],"to":[16.45975,6.01,11.51],"rotation":{"angle":22.5,"axis":"y","origin":[8,6.5,8]},"faces":{"north":{"uv":[11.25,2,11.5,2.25],"texture":"#0"},"east":{"uv":[11,1,12.75,1.25],"texture":"#0"},"south":{"uv":[2.25,11.25,2.5,11.5],"texture":"#0"},"west":{"uv":[11,1.25,12.75,1.5],"texture":"#0"},"up":{"uv":[11.25,3.25,11,1.5],"texture":"#0"},"down":{"uv":[2.25,11,2,12.75],"texture":"#0"}}},{"from":[4.49,4.99,-0.45975],"to":[11.51,6.01,0.56025],"rotation":{"angle":-22.5,"axis":"y","origin":[8,6.5,8]},"faces":{"north":{"uv":[11,0,12.75,0.25],"texture":"#0"},"east":{"uv":[11.25,1.5,11.5,1.75],"texture":"#0"},"south":{"uv":[11,0.25,12.75,0.5],"texture":"#0"},"west":{"uv":[11.25,1.75,11.5,2],"texture":"#0"},"up":{"uv":[12.75,0.75,11,0.5],"texture":"#0"},"down":{"uv":[12.75,0.75,11,1],"texture":"#0"}}},{"from":[4.49,4.99,-0.45975],"to":[11.51,6.01,0.56025],"rotation":{"angle":22.5,"axis":"y","origin":[8,6.5,8]},"faces":{"north":{"uv":[10.75,5.5,12.5,5.75],"texture":"#0"},"east":{"uv":[10.75,11,11,11.25],"texture":"#0"},"south":{"uv":[10.75,5.75,12.5,6],"texture":"#0"},"west":{"uv":[11,11,11.25,11.25],"texture":"#0"},"up":{"uv":[10.75,11,9,10.75],"texture":"#0"},"down":{"uv":[12.5,10.75,10.75,11],"texture":"#0"}}},{"from":[-0.45975,4.99,4.49],"to":[0.56025,6.01,11.51],"rotation":{"angle":-22.5,"axis":"y","origin":[8,6.5,8]},"faces":{"north":{"uv":[10.25,11,10.5,11.25],"texture":"#0"},"east":{"uv":[10.75,5,12.5,5.25],"texture":"#0"},"south":{"uv":[10.5,11,10.75,11.25],"texture":"#0"},"west":{"uv":[10.75,5.25,12.5,5.5],"texture":"#0"},"up":{"uv":[8.75,12.5,8.5,10.75],"texture":"#0"},"down":{"uv":[9,10.75,8.75,12.5],"texture":"#0"}}},{"from":[-0.45975,4.99,4.49],"to":[0.56025,6.01,11.51],"rotation":{"angle":22.5,"axis":"y","origin":[8,6.5,8]},"faces":{"north":{"uv":[9.75,11,10,11.25],"texture":"#0"},"east":{"uv":[10.75,4.5,12.5,4.75],"texture":"#0"},"south":{"uv":[10,11,10.25,11.25],"texture":"#0"},"west":{"uv":[10.75,4.75,12.5,5],"texture":"#0"},"up":{"uv":[8.25,12.5,8,10.75],"texture":"#0"},"down":{"uv":[8.5,10.75,8.25,12.5],"texture":"#0"}}},{"from":[4.49,4.99,15.43975],"to":[11.51,6.01,16.45975],"rotation":{"angle":-22.5,"axis":"y","origin":[8,6.5,8]},"faces":{"north":{"uv":[2,10.75,3.75,11],"texture":"#0"},"east":{"uv":[9.25,11,9.5,11.25],"texture":"#0"},"south":{"uv":[3.75,10.75,5.5,11],"texture":"#0"},"west":{"uv":[9.5,11,9.75,11.25],"texture":"#0"},"up":{"uv":[12.5,4.25,10.75,4],"texture":"#0"},"down":{"uv":[12.5,4.25,10.75,4.5],"texture":"#0"}}},{"from":[4.49,4.99,15.43975],"to":[11.51,6.01,16.45975],"rotation":{"angle":22.5,"axis":"y","origin":[8,6.5,8]},"faces":{"north":{"uv":[2,10.5,3.75,10.75],"texture":"#0"},"east":{"uv":[5.25,11,5.5,11.25],"texture":"#0"},"south":{"uv":[3.75,10.5,5.5,10.75],"texture":"#0"},"west":{"uv":[9,11,9.25,11.25],"texture":"#0"},"up":{"uv":[9.75,10.75,8,10.5],"texture":"#0"},"down":{"uv":[11.5,10.5,9.75,10.75],"texture":"#0"}}},{"from":[15.43975,4.99,4.49],"to":[16.45975,6.01,11.51],"rotation":{"angle":-22.5,"axis":"y","origin":[8,6.5,8]},"faces":{"north":{"uv":[4.75,11,5,11.25],"texture":"#0"},"east":{"uv":[8,10.25,9.75,10.5],"texture":"#0"},"south":{"uv":[5,11,5.25,11.25],"texture":"#0"},"west":{"uv":[9.75,10.25,11.5,10.5],"texture":"#0"},"up":{"uv":[5.75,11.75,5.5,10],"texture":"#0"},"down":{"uv":[6,10,5.75,11.75],"texture":"#0"}}}],"gui_light":"front","display":{"thirdperson_righthand":{"rotation":[0,-140,0],"translation":[0,2.75,0],"scale":[0.8,0.8,0.8]},"thirdperson_lefthand":{"rotation":[0,-140,0],"translation":[0,2.75,0],"scale":[0.8,0.8,0.8]},"firstperson_righthand":{"rotation":[0,-140,0],"translation":[3.5,2.75,0.5],"scale":[0.8,0.8,0.8]},"firstperson_lefthand":{"rotation":[0,-140,0],"translation":[3.5,2.75,0.5],"scale":[0.8,0.8,0.8]},"ground":{"rotation":[-5,2,15],"translation":[0,2.25,0],"scale":[0.8,0.8,0.8]},"gui":{"rotation":[22.5,-45,0],"scale":[0.8,0.8,0.8]},"head":{"rotation":[4,180,0],"translation":[0,6.25,0],"scale":[1.84,1.84,1.84]},"fixed":{"rotation":[0,180,0]}}}