{"texture_size":[64,64],"elements":[{"from":[3,0,3],"to":[13,8,5],"rotation":{"angle":0,"axis":"y","origin":[7,0,7]},"faces":{"north":{"uv":[0,4.5,2.5,6.5],"texture":"#0"},"east":{"uv":[1,9.5,0.5,11.5],"texture":"#0"},"south":{"uv":[2.5,4.5,5,6.5],"texture":"#0"},"west":{"uv":[0.5,9.5,1,11.5],"texture":"#0"},"up":{"uv":[2.5,8.5,0,8],"texture":"#0"},"down":{"uv":[5,8,2.5,8.5],"texture":"#0"}}},{"from":[3,2,2.9],"to":[13,7,2.9],"rotation":{"angle":0,"axis":"y","origin":[7,0,7]},"faces":{"north":{"uv":[12.5,2.75,15,5],"texture":"#0"},"east":{"uv":[0,9.5,0.5,11.5],"texture":"#0"},"south":{"uv":[2.5,4.5,5,6.5],"texture":"#0"},"west":{"uv":[0.5,9.5,1,11.5],"texture":"#0"},"up":{"uv":[2.5,8.5,0,8],"texture":"#0"},"down":{"uv":[5,8,2.5,8.5],"texture":"#0"}}},{"from":[4,-5,3],"to":[8,0,3],"rotation":{"angle":0,"axis":"y","origin":[7,0,7]},"faces":{"north":{"uv":[10.75,6,11.75,7.25],"texture":"#0"},"east":{"uv":[0,0,0,1],"texture":"#0"},"south":{"uv":[11.75,6,10.75,7.25],"texture":"#0"},"west":{"uv":[0,0,0,1],"texture":"#0"},"up":{"uv":[1,0,0,0],"texture":"#0"},"down":{"uv":[1,0,0,0],"texture":"#0"}}},{"from":[3,3,5],"to":[13,5,13],"rotation":{"angle":0,"axis":"y","origin":[7,0,7]},"faces":{"north":{"uv":[0,9,2.5,9.5],"texture":"#0"},"east":{"uv":[7,9.5,9,10],"texture":"#0"},"south":{"uv":[2.5,9,5,9.5],"texture":"#0"},"west":{"uv":[9,9.5,11,10],"texture":"#0"},"up":{"uv":[7.5,6,5,4],"texture":"#0"},"down":{"uv":[7.5,6,5,8],"texture":"#0"}}},{"from":[3,8,-1],"to":[13,9,5],"rotation":{"angle":0,"axis":"y","origin":[7,0,7]},"faces":{"north":{"uv":[9.5,9,12,9.25],"texture":"#0"},"east":{"uv":[9.75,1.5,11.25,1.75],"texture":"#0"},"south":{"uv":[9.5,9.25,12,9.5],"texture":"#0"},"west":{"uv":[9.75,1.75,11.25,2],"texture":"#0"},"up":{"uv":[2.5,8,0,6.5],"texture":"#0"},"down":{"uv":[5,6.5,2.5,8],"texture":"#0"}}},{"from":[3,7.5,5],"to":[13,9.5,13],"rotation":{"angle":0,"axis":"y","origin":[7,0,7]},"faces":{"north":{"uv":[5,8,7.5,8.5],"texture":"#0"},"east":{"uv":[1,9.5,3,10],"texture":"#0"},"south":{"uv":[7.5,8,10,8.5],"texture":"#0"},"west":{"uv":[3,9.5,5,10],"texture":"#0"},"up":{"uv":[7.25,2,4.75,0],"texture":"#0"},"down":{"uv":[7.25,2,4.75,4],"texture":"#0"}}},{"from":[3.5,9,3.5],"to":[12.5,12,12.5],"rotation":{"angle":0,"axis":"y","origin":[7,0,7]},"faces":{"north":{"uv":[7.5,4,9.75,4.75],"texture":"#0"},"east":{"uv":[7.5,5,9.75,5.75],"texture":"#0"},"south":{"uv":[7.5,6,9.75,6.75],"texture":"#0"},"west":{"uv":[7.5,7,9.75,7.75],"texture":"#0"},"up":{"uv":[4.75,2.25,2.5,0],"texture":"#0"},"down":{"uv":[4.75,2.25,2.5,4.5],"texture":"#0"}}},{"from":[3,11,3],"to":[13,13,12],"rotation":{"angle":0,"axis":"y","origin":[7,0,7]},"faces":{"north":{"uv":[0,8.5,2.5,9],"texture":"#0"},"east":{"uv":[5,9,7.25,9.5],"texture":"#0"},"south":{"uv":[2.5,8.5,5,9],"texture":"#0"},"west":{"uv":[7.25,9,9.5,9.5],"texture":"#0"},"up":{"uv":[2.5,2.25,0,0],"texture":"#0"},"down":{"uv":[2.5,2.25,0,4.5],"texture":"#0"}}},{"from":[3,13,9],"to":[13,14,13],"rotation":{"angle":0,"axis":"y","origin":[7,0,7]},"faces":{"north":{"uv":[9.75,0,12.25,0.25],"texture":"#0"},"east":{"uv":[9.75,2,10.75,2.25],"texture":"#0"},"south":{"uv":[9.75,0.25,12.25,0.5],"texture":"#0"},"west":{"uv":[9.75,2.25,10.75,2.5],"texture":"#0"},"up":{"uv":[9.75,1,7.25,0],"texture":"#0"},"down":{"uv":[9.75,1,7.25,2],"texture":"#0"}}},{"from":[3,11,12],"to":[13,13,13],"rotation":{"angle":0,"axis":"y","origin":[7,0,7]},"faces":{"north":{"uv":[5,8.5,7.5,9],"texture":"#0"},"east":{"uv":[4.75,4,5,4.5],"texture":"#0"},"south":{"uv":[7.5,8.5,10,9],"texture":"#0"},"west":{"uv":[9.75,5.5,10,6],"texture":"#0"},"up":{"uv":[12.25,1.25,9.75,1],"texture":"#0"},"down":{"uv":[12.25,1.25,9.75,1.5],"texture":"#0"}}},{"from":[3,13,3],"to":[13,14,7],"rotation":{"angle":0,"axis":"y","origin":[7,0,7]},"faces":{"north":{"uv":[9.75,0.5,12.25,0.75],"texture":"#0"},"east":{"uv":[9.75,5,10.75,5.25],"texture":"#0"},"south":{"uv":[9.75,0.75,12.25,1],"texture":"#0"},"west":{"uv":[9.75,5.25,10.75,5.5],"texture":"#0"},"up":{"uv":[9.75,3,7.25,2],"texture":"#0"},"down":{"uv":[9.75,3,7.25,4],"texture":"#0"}}},{"from":[6,9,2.5],"to":[10,13,3.5],"rotation":{"angle":0,"axis":"y","origin":[7,0,7]},"faces":{"north":{"uv":[5,9.5,6,10.5],"texture":"#0"},"east":{"uv":[9.75,2.5,10,3.5],"texture":"#0"},"south":{"uv":[6,9.5,7,10.5],"texture":"#0"},"west":{"uv":[9.75,3.5,10,4.5],"texture":"#0"},"up":{"uv":[10.75,4.75,9.75,4.5],"texture":"#0"},"down":{"uv":[10.75,4.75,9.75,5],"texture":"#0"}}}],"gui_light":"front","display":{"gui":{"rotation":[-155.5,39.25,-180],"translation":[0.5,2,0],"scale":[0.66,0.66,0.66]},"head":{"translation":[0,5,0],"scale":[1.61,1.61,1.61]}}}